{
"type": "FeatureCollection",
"name": "adm_3",
"crs": { "type": "name", "properties": { "name": "urn:ogc:def:crs:OGC:1.3:CRS84" } },
"features": [
{ "type": "Feature", "properties": { "country": "Netherlands", "name": null, "type": null, "count": 1, "first_date": "2023-11-26", "last_date": "2023-11-26" }, "geometry": { "type": "Polygon", "coordinates": [ [ [ 6.051250935000041, 52.269824981000113 ], [ 6.038013935000095, 52.269889831000114 ], [ 6.03656721100009, 52.271694183000022 ], [ 6.039568902000042, 52.276165008000191 ], [ 6.036637783000117, 52.277076721000071 ], [ 5.996887207000043, 52.274570466000057 ], [ 5.999949933000153, 52.284454346000018 ], [ 5.998500823000143, 52.286231995000151 ], [ 5.989651203000165, 52.284477235000054 ], [ 5.988138200000094, 52.280891419000056 ], [ 5.980696201000114, 52.273742677000087 ], [ 5.965974808, 52.272911072999989 ], [ 5.942461014000116, 52.274803162000126 ], [ 5.886467933000063, 52.265140534000182 ], [ 5.867266177999966, 52.256233216000055 ], [ 5.861423969000043, 52.260738373000038 ], [ 5.857087136000132, 52.268833162000192 ], [ 5.855671882000081, 52.275119781000171 ], [ 5.858664035000118, 52.280494691000058 ], [ 5.85283708500009, 52.286796571000139 ], [ 5.851443767000092, 52.295780182000101 ], [ 5.847147941000117, 52.304851532000157 ], [ 5.85744476300016, 52.308326722000118 ], [ 5.876721859000156, 52.32262039200009 ], [ 5.887150765000058, 52.335151672000052 ], [ 5.871110916000134, 52.352260589000196 ], [ 5.879985809000175, 52.355819703000122 ], [ 5.918632985000102, 52.387092591000055 ], [ 5.958581925000033, 52.398601532999976 ], [ 5.96442079600007, 52.393192292000151 ], [ 5.999639989000059, 52.378677369000116 ], [ 6.024600982999971, 52.37048339800009 ], [ 6.042242050000084, 52.366809845000148 ], [ 6.040744782000161, 52.365020752000191 ], [ 6.04514312800012, 52.363204956000061 ], [ 6.049575806000064, 52.36408233700007 ], [ 6.049479962000134, 52.356903076000151 ], [ 6.059856891000095, 52.361339569000165 ], [ 6.081975937000095, 52.362121583000032 ], [ 6.084961892000138, 52.364799499000071 ], [ 6.098176956000032, 52.361141205000081 ], [ 6.102546216000064, 52.357524872999988 ], [ 6.095125198000119, 52.353977203999989 ], [ 6.086269856000172, 52.353122712000186 ], [ 6.083298206000165, 52.35134506300011 ], [ 6.084618091000038, 52.340568543000188 ], [ 6.081532001000141, 52.33070755100016 ], [ 6.060924053000122, 52.331710816000111 ], [ 6.060851097000125, 52.326328278000119 ], [ 6.042758942000034, 52.295001983000134 ], [ 6.051372051000101, 52.27880096399997 ], [ 6.051250935000041, 52.269824981000113 ] ] ] } },
{ "type": "Feature", "properties": { "country": "Netherlands", "name": null, "type": null, "count": 1, "first_date": "2023-11-26", "last_date": "2023-11-26" }, "geometry": { "type": "Polygon", "coordinates": [ [ [ 5.857087136000132, 52.268833162000192 ], [ 5.849726201000124, 52.267959596000026 ], [ 5.829178811000133, 52.273410797000167 ], [ 5.817389011000046, 52.270751954000161 ], [ 5.779148102000136, 52.270858764000081 ], [ 5.755601883000111, 52.269126893000077 ], [ 5.754148007000083, 52.271820069000171 ], [ 5.761546134000184, 52.278087616000107 ], [ 5.761578083000074, 52.28257370100016 ], [ 5.751321792999988, 52.288883209000119 ], [ 5.749915122000061, 52.298759461000145 ], [ 5.754384994000077, 52.306827545000147 ], [ 5.757404805000078, 52.317588806000174 ], [ 5.711822032000043, 52.328464509000185 ], [ 5.717730046000156, 52.33114623900002 ], [ 5.719235897000146, 52.333942413000102 ], [ 5.71874380100013, 52.338035584000124 ], [ 5.711890220000157, 52.340137483000035 ], [ 5.710452079999982, 52.346420288000047 ], [ 5.704601766000167, 52.353610992000085 ], [ 5.704561234000039, 52.356548310000107 ], [ 5.701182843000026, 52.361911773000088 ], [ 5.684101105000082, 52.378784179000036 ], [ 5.695898056000146, 52.378761293000139 ], [ 5.706233978000057, 52.38143539500004 ], [ 5.709202766000033, 52.385017396000194 ], [ 5.72249078699997, 52.387683869000114 ], [ 5.763917923, 52.406433105000133 ], [ 5.765367986, 52.40283966100003 ], [ 5.777116776000071, 52.39562988300014 ], [ 5.794850827000062, 52.400070191 ], [ 5.797781945000111, 52.397369385 ], [ 5.818476200000021, 52.40269470200019 ], [ 5.824369908000051, 52.401779174000126 ], [ 5.827282905000118, 52.397281646000124 ], [ 5.828704834000121, 52.390995026000098 ], [ 5.872651100000041, 52.359436035000044 ], [ 5.878563880000058, 52.361209870000152 ], [ 5.882959843000037, 52.358501434000061 ], [ 5.871110916000134, 52.352260589000196 ], [ 5.887150765000058, 52.335151672000052 ], [ 5.876721859000156, 52.32262039200009 ], [ 5.85744476300016, 52.308326722000118 ], [ 5.847147941000117, 52.304851532000157 ], [ 5.851443767000092, 52.295780182000101 ], [ 5.85283708500009, 52.286796571000139 ], [ 5.858664035000118, 52.280494691000058 ], [ 5.855671882000081, 52.275119781000171 ], [ 5.857087136000132, 52.268833162000192 ] ] ] } },
{ "type": "Feature", "properties": { "country": "Netherlands", "name": null, "type": null, "count": 1, "first_date": "2023-11-26", "last_date": "2023-11-26" }, "geometry": { "type": "Polygon", "coordinates": [ [ [ 5.963686944000074, 52.073646546000134 ], [ 5.953487873000086, 52.078178405000187 ], [ 5.958135129000027, 52.100601196000127 ], [ 5.918573857000183, 52.100757599000019 ], [ 5.89079618400018, 52.107147218000136 ], [ 5.87192010900003, 52.126060486000085 ], [ 5.866271972000163, 52.149417878000179 ], [ 5.853094102000114, 52.152156830000138 ], [ 5.816421033000097, 52.152271270000028 ], [ 5.816545964, 52.167530060000104 ], [ 5.809287071000085, 52.177425386000095 ], [ 5.81962680800001, 52.185474396000131 ], [ 5.806495190000135, 52.195384980000142 ], [ 5.799238205000165, 52.197185517000037 ], [ 5.758030892000079, 52.194618224000124 ], [ 5.737566948000108, 52.209030152000139 ], [ 5.734697819000132, 52.219806672000061 ], [ 5.747926236000183, 52.220672608000086 ], [ 5.749419213000181, 52.224262238000108 ], [ 5.74506282700014, 52.232349397000178 ], [ 5.737714768000103, 52.232364655000026 ], [ 5.736290931000156, 52.239551545000097 ], [ 5.733373164000056, 52.243148803000054 ], [ 5.7672209750001, 52.248451234000072 ], [ 5.755601883000111, 52.269126893000077 ], [ 5.758549214000027, 52.270015717000092 ], [ 5.817389011000046, 52.270751954000161 ], [ 5.829178811000133, 52.273410797000167 ], [ 5.849726201000124, 52.267959596000026 ], [ 5.857087136000132, 52.268833162000192 ], [ 5.861423969000043, 52.260738373000038 ], [ 5.867266177999966, 52.256233216000055 ], [ 5.886467933000063, 52.265140534000182 ], [ 5.942461014000116, 52.274803162000126 ], [ 5.965974808, 52.272911072999989 ], [ 5.980696201000114, 52.273742677000087 ], [ 5.988138200000094, 52.280891419000056 ], [ 5.989651203000165, 52.284477235000054 ], [ 5.998500823000143, 52.286231995000151 ], [ 5.999949933000153, 52.284454346000018 ], [ 5.996887207000043, 52.274570466000057 ], [ 6.014562130000058, 52.276283264000028 ], [ 6.039568902000042, 52.276165008000191 ], [ 6.03656721100009, 52.271694183000022 ], [ 6.038013935000095, 52.269889831000114 ], [ 6.04388523200015, 52.268962860000102 ], [ 6.042378902000053, 52.266277314000092 ], [ 6.04529619300007, 52.26446914700017 ], [ 6.045259952000038, 52.261775971000077 ], [ 6.043753148000064, 52.259090423000089 ], [ 6.039342879000117, 52.259113311000021 ], [ 6.039215088000105, 52.253643035000039 ], [ 6.036273003000133, 52.249252319 ], [ 6.036142827000162, 52.239379884000186 ], [ 6.043408870000178, 52.233062743000062 ], [ 6.041926860000103, 52.232170106000183 ], [ 6.041831970999965, 52.224990845000093 ], [ 6.049177170000121, 52.224956513000052 ], [ 6.055018901000039, 52.222232818000066 ], [ 6.060650825000096, 52.2042541510001 ], [ 6.066413880000084, 52.196144103000165 ], [ 6.062008859000173, 52.19616699200003 ], [ 6.057446003000109, 52.184520721000183 ], [ 6.067622184000186, 52.17728805500019 ], [ 6.070496082000147, 52.17278671300005 ], [ 6.074747086000173, 52.161994935000109 ], [ 6.071752071000049, 52.157520294000165 ], [ 6.08190584100015, 52.149391175000176 ], [ 6.086167812999975, 52.139492036000149 ], [ 6.077268124, 52.132358552000028 ], [ 6.059575080000172, 52.125267029000042 ], [ 6.055102825000063, 52.119903565000186 ], [ 6.047714234000068, 52.115451812000174 ], [ 6.043247222000105, 52.110088348000147 ], [ 6.040208817000178, 52.102024078000113 ], [ 6.041604042000017, 52.096633910000151 ], [ 6.038661002000083, 52.095748901000036 ], [ 6.025325775000113, 52.084144592000087 ], [ 6.01641512000009, 52.074310304000164 ], [ 5.997443198000099, 52.079784393000011 ], [ 5.975453853000147, 52.078086853000059 ], [ 5.963686944000074, 52.073646546000134 ] ] ] } },
{ "type": "Feature", "properties": { "country": "Netherlands", "name": null, "type": null, "count": 1, "first_date": "2023-11-26", "last_date": "2023-11-26" }, "geometry": { "type": "Polygon", "coordinates": [ [ [ 5.754148007000083, 52.271820069000171 ], [ 5.7672209750001, 52.248451234000072 ], [ 5.726018905000046, 52.242267609000123 ], [ 5.717183113000146, 52.239593507000052 ], [ 5.690734863999978, 52.241443634000063 ], [ 5.687799931000086, 52.242343903000062 ], [ 5.680507181999985, 52.25312805100009 ], [ 5.668765069000017, 52.257637025000122 ], [ 5.655643939000129, 52.267486573000042 ], [ 5.645300864999967, 52.27203750700005 ], [ 5.627663136000024, 52.275653839000086 ], [ 5.617364883000107, 52.275669097000105 ], [ 5.61737203600012, 52.277462006000064 ], [ 5.593840123, 52.279285431 ], [ 5.561494827000047, 52.287395477000132 ], [ 5.554146766000031, 52.291889190000063 ], [ 5.558588981000128, 52.30265808200005 ], [ 5.565972805000172, 52.312526704000163 ], [ 5.565979958000128, 52.315219880000086 ], [ 5.582210063, 52.326869964000139 ], [ 5.588088036000102, 52.322376251000037 ], [ 5.599859238000079, 52.319671631000062 ], [ 5.614356995000094, 52.31965255800003 ], [ 5.629342079000082, 52.327713013 ], [ 5.636702061000108, 52.326805116000116 ], [ 5.677820206000092, 52.303398131999984 ], [ 5.683700084000066, 52.301593782000111 ], [ 5.692593098000089, 52.313243866000164 ], [ 5.711822032000043, 52.328464509000185 ], [ 5.757404805000078, 52.317588806000174 ], [ 5.754384994000077, 52.306827545000147 ], [ 5.749915122000061, 52.298759461000145 ], [ 5.751321792999988, 52.288883209000119 ], [ 5.761578083000074, 52.28257370100016 ], [ 5.761546134000184, 52.278087616000107 ], [ 5.754148007000083, 52.271820069000171 ] ] ] } },
{ "type": "Feature", "properties": { "country": "Netherlands", "name": null, "type": null, "count": 1, "first_date": "2023-11-26", "last_date": "2023-11-26" }, "geometry": { "type": "Polygon", "coordinates": [ [ [ 5.711822032000043, 52.328464509000185 ], [ 5.692593098000089, 52.313243866000164 ], [ 5.683700084000066, 52.301593782000111 ], [ 5.677820206000092, 52.303398131999984 ], [ 5.636702061000108, 52.326805116000116 ], [ 5.629342079000082, 52.327713013 ], [ 5.614356995000094, 52.31965255800003 ], [ 5.599859238000079, 52.319671631000062 ], [ 5.588088036000102, 52.322376251000037 ], [ 5.582210063, 52.326869964000139 ], [ 5.607397079000123, 52.338508607000108 ], [ 5.617618085000117, 52.347476959000176 ], [ 5.62067318000004, 52.35467147900016 ], [ 5.624041081000087, 52.356075287000124 ], [ 5.625078202000168, 52.358268738000163 ], [ 5.620660782000073, 52.362655641000174 ], [ 5.63267898600003, 52.357482911000091 ], [ 5.638310910000087, 52.361873627000136 ], [ 5.650129796000101, 52.367305756000064 ], [ 5.654540061999967, 52.368103028000121 ], [ 5.660181045000172, 52.365909575999979 ], [ 5.685043812, 52.378116608000141 ], [ 5.701182843000026, 52.361911773000088 ], [ 5.704561234000039, 52.356548310000107 ], [ 5.704601766000167, 52.353610992000085 ], [ 5.710452079999982, 52.346420288000047 ], [ 5.711890220000157, 52.340137483000035 ], [ 5.71874380100013, 52.338035584000124 ], [ 5.719235897000146, 52.333942413000102 ], [ 5.717730046000156, 52.33114623900002 ], [ 5.711822032000043, 52.328464509000185 ] ] ] } },
{ "type": "Feature", "properties": { "country": "Germany", "name": "Faßberg", "type": "Einheitsgemeinde", "count": 1, "first_date": "2023-08-09", "last_date": "2023-08-09" }, "geometry": { "type": "Polygon", "coordinates": [ [ [ 10.28092193599997, 52.881542206000177 ], [ 10.262353896000036, 52.876968384000065 ], [ 10.263311386, 52.872840882000162 ], [ 10.254102707000072, 52.874423982000053 ], [ 10.239036561000148, 52.869682312000123 ], [ 10.239046097000028, 52.868003846000192 ], [ 10.242679597000119, 52.866561891000117 ], [ 10.24247169500012, 52.864044190000129 ], [ 10.251781463000043, 52.858203889000151 ], [ 10.267424584000025, 52.854934693000189 ], [ 10.264415741, 52.849514007000039 ], [ 10.271889686000122, 52.84795761200013 ], [ 10.272683143000165, 52.846508026000095 ], [ 10.254162788000144, 52.842483520000144 ], [ 10.258768081000085, 52.833541871000079 ], [ 10.194590567999967, 52.842319490000079 ], [ 10.193360328000153, 52.844097138000109 ], [ 10.185111046999964, 52.843105316999981 ], [ 10.167789460000051, 52.85016250700005 ], [ 10.156711578000056, 52.850021363000053 ], [ 10.148134232000189, 52.854808808000143 ], [ 10.141380310000045, 52.856101991000116 ], [ 10.134822845000087, 52.853359222000108 ], [ 10.126849174000142, 52.853107453000177 ], [ 10.116104126000153, 52.857292176000101 ], [ 10.115417481000122, 52.861057281000171 ], [ 10.096508980000124, 52.85926818900009 ], [ 10.085706711000114, 52.85634613000019 ], [ 10.074287414000025, 52.857620239000141 ], [ 10.07291221700001, 52.858459474000028 ], [ 10.076171875000114, 52.864002228000174 ], [ 10.073850631000028, 52.86436081 ], [ 10.074957848000111, 52.866695404999973 ], [ 10.085311890000071, 52.863609315000076 ], [ 10.086399079000046, 52.864952088000109 ], [ 10.082599640000183, 52.875865937000071 ], [ 10.073110581000094, 52.881374360000109 ], [ 10.067347526000106, 52.888496399000132 ], [ 10.068665505000013, 52.890514373000087 ], [ 10.061286927000026, 52.891056061000143 ], [ 10.05939674300015, 52.898735046000184 ], [ 10.066900252999972, 52.902339935000157 ], [ 10.070119858, 52.9061203 ], [ 10.076624871000092, 52.905433655000138 ], [ 10.083351135999976, 52.908061981000174 ], [ 10.083268165000163, 52.905788422000114 ], [ 10.086365700000044, 52.905349731000115 ], [ 10.085064889000137, 52.902915955000026 ], [ 10.085911751000026, 52.901409149000017 ], [ 10.086606026000027, 52.903453827000078 ], [ 10.089241027000185, 52.903091430000075 ], [ 10.088615418000188, 52.90165329000007 ], [ 10.091975212000023, 52.901733399000022 ], [ 10.097947120000129, 52.903976441000168 ], [ 10.101322173000028, 52.902259826000147 ], [ 10.104822159000094, 52.903278351000154 ], [ 10.118825913000023, 52.898521424000137 ], [ 10.119704247000072, 52.900108338000166 ], [ 10.11723327600015, 52.912506104000101 ], [ 10.126350403000174, 52.912464141999976 ], [ 10.124533653000128, 52.914516448000143 ], [ 10.132159233000095, 52.91148376600006 ], [ 10.135487556000101, 52.915073394000046 ], [ 10.152235031000146, 52.914375306000011 ], [ 10.152000428000179, 52.916034699000079 ], [ 10.156644821000157, 52.916637420000143 ], [ 10.163032532000102, 52.93703460800009 ], [ 10.192137718000083, 52.929901124000139 ], [ 10.19088459000011, 52.922740936000139 ], [ 10.213279724000188, 52.928565979000098 ], [ 10.213870049000093, 52.926959991000103 ], [ 10.222762108000154, 52.92762756500008 ], [ 10.237126819000025, 52.936298080000086 ], [ 10.246656, 52.932083 ], [ 10.24432659200005, 52.929107667000153 ], [ 10.250005723000186, 52.921833038000159 ], [ 10.271216392000042, 52.904811859 ], [ 10.28092193599997, 52.881542206000177 ] ] ] } },
{ "type": "Feature", "properties": { "country": "Germany", "name": "Südheide", "type": "Einheitsgemeinde", "count": 1, "first_date": "2023-08-09", "last_date": "2023-08-09" }, "geometry": { "type": "Polygon", "coordinates": [ [ [ 10.130979538000133, 52.745353699000134 ], [ 10.124810219000096, 52.745029449000128 ], [ 10.123438835000172, 52.740314485000056 ], [ 10.114892959000031, 52.736244202000194 ], [ 10.100850106000166, 52.737930298000094 ], [ 10.091166497000131, 52.737331390000065 ], [ 10.080011367000168, 52.74213028000014 ], [ 10.080671310000128, 52.745990754000161 ], [ 10.094271660000118, 52.747959138000112 ], [ 10.092207908000091, 52.753086091000057 ], [ 10.103346825000017, 52.762260438000169 ], [ 10.084470748000115, 52.762767792000091 ], [ 10.082798005000143, 52.771114351000108 ], [ 10.07002925900008, 52.772380829999975 ], [ 10.068574906000094, 52.773838043000069 ], [ 10.073081017000163, 52.776687622000168 ], [ 10.069869994000101, 52.784088134 ], [ 10.064052581999988, 52.79148864800004 ], [ 10.053962708000029, 52.797447205000026 ], [ 10.054032325000037, 52.799930573000154 ], [ 10.056891441000175, 52.801280975000168 ], [ 10.025435447, 52.800182343000188 ], [ 10.023781777000181, 52.803585052000074 ], [ 10.025586129000033, 52.804096222000112 ], [ 10.025844574000018, 52.807746887000121 ], [ 10.032988548000162, 52.811264037000115 ], [ 10.040604591000147, 52.819553376000044 ], [ 10.03782177, 52.820236205000185 ], [ 10.037841796000066, 52.829776765000133 ], [ 10.035526275000052, 52.836925507000103 ], [ 10.029288292000047, 52.839885711000079 ], [ 10.019089699000062, 52.847972870000149 ], [ 10.017560958000161, 52.846492768000076 ], [ 10.01625728700003, 52.850280763000058 ], [ 10.010738373000095, 52.85384750500009 ], [ 10.010285377000059, 52.857170106000126 ], [ 10.008128166, 52.858863830000132 ], [ 10.003675460000011, 52.858520509000016 ], [ 9.991103173000113, 52.862873078000177 ], [ 9.991469383000037, 52.867271424000137 ], [ 9.999647141000025, 52.869346619000169 ], [ 9.999000548000083, 52.873947144000056 ], [ 10.017107009000142, 52.885593415000073 ], [ 10.033984185000179, 52.891269684000179 ], [ 10.034360885000069, 52.89290619000019 ], [ 10.05939674300015, 52.898735046000184 ], [ 10.061286927000026, 52.891056061000143 ], [ 10.068665505000013, 52.890514373000087 ], [ 10.067347526000106, 52.888496399000132 ], [ 10.073110581000094, 52.881374360000109 ], [ 10.082599640000183, 52.875865937000071 ], [ 10.086399079000046, 52.864952088000109 ], [ 10.085311890000071, 52.863609315000076 ], [ 10.074957848000111, 52.866695404999973 ], [ 10.073850631000028, 52.86436081 ], [ 10.076171875000114, 52.864002228000174 ], [ 10.07291221700001, 52.858459474000028 ], [ 10.074287414000025, 52.857620239000141 ], [ 10.085706711000114, 52.85634613000019 ], [ 10.096508980000124, 52.85926818900009 ], [ 10.115417481000122, 52.861057281000171 ], [ 10.116104126000153, 52.857292176000101 ], [ 10.126849174000142, 52.853107453000177 ], [ 10.134822845000087, 52.853359222000108 ], [ 10.141380310000045, 52.856101991000116 ], [ 10.148134232000189, 52.854808808000143 ], [ 10.156711578000056, 52.850021363000053 ], [ 10.167789460000051, 52.85016250700005 ], [ 10.185111046999964, 52.843105316999981 ], [ 10.193360328000153, 52.844097138000109 ], [ 10.194590567999967, 52.842319490000079 ], [ 10.258768081000085, 52.833541871000079 ], [ 10.254162788000144, 52.842483520000144 ], [ 10.272683143000165, 52.846508026000095 ], [ 10.271889686000122, 52.84795761200013 ], [ 10.264415741, 52.849514007000039 ], [ 10.267424584000025, 52.854934693000189 ], [ 10.251781463000043, 52.858203889000151 ], [ 10.24247169500012, 52.864044190000129 ], [ 10.242679597000119, 52.866561891000117 ], [ 10.239046097000028, 52.868003846000192 ], [ 10.239036561000148, 52.869682312000123 ], [ 10.254102707000072, 52.874423982000053 ], [ 10.263311386, 52.872840882000162 ], [ 10.262353896000036, 52.876968384000065 ], [ 10.28092193599997, 52.881542206000177 ], [ 10.282962799000188, 52.877483368000071 ], [ 10.298279762000163, 52.868637086000149 ], [ 10.305406571, 52.874954224000078 ], [ 10.310042381000073, 52.873134614000151 ], [ 10.311226980000129, 52.874141837000082 ], [ 10.312140464000038, 52.872425080000028 ], [ 10.308924000000161, 52.871517 ], [ 10.303151131000106, 52.865589143000136 ], [ 10.308361054000102, 52.862522126000101 ], [ 10.3182926180001, 52.861736297 ], [ 10.316450148000058, 52.854190889999984 ], [ 10.32246666400016, 52.846393856000077 ], [ 10.313722001000031, 52.84265100000016 ], [ 10.318554999000071, 52.837067001000094 ], [ 10.320961953000108, 52.83670043900014 ], [ 10.329094886000064, 52.841388704000167 ], [ 10.342807769, 52.843231200000048 ], [ 10.364706040000101, 52.839878083000144 ], [ 10.385281562000046, 52.806705476000161 ], [ 10.369866372, 52.801536561000148 ], [ 10.360795022000104, 52.803630829000042 ], [ 10.348690032000093, 52.803543091000108 ], [ 10.345473289000097, 52.806991577000133 ], [ 10.347234726000067, 52.808101654000041 ], [ 10.343090057000097, 52.809570313000165 ], [ 10.34635543800016, 52.813484191000157 ], [ 10.326782225999978, 52.821407318000183 ], [ 10.311801911000146, 52.804931641000053 ], [ 10.307301522000046, 52.805984497000111 ], [ 10.300464630000135, 52.798789978000173 ], [ 10.299612045000174, 52.797088623000036 ], [ 10.301217080000185, 52.796443940000074 ], [ 10.29972267200003, 52.795516967000026 ], [ 10.295502662000047, 52.797271729000045 ], [ 10.296207428000116, 52.79866409400006 ], [ 10.284167291000188, 52.80373382700003 ], [ 10.282160759000078, 52.807666779000044 ], [ 10.284902573000068, 52.811298371000134 ], [ 10.280158043000085, 52.813491822000174 ], [ 10.257741927999973, 52.774265289000027 ], [ 10.256197930000155, 52.774631501000158 ], [ 10.25690937100012, 52.777427674000137 ], [ 10.252397537000036, 52.780906677000132 ], [ 10.211853027000188, 52.783367157000157 ], [ 10.201151848, 52.781200409000121 ], [ 10.201416968999979, 52.782722473000092 ], [ 10.19038486400018, 52.783718109000063 ], [ 10.19385623900007, 52.786678315000188 ], [ 10.191593170000147, 52.790550231999987 ], [ 10.185674668000161, 52.789642334 ], [ 10.181159019, 52.799911500000064 ], [ 10.168210983, 52.789562225000054 ], [ 10.165487290000158, 52.788944244000163 ], [ 10.167529106000188, 52.77959823600014 ], [ 10.170168877000037, 52.775531768000121 ], [ 10.16042232500007, 52.774299622000115 ], [ 10.160570144000133, 52.772483825000108 ], [ 10.14962005600006, 52.766025543000069 ], [ 10.151755334000143, 52.759521485000164 ], [ 10.144401549000179, 52.749279023000156 ], [ 10.139805794000154, 52.74746704000006 ], [ 10.132097245000125, 52.750049591000163 ], [ 10.130019188000063, 52.74680709900008 ], [ 10.130979538000133, 52.745353699000134 ] ] ] } },
{ "type": "Feature", "properties": { "country": "Denmark", "name": null, "type": null, "count": 1, "first_date": "2023-11-26", "last_date": "2023-11-26" }, "geometry": { "type": "MultiPolygon", "coordinates": [ [ [ [ 11.59083399900004, 54.648193000000106 ], [ 11.601388999000108, 54.646252001 ], [ 11.603055001000087, 54.644306 ], [ 11.600833, 54.64374900100006 ], [ 11.59083399900004, 54.648193000000106 ] ] ], [ [ [ 11.573055, 54.652637000000141 ], [ 11.580277, 54.65097 ], [ 11.580277, 54.649582000000123 ], [ 11.576389, 54.650139000000195 ], [ 11.573055, 54.652637000000141 ] ] ], [ [ [ 11.659723, 54.654861 ], [ 11.657501, 54.650139000000195 ], [ 11.654723, 54.64986 ], [ 11.657501, 54.65514 ], [ 11.659723, 54.654861 ] ] ], [ [ [ 11.601945, 54.654503000000147 ], [ 11.600279, 54.652084 ], [ 11.595835, 54.653751000000113 ], [ 11.600279, 54.65514 ], [ 11.601945, 54.654503000000147 ] ] ], [ [ [ 11.831944000000135, 54.717083000000116 ], [ 11.835278, 54.714306 ], [ 11.830834, 54.715694000000155 ], [ 11.831944000000135, 54.717083000000116 ] ] ], [ [ [ 11.830278000000135, 54.718193000000156 ], [ 11.8291660000001, 54.716526 ], [ 11.82694400000014, 54.71764 ], [ 11.828056000000117, 54.719028000000151 ], [ 11.830278000000135, 54.718193000000156 ] ] ], [ [ [ 11.855834, 54.726250000000107 ], [ 11.865832, 54.725140000000124 ], [ 11.86805500000014, 54.721527000000151 ], [ 11.8652790000001, 54.720974 ], [ 11.854168, 54.724861 ], [ 11.855834, 54.726250000000107 ] ] ], [ [ [ 11.861944, 54.731251 ], [ 11.8652790000001, 54.731529 ], [ 11.8652790000001, 54.730972000000179 ], [ 11.861388, 54.729027 ], [ 11.861944, 54.731251 ] ] ], [ [ [ 11.828056000000117, 54.967640000000188 ], [ 11.836388000000113, 54.96347 ], [ 11.83861, 54.959862 ], [ 11.841389000000163, 54.958752000000175 ], [ 11.849721000000159, 54.957359 ], [ 11.850277000000176, 54.959305 ], [ 11.853056, 54.960415000000125 ], [ 11.854722, 54.95958300000018 ], [ 11.854168, 54.956528 ], [ 11.865832, 54.951805 ], [ 11.865832, 54.95041700000013 ], [ 11.878055, 54.944305000000156 ], [ 11.873055, 54.940971000000161 ], [ 11.873611, 54.939583 ], [ 11.879721, 54.937084 ], [ 11.884166000000164, 54.93264 ], [ 11.889722000000177, 54.931805 ], [ 11.887500000000159, 54.925713000000144 ], [ 11.890278000000137, 54.92263800000012 ], [ 11.900833, 54.918472 ], [ 11.915834, 54.916527 ], [ 11.920279000000164, 54.917641000000174 ], [ 11.920833000000187, 54.919304000000125 ], [ 11.918057, 54.92013900000012 ], [ 11.918613000000164, 54.922916 ], [ 11.915834, 54.924026 ], [ 11.923611000000164, 54.922916 ], [ 11.925277000000165, 54.924862 ], [ 11.924723000000142, 54.939583 ], [ 11.935278, 54.935974 ], [ 11.943054, 54.936527000000183 ], [ 11.953611, 54.939861000000121 ], [ 11.961944000000187, 54.939861000000121 ], [ 11.974723, 54.937084 ], [ 11.98143, 54.932983 ], [ 11.980833, 54.93013800000017 ], [ 11.978611, 54.929306 ], [ 11.978611, 54.925694000000192 ], [ 11.980833, 54.923752 ], [ 11.980277, 54.918194 ], [ 11.982499, 54.913750000000107 ], [ 11.988612000000103, 54.908749 ], [ 11.987500000000125, 54.903751 ], [ 11.989166000000125, 54.901249000000178 ], [ 11.999166, 54.896805 ], [ 12.032501, 54.891544 ], [ 12.049166000000127, 54.892639 ], [ 12.051944000000105, 54.889584 ], [ 12.05805700000019, 54.888748000000191 ], [ 12.064167, 54.891529 ], [ 12.079722, 54.89319600000016 ], [ 12.09639, 54.888474 ], [ 12.120834000000116, 54.887085 ], [ 12.121387, 54.877083000000141 ], [ 12.127500000000111, 54.867638 ], [ 12.139723000000174, 54.859585 ], [ 12.145833, 54.852638 ], [ 12.1575, 54.847084000000109 ], [ 12.159722, 54.841805000000136 ], [ 12.166389000000152, 54.835140000000195 ], [ 12.160276, 54.827915000000132 ], [ 12.141389000000174, 54.824585000000127 ], [ 12.139723000000174, 54.822083 ], [ 12.135279, 54.822918 ], [ 12.133057, 54.8218040000001 ], [ 12.131388000000129, 54.817085 ], [ 12.129166000000112, 54.815418000000136 ], [ 12.128056000000129, 54.807919 ], [ 12.118055, 54.8004150000001 ], [ 12.101388, 54.793472000000122 ], [ 12.08472300000011, 54.790138000000127 ], [ 12.073612, 54.781250000000171 ], [ 12.066943, 54.778473 ], [ 12.053057, 54.763748000000135 ], [ 12.043612000000167, 54.759583000000134 ], [ 12.040277, 54.756248 ], [ 12.034167, 54.747917000000143 ], [ 12.024722, 54.729584000000102 ], [ 12.02194400000019, 54.728748 ], [ 12.015834, 54.722084 ], [ 11.996388, 54.713749000000121 ], [ 11.984721, 54.706528 ], [ 11.972501, 54.694862000000114 ], [ 11.963610000000187, 54.677361000000133 ], [ 11.960278000000187, 54.664585000000159 ], [ 11.960278000000187, 54.648193000000106 ], [ 11.963056000000165, 54.637638 ], [ 11.963056000000165, 54.625137000000109 ], [ 11.971388000000161, 54.591805000000136 ], [ 11.971944000000121, 54.580971 ], [ 11.974723, 54.575974 ], [ 11.974723, 54.565693 ], [ 11.971944000000121, 54.55930700000016 ], [ 11.968610000000126, 54.559029 ], [ 11.935834, 54.570415000000139 ], [ 11.924167000000182, 54.5718040000001 ], [ 11.923611000000164, 54.573471 ], [ 11.918613000000164, 54.57486 ], [ 11.921945000000164, 54.580418000000179 ], [ 11.920279000000164, 54.582638 ], [ 11.922499000000187, 54.587917000000175 ], [ 11.921389, 54.592640000000131 ], [ 11.914722, 54.603748000000166 ], [ 11.915278000000114, 54.605141000000117 ], [ 11.898057, 54.619583 ], [ 11.890278000000137, 54.630974 ], [ 11.873611, 54.644028000000105 ], [ 11.866945000000101, 54.656528 ], [ 11.86805500000014, 54.663471000000186 ], [ 11.877499000000114, 54.678471000000116 ], [ 11.878055, 54.689026 ], [ 11.889722000000177, 54.695694000000174 ], [ 11.891388000000177, 54.699028000000169 ], [ 11.900277, 54.704029 ], [ 11.903611, 54.709583 ], [ 11.910834, 54.713749000000121 ], [ 11.910834, 54.718193000000156 ], [ 11.9075, 54.719582000000116 ], [ 11.899723, 54.719028000000151 ], [ 11.869723, 54.72736 ], [ 11.869723, 54.732082 ], [ 11.875277, 54.734028 ], [ 11.874167000000114, 54.740696 ], [ 11.883056000000181, 54.745693000000188 ], [ 11.88361, 54.748196000000121 ], [ 11.874167000000114, 54.753750000000139 ], [ 11.871945, 54.757362 ], [ 11.865832, 54.760971 ], [ 11.859168, 54.770973 ], [ 11.861388, 54.77264 ], [ 11.860834, 54.775139 ], [ 11.846945000000176, 54.784027 ], [ 11.836388000000113, 54.78653 ], [ 11.830834, 54.796528 ], [ 11.811388, 54.79902600000014 ], [ 11.793055, 54.809307000000103 ], [ 11.79416700000013, 54.811806000000104 ], [ 11.806388, 54.816528000000176 ], [ 11.808610000000158, 54.822083 ], [ 11.814723, 54.827362 ], [ 11.814167, 54.832085 ], [ 11.808610000000158, 54.832916 ], [ 11.806388, 54.835140000000195 ], [ 11.800278, 54.834862000000101 ], [ 11.804722, 54.836529 ], [ 11.806944000000158, 54.841251000000113 ], [ 11.80583200000018, 54.844307000000185 ], [ 11.801944, 54.846806000000186 ], [ 11.790833000000134, 54.848473 ], [ 11.783054, 54.853474000000176 ], [ 11.768055000000174, 54.85374800000011 ], [ 11.760833, 54.856251 ], [ 11.754722000000129, 54.855694 ], [ 11.754722000000129, 54.857361 ], [ 11.75861, 54.860695 ], [ 11.753056000000129, 54.866249 ], [ 11.753612, 54.869862 ], [ 11.749722000000133, 54.870972 ], [ 11.755278, 54.875973000000101 ], [ 11.755834000000107, 54.882637000000102 ], [ 11.745278000000155, 54.886806 ], [ 11.741389, 54.890415 ], [ 11.739723, 54.895138 ], [ 11.741945, 54.902084000000116 ], [ 11.752500000000111, 54.909584 ], [ 11.755834000000107, 54.914585000000102 ], [ 11.754722000000129, 54.919582 ], [ 11.748612, 54.924862 ], [ 11.746944000000155, 54.928749 ], [ 11.728610000000174, 54.93013800000017 ], [ 11.70972300000011, 54.929306 ], [ 11.704723000000115, 54.931805 ], [ 11.705276, 54.934029 ], [ 11.71249900000015, 54.936527000000183 ], [ 11.720278000000178, 54.944027 ], [ 11.725832, 54.944027 ], [ 11.728610000000174, 54.941528 ], [ 11.737501, 54.942360000000122 ], [ 11.739723, 54.947083000000134 ], [ 11.730832, 54.948471 ], [ 11.731945, 54.951527000000112 ], [ 11.743611, 54.960693 ], [ 11.755278, 54.961807000000192 ], [ 11.773056, 54.960972 ], [ 11.776946, 54.956776000000104 ], [ 11.785832, 54.953472 ], [ 11.790833000000134, 54.947918000000129 ], [ 11.796389, 54.944584000000134 ], [ 11.800278, 54.936806000000161 ], [ 11.808056, 54.938473 ], [ 11.813611, 54.937916000000143 ], [ 11.815833, 54.942360000000122 ], [ 11.819167, 54.944305000000156 ], [ 11.823055, 54.944305000000156 ], [ 11.826390000000117, 54.95041700000013 ], [ 11.828612000000135, 54.955971 ], [ 11.828612000000135, 54.960972 ], [ 11.823055, 54.963196 ], [ 11.821389, 54.966526 ], [ 11.828056000000117, 54.967640000000188 ] ] ], [ [ [ 11.554659000000186, 54.681412000000137 ], [ 11.569697, 54.695217000000127 ], [ 11.572437, 54.708591 ], [ 11.573719000000153, 54.707504 ], [ 11.579159000000118, 54.708332 ], [ 11.573913, 54.714241000000186 ], [ 11.578271, 54.716358000000184 ], [ 11.573167000000126, 54.716675000000123 ], [ 11.578308, 54.720116 ], [ 11.575809, 54.721607000000176 ], [ 11.572391, 54.721096000000159 ], [ 11.570179000000167, 54.723202000000185 ], [ 11.577736000000129, 54.726276000000155 ], [ 11.582314, 54.725227000000189 ], [ 11.583683000000178, 54.727222 ], [ 11.582483, 54.72839 ], [ 11.57647, 54.728363000000172 ], [ 11.57808, 54.739029000000187 ], [ 11.585814, 54.739204 ], [ 11.58551000000017, 54.740784 ], [ 11.573072, 54.745823 ], [ 11.567554, 54.757313 ], [ 11.562143000000162, 54.76075400000019 ], [ 11.558157, 54.761879000000192 ], [ 11.552069, 54.758755000000178 ], [ 11.544475, 54.759361 ], [ 11.547844000000111, 54.76276 ], [ 11.541113, 54.773689 ], [ 11.554985000000158, 54.783081000000152 ], [ 11.551490000000172, 54.792782 ], [ 11.543406, 54.791874 ], [ 11.543037, 54.800636000000111 ], [ 11.536678000000109, 54.803692000000183 ], [ 11.548055000000147, 54.829029000000105 ], [ 11.550277000000165, 54.82930400000015 ], [ 11.554721000000143, 54.829029000000105 ], [ 11.565832, 54.823750000000132 ], [ 11.575279, 54.825974000000144 ], [ 11.59027, 54.826527 ], [ 11.598057, 54.823471000000154 ], [ 11.600279, 54.819584 ], [ 11.606389, 54.815693000000181 ], [ 11.619722, 54.812084 ], [ 11.606389, 54.818748 ], [ 11.599167, 54.825695000000167 ], [ 11.594166000000143, 54.826527 ], [ 11.592500000000143, 54.830696 ], [ 11.575279, 54.834026 ], [ 11.572501000000102, 54.83597200000014 ], [ 11.571945, 54.838749 ], [ 11.5625, 54.843193 ], [ 11.561390000000188, 54.847084000000109 ], [ 11.564166, 54.851807 ], [ 11.575277, 54.85236 ], [ 11.575833000000102, 54.854584000000159 ], [ 11.58361200000013, 54.857639000000177 ], [ 11.600833, 54.850140000000181 ], [ 11.608611, 54.848751000000163 ], [ 11.618056, 54.849304 ], [ 11.618056, 54.847363 ], [ 11.6125, 54.848194 ], [ 11.61139, 54.847363 ], [ 11.618612, 54.844307000000185 ], [ 11.621388, 54.846527 ], [ 11.619722, 54.849861 ], [ 11.629723000000126, 54.852638 ], [ 11.636946, 54.857918000000154 ], [ 11.651945, 54.858749000000159 ], [ 11.651389000000108, 54.864861000000133 ], [ 11.6425, 54.87041900000014 ], [ 11.6425, 54.874306 ], [ 11.645278000000189, 54.87764 ], [ 11.645278000000189, 54.882362000000114 ], [ 11.64861000000019, 54.887085 ], [ 11.648056000000167, 54.889305 ], [ 11.63639, 54.898472 ], [ 11.635833000000105, 54.903751 ], [ 11.642054, 54.901775000000157 ], [ 11.651389000000108, 54.902916 ], [ 11.659723, 54.90097 ], [ 11.665834000000132, 54.896526000000165 ], [ 11.67194400000011, 54.896526000000165 ], [ 11.674722000000145, 54.892082000000187 ], [ 11.681945, 54.887638 ], [ 11.703054, 54.877361 ], [ 11.716389000000106, 54.872917 ], [ 11.739723, 54.875137 ], [ 11.744721, 54.874306 ], [ 11.744165, 54.86791600000015 ], [ 11.740277, 54.865696000000128 ], [ 11.736945, 54.859028000000137 ], [ 11.741945, 54.855141 ], [ 11.744165, 54.851528 ], [ 11.744721, 54.845139 ], [ 11.749722000000133, 54.841805000000136 ], [ 11.749722000000133, 54.839863 ], [ 11.760279, 54.838749 ], [ 11.765833, 54.83597200000014 ], [ 11.763055000000179, 54.832638000000145 ], [ 11.766945, 54.831528000000105 ], [ 11.773612, 54.830971 ], [ 11.774168, 54.832638000000145 ], [ 11.7775, 54.832638000000145 ], [ 11.7825, 54.831249000000128 ], [ 11.795277000000112, 54.83347300000014 ], [ 11.789167000000134, 54.831528000000105 ], [ 11.787501000000134, 54.824860000000172 ], [ 11.780278, 54.819305 ], [ 11.781944, 54.81319400000018 ], [ 11.780834, 54.809860000000185 ], [ 11.7825, 54.807083 ], [ 11.798055, 54.799583 ], [ 11.800834000000179, 54.794029 ], [ 11.807500000000175, 54.794304 ], [ 11.810832000000175, 54.790974 ], [ 11.821943, 54.78986 ], [ 11.8258340000001, 54.786251 ], [ 11.830278000000135, 54.784863000000144 ], [ 11.833612, 54.780418 ], [ 11.85139, 54.774029 ], [ 11.8575, 54.768471 ], [ 11.85639, 54.767639 ], [ 11.856944, 54.76125 ], [ 11.861944, 54.760693000000117 ], [ 11.858056, 54.759861 ], [ 11.8575, 54.757637 ], [ 11.861944, 54.757637 ], [ 11.858056, 54.755974 ], [ 11.861944, 54.753750000000139 ], [ 11.861944, 54.751804 ], [ 11.864722, 54.750694 ], [ 11.86638900000014, 54.747082000000148 ], [ 11.86638900000014, 54.736252 ], [ 11.853056, 54.731804000000125 ], [ 11.846945000000176, 54.728748 ], [ 11.846389000000158, 54.726528 ], [ 11.833612, 54.725971000000129 ], [ 11.824165, 54.731804000000125 ], [ 11.814723, 54.733749000000103 ], [ 11.820277, 54.728748 ], [ 11.816389, 54.726807000000179 ], [ 11.815833, 54.722637000000134 ], [ 11.823055, 54.720417000000111 ], [ 11.823611, 54.719028000000151 ], [ 11.809722, 54.715694000000155 ], [ 11.80583200000018, 54.712639000000138 ], [ 11.815833, 54.707359 ], [ 11.815833, 54.704582000000187 ], [ 11.831944000000135, 54.697918000000186 ], [ 11.845833, 54.694649 ], [ 11.853612, 54.695972 ], [ 11.859166, 54.69236 ], [ 11.858056, 54.690418 ], [ 11.861388, 54.686806 ], [ 11.854168, 54.683750000000146 ], [ 11.838057000000163, 54.682362 ], [ 11.852499, 54.674862000000132 ], [ 11.839723000000163, 54.670971 ], [ 11.840322000000185, 54.668205000000171 ], [ 11.845833, 54.66624800000011 ], [ 11.835834, 54.665417 ], [ 11.820833, 54.659027 ], [ 11.831388000000118, 54.654861 ], [ 11.833612, 54.651249 ], [ 11.826387, 54.649582000000123 ], [ 11.818055, 54.65097 ], [ 11.818611, 54.647362000000101 ], [ 11.816389, 54.646526 ], [ 11.813057, 54.64847200000014 ], [ 11.809722, 54.648193000000106 ], [ 11.80416600000018, 54.64485900000011 ], [ 11.808056, 54.642361 ], [ 11.799168000000179, 54.642918000000122 ], [ 11.785276, 54.64875 ], [ 11.768611, 54.649307 ], [ 11.755834000000107, 54.651806 ], [ 11.735833, 54.651249 ], [ 11.728056, 54.653751000000113 ], [ 11.733611, 54.65736 ], [ 11.733611, 54.659306000000186 ], [ 11.726944000000174, 54.665138 ], [ 11.725278000000174, 54.665138 ], [ 11.725832, 54.662918 ], [ 11.72139, 54.663471000000186 ], [ 11.720834, 54.661251000000163 ], [ 11.723056, 54.659306000000186 ], [ 11.721944000000178, 54.657082 ], [ 11.724166, 54.65597200000019 ], [ 11.719168, 54.652916000000118 ], [ 11.714167, 54.652084 ], [ 11.70750100000015, 54.653751000000113 ], [ 11.704166, 54.660137000000191 ], [ 11.700834, 54.661804 ], [ 11.688611, 54.663750000000164 ], [ 11.669722000000149, 54.661804 ], [ 11.669722000000149, 54.664307 ], [ 11.666944000000115, 54.666805000000181 ], [ 11.660277, 54.662918 ], [ 11.662499, 54.660130000000152 ], [ 11.660277, 54.657639 ], [ 11.658055, 54.657639 ], [ 11.657501, 54.659584000000109 ], [ 11.649722000000168, 54.657639 ], [ 11.645278000000189, 54.660973 ], [ 11.632499000000109, 54.662918 ], [ 11.628611000000149, 54.662640000000181 ], [ 11.627499000000171, 54.659584000000109 ], [ 11.625276, 54.659027 ], [ 11.608611, 54.659027 ], [ 11.606943, 54.661251000000163 ], [ 11.591944000000126, 54.664585000000159 ], [ 11.58305600000017, 54.662361 ], [ 11.589722000000165, 54.659306000000186 ], [ 11.589722000000165, 54.657917000000168 ], [ 11.58527800000013, 54.658474 ], [ 11.580277, 54.656528 ], [ 11.563056000000188, 54.657917000000168 ], [ 11.560834, 54.658749000000114 ], [ 11.566961, 54.669834000000151 ], [ 11.553412, 54.673672 ], [ 11.554659000000186, 54.681412000000137 ] ] ], [ [ [ 11.820833, 54.972363000000144 ], [ 11.824721, 54.970974000000126 ], [ 11.825277, 54.970417 ], [ 11.820277, 54.970974000000126 ], [ 11.820833, 54.972363000000144 ] ] ], [ [ [ 11.542961, 54.757786000000124 ], [ 11.541559, 54.754028 ], [ 11.532027, 54.757935 ], [ 11.541512, 54.758976000000189 ], [ 11.542961, 54.757786000000124 ] ] ], [ [ [ 11.644722, 54.909584 ], [ 11.648056000000167, 54.90625 ], [ 11.645832, 54.90625 ], [ 11.644722, 54.908474 ], [ 11.639168, 54.909027000000151 ], [ 11.633611000000144, 54.906807000000128 ], [ 11.631389000000127, 54.902916 ], [ 11.629723000000126, 54.902916 ], [ 11.629723000000126, 54.90514 ], [ 11.634167000000105, 54.909584 ], [ 11.644722, 54.909584 ] ] ], [ [ [ 11.69639, 54.944584000000134 ], [ 11.704723000000115, 54.943474000000151 ], [ 11.694722, 54.943474000000151 ], [ 11.69639, 54.944584000000134 ] ] ] ] } },
{ "type": "Feature", "properties": { "country": "Sweden", "name": null, "type": null, "count": 1, "first_date": "2023-11-26", "last_date": "2023-11-26" }, "geometry": { "type": "Polygon", "coordinates": [ [ [ 13.580560685000137, 55.684226990000127 ], [ 13.588489532000096, 55.68465805000011 ], [ 13.586998939000125, 55.693603516000053 ], [ 13.594930648000116, 55.694030762000011 ], [ 13.594184876000043, 55.698505400999977 ], [ 13.602116585000033, 55.698932648999971 ], [ 13.601373673000069, 55.703407288000108 ], [ 13.609307289000128, 55.703834534000123 ], [ 13.608562470000038, 55.708309173000089 ], [ 13.600627900000063, 55.707878113000106 ], [ 13.598393441000042, 55.721298217000083 ], [ 13.622204781, 55.722583772000121 ], [ 13.623688698000137, 55.713638305000131 ], [ 13.67130375000005, 55.716197968000074 ], [ 13.66909408600003, 55.729614259000186 ], [ 13.764376641000183, 55.73467636099997 ], [ 13.762195586000075, 55.748096467000153 ], [ 13.770140648000051, 55.748516082000151 ], [ 13.768687248000049, 55.75746154899997 ], [ 13.77663517000002, 55.757881166000175 ], [ 13.775908471000037, 55.762355805000084 ], [ 13.791802406000158, 55.763187409000182 ], [ 13.791080475000058, 55.767662049000023 ], [ 13.80697727200004, 55.768493653000121 ], [ 13.807699204000073, 55.76402282700019 ], [ 13.815647126000101, 55.764434815000186 ], [ 13.816367150000133, 55.759963989000084 ], [ 13.824314116999972, 55.760375978000184 ], [ 13.825032233000059, 55.755905150999979 ], [ 13.848872185000118, 55.757144929000106 ], [ 13.850304602999984, 55.748195649000195 ], [ 13.874140739000097, 55.749431610000045 ], [ 13.874854088000063, 55.744956969999976 ], [ 13.906634330000031, 55.746597290000182 ], [ 13.905922889000067, 55.751071930000023 ], [ 13.921815870999978, 55.751892090000069 ], [ 13.923231125000029, 55.742942811000034 ], [ 13.93117618499997, 55.743350983000084 ], [ 13.932591438000088, 55.734401703000174 ], [ 13.924649239000132, 55.733993531000124 ], [ 13.925354957000081, 55.72951889 ], [ 13.909472465000135, 55.728702546000136 ], [ 13.910181046000048, 55.724227906000124 ], [ 13.902241706000041, 55.723815917000024 ], [ 13.903659820000144, 55.714870453000117 ], [ 13.895722388000081, 55.714458466000053 ], [ 13.897144317000084, 55.705509187000018 ], [ 13.905079842000191, 55.705921174000082 ], [ 13.90578937500004, 55.70144653400007 ], [ 13.913724899000044, 55.701854706000063 ], [ 13.914434433000167, 55.697380066000051 ], [ 13.922367097000119, 55.697788238000044 ], [ 13.923073768000052, 55.693313598000032 ], [ 13.931010247000131, 55.69372177200006 ], [ 13.93241977800011, 55.68477249200015 ], [ 13.924487114000158, 55.684364319000053 ], [ 13.925195694000138, 55.679889678999984 ], [ 13.941056252000067, 55.680702210000163 ], [ 13.941762923, 55.676227570000151 ], [ 13.949691772000108, 55.676635742000144 ], [ 13.950395585000024, 55.672161102000132 ], [ 13.958327294000185, 55.67256546100009 ], [ 13.960431098000186, 55.65914154100011 ], [ 13.968359947000124, 55.65954589800009 ], [ 13.96905994500014, 55.655071258000078 ], [ 13.976988792000043, 55.655475617000036 ], [ 13.977685929000074, 55.651000977000194 ], [ 13.985612870000068, 55.651405334000174 ], [ 13.987008096000011, 55.642456055000139 ], [ 13.994935034999969, 55.64285659799998 ], [ 13.995632172000057, 55.638381959000014 ], [ 13.987708091000115, 55.637977600000056 ], [ 13.989105224000184, 55.629028321000078 ], [ 13.957418442000119, 55.627410890000078 ], [ 13.958822250000082, 55.618461608000189 ], [ 13.950901984000097, 55.618053436000196 ], [ 13.951603889000182, 55.613578797000059 ], [ 13.935766220000062, 55.612766266000051 ], [ 13.935064317000183, 55.617240906000063 ], [ 13.927142142999969, 55.616836549000141 ], [ 13.929259300000126, 55.603408813000044 ], [ 13.937174798000115, 55.603816987000073 ], [ 13.937876701000164, 55.599342347 ], [ 13.945792197000173, 55.599750519000054 ], [ 13.946494102000031, 55.595275878999985 ], [ 13.938578606000078, 55.594867707000162 ], [ 13.939283372000091, 55.590393067000093 ], [ 13.931369781, 55.589984894000168 ], [ 13.932071686000086, 55.585510254000155 ], [ 13.868780136000055, 55.582237243000122 ], [ 13.870200157, 55.573287964000144 ], [ 13.862291337000045, 55.572875977000081 ], [ 13.864424706000079, 55.559452058000034 ], [ 13.84860992300014, 55.558628082000098 ], [ 13.847899047000112, 55.563102702000094 ], [ 13.839991569000063, 55.562690735000047 ], [ 13.839279, 55.567165000000159 ], [ 13.831370353000125, 55.566749572000049 ], [ 13.832085602000063, 55.562274979000108 ], [ 13.824180006000176, 55.561862965000103 ], [ 13.825609208000117, 55.552913666000109 ], [ 13.786086083000157, 55.550834656000063 ], [ 13.788963318000071, 55.532939911000142 ], [ 13.781063126000106, 55.532520007000187 ], [ 13.781782926000176, 55.528049460000034 ], [ 13.765983581000057, 55.527214050000055 ], [ 13.765263558000072, 55.531684876000099 ], [ 13.757365236999988, 55.531269012000166 ], [ 13.75808693200014, 55.526794423000013 ], [ 13.742290000000139, 55.525955000000124 ], [ 13.743013382000129, 55.521480561000033 ], [ 13.735113000000126, 55.521061 ], [ 13.734391068000093, 55.525535576000038 ], [ 13.718594070999984, 55.524692561000052 ], [ 13.720772743000111, 55.511272430000133 ], [ 13.712878228000022, 55.510849000000121 ], [ 13.713604927, 55.506378173000087 ], [ 13.697818, 55.505531 ], [ 13.698544926000125, 55.50106045800004 ], [ 13.690651894000041, 55.500637053999981 ], [ 13.68992302200013, 55.505107865000184 ], [ 13.68202972500012, 55.504684449000138 ], [ 13.680568696000137, 55.513633728000116 ], [ 13.679840087000173, 55.518104553000114 ], [ 13.68773460400007, 55.518527985000162 ], [ 13.687005043000056, 55.523002625000174 ], [ 13.679107665000117, 55.522579193000126 ], [ 13.678377029000046, 55.527053825 ], [ 13.670479065000109, 55.5266266000001 ], [ 13.671942712000146, 55.517681123000045 ], [ 13.648256302, 55.516407013000162 ], [ 13.646787643000096, 55.525352478 ], [ 13.638888358000088, 55.524925231999987 ], [ 13.638154029000191, 55.529399872000056 ], [ 13.622358321000092, 55.528545380000025 ], [ 13.623096466000163, 55.524070740000184 ], [ 13.615199088000054, 55.523643495000101 ], [ 13.614458084000034, 55.528114319000167 ], [ 13.590768814, 55.526828766000108 ], [ 13.591509818000077, 55.522354126999971 ], [ 13.58361244300005, 55.521923064000134 ], [ 13.582128526000133, 55.530868531000181 ], [ 13.574231148000024, 55.530437470000095 ], [ 13.573488236, 55.534912110000164 ], [ 13.557691574000046, 55.534049988000049 ], [ 13.556946754000023, 55.538520814000151 ], [ 13.549047471000051, 55.538089752000189 ], [ 13.547554016000049, 55.547031403000062 ], [ 13.539654731000041, 55.54660034300008 ], [ 13.538157463000175, 55.555545807000044 ], [ 13.522354125000163, 55.554676056000119 ], [ 13.520853997000017, 55.56362152100013 ], [ 13.536662103000083, 55.564487458000087 ], [ 13.535164833000181, 55.573432923000155 ], [ 13.527258872000175, 55.572998047000056 ], [ 13.525758744000029, 55.581943512000066 ], [ 13.533666610000125, 55.582378387000063 ], [ 13.532919883000091, 55.586849214000097 ], [ 13.540825843000164, 55.587284089000093 ], [ 13.536332130000062, 55.614116669000111 ], [ 13.544244766000133, 55.61455154500004 ], [ 13.54274845100008, 55.623493194000105 ], [ 13.550662994000049, 55.623928069000158 ], [ 13.549915314000032, 55.628398896000135 ], [ 13.565751076000026, 55.629264832 ], [ 13.566495896000049, 55.624794007000048 ], [ 13.598164558000178, 55.626514435000104 ], [ 13.598908425000161, 55.622043610999981 ], [ 13.614741324000022, 55.622901916000046 ], [ 13.612516403000086, 55.636318207000159 ], [ 13.620435714000109, 55.636745452000071 ], [ 13.618954659000053, 55.645690919000117 ], [ 13.626876831000061, 55.6461219790001 ], [ 13.624654769000074, 55.659538269999985 ], [ 13.616730690000168, 55.659111023000094 ], [ 13.615989685000045, 55.663581846999989 ], [ 13.60806465100012, 55.663154602000077 ], [ 13.606578827000135, 55.672100067000144 ], [ 13.598651885000095, 55.671669006000059 ], [ 13.597908973000074, 55.676143646000128 ], [ 13.589980126000114, 55.675712586000145 ], [ 13.58923721400015, 55.680183410000041 ], [ 13.581308365000041, 55.679756165000128 ], [ 13.580560685000137, 55.684226990000127 ] ], [ [ 13.697087999000132, 55.510006000000146 ], [ 13.696358681, 55.514480591000108 ], [ 13.688464188000069, 55.514057011000034 ], [ 13.689192319000028, 55.509587182000132 ], [ 13.697087999000132, 55.510006000000146 ] ] ] } },
{ "type": "Feature", "properties": { "country": "Sweden", "name": null, "type": null, "count": 1, "first_date": "2023-11-26", "last_date": "2023-11-26" }, "geometry": { "type": "Polygon", "coordinates": [ [ [ 14.489455223000164, 57.145347596000079 ], [ 14.497705459000144, 57.145717621000074 ], [ 14.497033120000026, 57.150192261000086 ], [ 14.505286217000162, 57.150562286000081 ], [ 14.504612923000025, 57.155040741000164 ], [ 14.545882224000081, 57.156883240000127 ], [ 14.544548034000172, 57.165836334000176 ], [ 14.552803039000082, 57.166202546000079 ], [ 14.551469803000089, 57.17515564100006 ], [ 14.559729576000052, 57.175525666 ], [ 14.559063912000056, 57.180000305000135 ], [ 14.583843231000117, 57.181098939000094 ], [ 14.584504127000116, 57.176620484000182 ], [ 14.592763901000126, 57.176986694000107 ], [ 14.59342670500007, 57.172508240000127 ], [ 14.618201256000134, 57.173599243000069 ], [ 14.614905356000065, 57.195983887000125 ], [ 14.656226158000038, 57.197792054000104 ], [ 14.655571937000161, 57.202266694000116 ], [ 14.696900368000115, 57.204059600000164 ], [ 14.696248055000069, 57.208538055000076 ], [ 14.704516410000053, 57.208896637000066 ], [ 14.703866960000141, 57.213375092000149 ], [ 14.720403672000032, 57.214084625000169 ], [ 14.719757080000022, 57.218563080000081 ], [ 14.752836227000046, 57.219982147000167 ], [ 14.753479004000042, 57.215503692000084 ], [ 14.8030977250001, 57.217613219999976 ], [ 14.803733825000165, 57.21313858100001 ], [ 14.81200504200018, 57.21348571700014 ], [ 14.812641144000054, 57.209007262000057 ], [ 14.82091045400017, 57.209358216000169 ], [ 14.821542739000165, 57.204879761000086 ], [ 14.829810142000042, 57.205226898000092 ], [ 14.831076621000136, 57.196273803000167 ], [ 14.83934307100003, 57.196620941999981 ], [ 14.839975358, 57.192142487000069 ], [ 14.864768982000101, 57.193183898000029 ], [ 14.865398407000043, 57.188705444 ], [ 14.881926536000094, 57.189395906000129 ], [ 14.883807182000055, 57.175960541000052 ], [ 14.892068864000123, 57.176303865000193 ], [ 14.892696381000064, 57.17182541000011 ], [ 14.893943787000069, 57.162868500000116 ], [ 14.885684967000088, 57.162525177000191 ], [ 14.886936188000163, 57.153568267000196 ], [ 14.895193100000142, 57.153911591 ], [ 14.897690772000033, 57.135997772999986 ], [ 14.905941964000078, 57.136341094999977 ], [ 14.907189370000083, 57.127384185000153 ], [ 14.997955323000099, 57.131122590000132 ], [ 14.99734401700016, 57.135601045000044 ], [ 15.005597114000125, 57.13594055100009 ], [ 15.004375459000187, 57.144897461000085 ], [ 15.01263046300005, 57.145233154000039 ], [ 15.010800362000055, 57.158672333000084 ], [ 15.027317047000167, 57.159343720000152 ], [ 15.027926445000162, 57.154861450000169 ], [ 15.044443131000037, 57.15553283700001 ], [ 15.043230057000187, 57.164489746000129 ], [ 15.051489829000047, 57.164825439000083 ], [ 15.05088329300014, 57.169303894 ], [ 15.059144973000173, 57.169635772000106 ], [ 15.058541297000147, 57.174118042000089 ], [ 15.07506465900002, 57.174781799000186 ], [ 15.076271058000088, 57.165821076000157 ], [ 15.084532738000121, 57.166152954000097 ], [ 15.086335182000084, 57.152713777000031 ], [ 15.078078270000049, 57.152381896000179 ], [ 15.079283714000155, 57.143424989000096 ], [ 15.087538719000065, 57.143756867000036 ], [ 15.088137626000162, 57.139274597000053 ], [ 15.096392631000072, 57.139606475000164 ], [ 15.09699344600017, 57.135128021000185 ], [ 15.121754647000159, 57.136116029 ], [ 15.122352600000113, 57.131633759000067 ], [ 15.130607604000147, 57.131961822000108 ], [ 15.131202697000106, 57.127483367000195 ], [ 15.139452934000133, 57.127811432000101 ], [ 15.144203186000084, 57.091972351000095 ], [ 15.127713203000042, 57.091316222999978 ], [ 15.128308296000171, 57.086837770000102 ], [ 15.111821174000056, 57.086177825999982 ], [ 15.113013267000042, 57.077220917000091 ], [ 15.12125396800019, 57.077548982000167 ], [ 15.121849061000148, 57.073066712000184 ], [ 15.130089760000089, 57.073394775000054 ], [ 15.130684853000048, 57.068916320000142 ], [ 15.147163392000039, 57.069572449000191 ], [ 15.14953136400004, 57.051651001000096 ], [ 15.141295433000096, 57.051322938 ], [ 15.141886710000108, 57.046844483000086 ], [ 15.158355712000116, 57.047496796000189 ], [ 15.158946037000021, 57.043018342000153 ], [ 15.150712014000021, 57.04269027600003 ], [ 15.152484894000168, 57.029251099000135 ], [ 15.144254684000089, 57.028923036000094 ], [ 15.145438194000121, 57.019962311000029 ], [ 15.153665542000169, 57.020290374000069 ], [ 15.153075219000073, 57.024768828999981 ], [ 15.169534683, 57.025421142000084 ], [ 15.168358803000046, 57.034381867000093 ], [ 15.193056106000085, 57.035358430000031 ], [ 15.193641663000164, 57.030876160000048 ], [ 15.201873779000039, 57.031200410000054 ], [ 15.202457428000116, 57.026718140000071 ], [ 15.210686684000109, 57.027042388000098 ], [ 15.211271286000169, 57.022560120000151 ], [ 15.219500542, 57.022884368000121 ], [ 15.220084189999966, 57.018402100000174 ], [ 15.22831154, 57.01872634800003 ], [ 15.229472160000114, 57.009765626000046 ], [ 15.237700462000078, 57.010086060999981 ], [ 15.238860129000159, 57.001125336000143 ], [ 15.222411156000135, 57.000480653000182 ], [ 15.222990036000056, 56.996002198000099 ], [ 15.231216431000121, 56.996322631000055 ], [ 15.236430168000084, 56.955997467000032 ], [ 15.220002175000047, 56.95535278400007 ], [ 15.220581055000139, 56.950874329000158 ], [ 15.212367058000041, 56.950550079000152 ], [ 15.212950707000118, 56.946071626000048 ], [ 15.196522713000149, 56.945426941000107 ], [ 15.198272704999965, 56.931983948000095 ], [ 15.190063477000024, 56.93165969800009 ], [ 15.19123268200002, 56.922698976000106 ], [ 15.183025360000045, 56.922374726000101 ], [ 15.181856156000151, 56.931335448000084 ], [ 15.173646926000174, 56.931011200000057 ], [ 15.173059463000129, 56.93549347000004 ], [ 15.156640054000093, 56.934841157000164 ], [ 15.157228469000188, 56.930358887000011 ], [ 15.140809059, 56.929706574000136 ], [ 15.141399384000067, 56.925228119000053 ], [ 15.133193970000093, 56.924900053999977 ], [ 15.1337823880001, 56.92041778600003 ], [ 15.141989708000096, 56.920745850000174 ], [ 15.143168450000076, 56.911785127000144 ], [ 15.16778278400011, 56.91276550300006 ], [ 15.170127868000179, 56.894844056000068 ], [ 15.161925316000065, 56.894519806000062 ], [ 15.164270401000181, 56.876598358000138 ], [ 15.172469138000054, 56.876922608000143 ], [ 15.174806595000121, 56.859001159000115 ], [ 15.182999611000128, 56.859325409000121 ], [ 15.184748649000085, 56.845882416000109 ], [ 15.176560402000177, 56.845558166000103 ], [ 15.17772579200016, 56.83659744400012 ], [ 15.185913086000085, 56.836921692000146 ], [ 15.188241960000028, 56.819000244000051 ], [ 15.171874046000028, 56.818351746000019 ], [ 15.172458648000088, 56.813869476000093 ], [ 15.147909165000044, 56.812892912999985 ], [ 15.148496627000156, 56.808414458000072 ], [ 15.12395000500004, 56.807430267000086 ], [ 15.124541282000052, 56.802951812 ], [ 15.067279816000109, 56.80064010600006 ], [ 15.067876815000034, 56.79616165200008 ], [ 15.076053620000039, 56.796493530000134 ], [ 15.077243806000126, 56.787532807000105 ], [ 15.085421562000136, 56.787860869999975 ], [ 15.087794303000067, 56.769943238 ], [ 15.079621315000111, 56.769611360000113 ], [ 15.080216408000069, 56.76513290500003 ], [ 15.072045327000126, 56.764801025000054 ], [ 15.072637558000054, 56.760318757000107 ], [ 15.064469337, 56.759986877000188 ], [ 15.06506443000012, 56.755508424000084 ], [ 15.073232651000126, 56.755840302000195 ], [ 15.075610162000146, 56.737918855000032 ], [ 15.083776474000103, 56.738250733000143 ], [ 15.084368705000145, 56.733772278 ], [ 15.092532157000051, 56.734100341000101 ], [ 15.093125343000111, 56.729621888000167 ], [ 15.101288795000187, 56.729949951000037 ], [ 15.101879120000092, 56.725471497000058 ], [ 15.11820697800016, 56.726131440000017 ], [ 15.118795395000063, 56.721649170000092 ], [ 15.126958848000072, 56.721977235000111 ], [ 15.128718376000165, 56.708538056000066 ], [ 15.136879921000173, 56.708862306000071 ], [ 15.138049125000066, 56.699901581 ], [ 15.146207810000021, 56.700229644000103 ], [ 15.146792412000082, 56.69575119100017 ], [ 15.130477905000191, 56.695095063000053 ], [ 15.13106346100011, 56.690616608000141 ], [ 15.114753724000082, 56.689960480000025 ], [ 15.115342141000156, 56.685478210000099 ], [ 15.099033355000074, 56.684818269000118 ], [ 15.100801467, 56.671379089000141 ], [ 15.108954429000107, 56.671707153999989 ], [ 15.111306190000107, 56.653785705000189 ], [ 15.103157998000029, 56.653457642000092 ], [ 15.10374641500016, 56.648979187 ], [ 15.095600129000047, 56.648647309000125 ], [ 15.096777916000065, 56.63968658400006 ], [ 15.104924203000053, 56.640018463000047 ], [ 15.107274056000051, 56.622097015000122 ], [ 15.099135398999977, 56.621765137000011 ], [ 15.101487159999976, 56.60384369000019 ], [ 15.060805321000089, 56.602188109999986 ], [ 15.059026718000098, 56.615631104000101 ], [ 15.042749405000052, 56.614963531 ], [ 15.040962219000107, 56.628402710000046 ], [ 15.032820701999981, 56.628070832000162 ], [ 15.03162670100005, 56.637031555000192 ], [ 14.999055862000148, 56.635688782000045 ], [ 14.996047021000152, 56.65808868400012 ], [ 14.987899780000077, 56.657749176000095 ], [ 14.986694335999971, 56.666709900000058 ], [ 14.978546143000187, 56.666370392000033 ], [ 14.977335929000049, 56.675331117000098 ], [ 14.969185830000129, 56.674991607999971 ], [ 14.968579292000015, 56.679473876000145 ], [ 14.952277183000092, 56.678794862000075 ], [ 14.952882766000187, 56.674312592000092 ], [ 14.936582564999981, 56.673633575000167 ], [ 14.937189103000094, 56.669155120000084 ], [ 14.920890806999978, 56.668472291000114 ], [ 14.921504021000089, 56.663993836000031 ], [ 14.905205727, 56.663307191000172 ], [ 14.904593468000087, 56.667789459000119 ], [ 14.888297082000122, 56.667098999000189 ], [ 14.887679100000184, 56.671581269000171 ], [ 14.879530906000127, 56.67123413000013 ], [ 14.880148888000065, 56.666755677000026 ], [ 14.871998786000063, 56.666412354000158 ], [ 14.872613907000073, 56.661933899000076 ], [ 14.864467621000131, 56.661586761000081 ], [ 14.865085602000022, 56.657108308000034 ], [ 14.856940270000052, 56.656761169000163 ], [ 14.85941123900011, 56.638847352000084 ], [ 14.851267813999982, 56.638500214000146 ], [ 14.851887703000045, 56.634021759 ], [ 14.835604668000087, 56.633327484000063 ], [ 14.836224557000094, 56.62884902900015 ], [ 14.828086853, 56.628501893000191 ], [ 14.828706742000065, 56.624023438000108 ], [ 14.804289818000029, 56.622974396000188 ], [ 14.803668022000124, 56.627452851000101 ], [ 14.779249192000123, 56.626403809000124 ], [ 14.778621672999975, 56.630882264000036 ], [ 14.762343407000117, 56.630176544000108 ], [ 14.761713981000071, 56.63465499900019 ], [ 14.745430947000045, 56.633949280000138 ], [ 14.74606323200004, 56.629470826000158 ], [ 14.737923623000029, 56.629119874000082 ], [ 14.738554955000041, 56.62464141900017 ], [ 14.714140891000113, 56.623577119000061 ], [ 14.713507652000033, 56.628055572000108 ], [ 14.705368995000129, 56.627696992000097 ], [ 14.704094888000157, 56.636653900000113 ], [ 14.695956229000103, 56.636299133000193 ], [ 14.695318222000139, 56.640773773000035 ], [ 14.687176705000184, 56.640419006000059 ], [ 14.687814713000023, 56.635940550999976 ], [ 14.671534537000014, 56.635223390000078 ], [ 14.668972970000084, 56.653137207000157 ], [ 14.636398316000111, 56.651695252000138 ], [ 14.635752678000188, 56.65617370700005 ], [ 14.652042388999973, 56.656894683000189 ], [ 14.651398659, 56.661373138000101 ], [ 14.667690277000077, 56.662090302000138 ], [ 14.667050362000168, 56.666568756000117 ], [ 14.675194740999984, 56.666927338000107 ], [ 14.67327404100007, 56.680362703000014 ], [ 14.665123939000011, 56.680004121000195 ], [ 14.660627366000028, 56.71134567200005 ], [ 14.652469634000056, 56.710987091000106 ], [ 14.651824951000094, 56.715465545000086 ], [ 14.659981728000105, 56.715824127000133 ], [ 14.658694268000147, 56.724781037000128 ], [ 14.666855813000154, 56.725139618000014 ], [ 14.659774781000124, 56.774394989000029 ], [ 14.651603698000031, 56.77403640700004 ], [ 14.649666785000079, 56.787467957000047 ], [ 14.641493797000123, 56.787109375000057 ], [ 14.639552116000118, 56.800540924000188 ], [ 14.623199462000116, 56.799816132999979 ], [ 14.623848915000167, 56.795341493000137 ], [ 14.615675927000154, 56.794979096000077 ], [ 14.615023614000108, 56.799453736000146 ], [ 14.574150086000031, 56.797637941000062 ], [ 14.572180749000097, 56.811069488000044 ], [ 14.564002991000052, 56.810703278000119 ], [ 14.560716629000126, 56.833087922 ], [ 14.593446731000142, 56.834548950000112 ], [ 14.58952045400008, 56.86141204900008 ], [ 14.597706795000022, 56.861774444000162 ], [ 14.597052573999974, 56.866252899000074 ], [ 14.60524368300014, 56.866615295000031 ], [ 14.604590415000075, 56.871093750000114 ], [ 14.61278057100003, 56.871456147000174 ], [ 14.613432885, 56.866977692000091 ], [ 14.629815102000066, 56.867702484 ], [ 14.626561165, 56.890090943000132 ], [ 14.618365288, 56.889728546000072 ], [ 14.617712975000131, 56.894203186000141 ], [ 14.625908852000123, 56.894565583000031 ], [ 14.625256539000077, 56.899044037000181 ], [ 14.63345527600012, 56.89940643400007 ], [ 14.632805825000162, 56.903881074000083 ], [ 14.641003609000052, 56.904243469000164 ], [ 14.640354156000058, 56.908721924000076 ], [ 14.648551940000118, 56.90908050500019 ], [ 14.647903442000086, 56.913558960000103 ], [ 14.656103134000148, 56.913917542000092 ], [ 14.652859687000102, 56.936306001000048 ], [ 14.661067009000078, 56.936664581000059 ], [ 14.660416604000034, 56.941143035000039 ], [ 14.676834106, 56.941860199000075 ], [ 14.676186562000112, 56.946338654000158 ], [ 14.684393882000052, 56.946697235000045 ], [ 14.683103562000042, 56.95565414500004 ], [ 14.674894332000122, 56.95529556300005 ], [ 14.674244882000039, 56.959770203000119 ], [ 14.666034699000079, 56.959411621000072 ], [ 14.665388107000012, 56.963890075999984 ], [ 14.657174110000142, 56.963531494000165 ], [ 14.655225753000138, 56.976963044000058 ], [ 14.638797761000149, 56.976242065000179 ], [ 14.634881972000073, 57.003105164000146 ], [ 14.64310264500017, 57.003467561000036 ], [ 14.639843940000105, 57.025852204000046 ], [ 14.63722896500019, 57.043762207000157 ], [ 14.62899970899997, 57.043399812000132 ], [ 14.625723838000113, 57.065788269000052 ], [ 14.633958816000074, 57.066150666000112 ], [ 14.632651330000044, 57.075103760000161 ], [ 14.624414444000138, 57.074741363000101 ], [ 14.623758316000021, 57.079219818000183 ], [ 14.615521430000058, 57.078857421000123 ], [ 14.614864349000186, 57.083332063000171 ], [ 14.606624603000171, 57.08296966600011 ], [ 14.605966567000053, 57.087448121000023 ], [ 14.581249237000065, 57.086353302000134 ], [ 14.580588341000123, 57.090831757000046 ], [ 14.555871010000033, 57.089733123000087 ], [ 14.55520629900019, 57.094211578 ], [ 14.538724899000044, 57.093475341000101 ], [ 14.538060188000031, 57.097953796000013 ], [ 14.529817581000032, 57.097583771000075 ], [ 14.529148101999965, 57.102062226000157 ], [ 14.52090930900016, 57.101692201000162 ], [ 14.51957130400001, 57.11064529500004 ], [ 14.503084184000102, 57.109905243000071 ], [ 14.502411842000072, 57.114383697999983 ], [ 14.494168281000043, 57.114013671 ], [ 14.492149354000048, 57.127441407000106 ], [ 14.483902932000035, 57.127071380000132 ], [ 14.483227731000056, 57.131546019999973 ], [ 14.474980354000024, 57.131175995000035 ], [ 14.474305153000046, 57.135650635000047 ], [ 14.482554437000147, 57.136020660000042 ], [ 14.481879235, 57.140499115000125 ], [ 14.490130423999972, 57.140869142000099 ], [ 14.489455223000164, 57.145347596000079 ] ] ] } },
{ "type": "Feature", "properties": { "country": "Sweden", "name": null, "type": null, "count": 1, "first_date": "2023-11-26", "last_date": "2023-11-26" }, "geometry": { "type": "Polygon", "coordinates": [ [ [ 13.863388061000023, 58.247459411000023 ], [ 13.861827021000181, 58.256404883000187 ], [ 13.876383627000052, 58.257113038000057 ], [ 13.879053027000111, 58.255970269000102 ], [ 13.879612997999971, 58.25275801500004 ], [ 13.88811397500001, 58.253173999000182 ], [ 13.887337000000116, 58.257645001000128 ], [ 13.880957686000045, 58.257335838000188 ], [ 13.878504991000057, 58.259114542000077 ], [ 13.87805387700007, 58.261702994000018 ], [ 13.861044999000114, 58.260876001000099 ], [ 13.860264999000094, 58.265347 ], [ 13.851759998999967, 58.264931000000161 ], [ 13.850978078000026, 58.26940155900013 ], [ 13.859484001000112, 58.269817000000103 ], [ 13.8571380140001, 58.283229923000135 ], [ 13.865649000000133, 58.283646 ], [ 13.862522007000109, 58.30152896300001 ], [ 13.845494270000188, 58.300701141000104 ], [ 13.844710120000116, 58.305171973000029 ], [ 13.810655003000136, 58.303504982 ], [ 13.811441983000066, 58.299034100000085 ], [ 13.802929043, 58.298614756000063 ], [ 13.803719999000066, 58.294144000000131 ], [ 13.795209988000011, 58.293724065000106 ], [ 13.794417012000167, 58.298194935000026 ], [ 13.785905951000188, 58.29777527400006 ], [ 13.785114999000086, 58.302246001000015 ], [ 13.751063310000063, 58.30056401600001 ], [ 13.750265062999972, 58.30503475800009 ], [ 13.741752624000071, 58.304611206000061 ], [ 13.742549896000128, 58.300140382000166 ], [ 13.734038, 58.299721 ], [ 13.734834664, 58.295249983000076 ], [ 13.717815205000022, 58.294403010999986 ], [ 13.718614579000075, 58.289932251000096 ], [ 13.710104000000172, 58.28950900000018 ], [ 13.709304001000135, 58.293975999 ], [ 13.700794218999988, 58.293552398000031 ], [ 13.699992179000105, 58.298023225000065 ], [ 13.691482001000111, 58.297595999000066 ], [ 13.690677, 58.302067001000125 ], [ 13.665142059000118, 58.300785065000127 ], [ 13.664335251000182, 58.305255889000193 ], [ 13.672847001000093, 58.305683001000034 ], [ 13.668813, 58.328033001000051 ], [ 13.677332912999987, 58.328460996000047 ], [ 13.67652608700007, 58.332931519 ], [ 13.685045241000068, 58.333354951000047 ], [ 13.684241296000096, 58.337825775000113 ], [ 13.743889999000089, 58.340797 ], [ 13.742293368000048, 58.34973901900014 ], [ 13.767867001000127, 58.351005999000165 ], [ 13.767071074000057, 58.355472580000139 ], [ 13.775598, 58.355896001000133 ], [ 13.774802207000164, 58.360366822000117 ], [ 13.7833309990001, 58.360786001000065 ], [ 13.782535, 58.365257 ], [ 13.799595001, 58.366096 ], [ 13.798010927000064, 58.375037997000106 ], [ 13.789480125000125, 58.374619007000092 ], [ 13.788686910000138, 58.37908899700011 ], [ 13.771622943000011, 58.378246321 ], [ 13.770827001000043, 58.382717000000184 ], [ 13.762294, 58.382298000000162 ], [ 13.760701206000078, 58.391239011000152 ], [ 13.769236764000027, 58.391658989000121 ], [ 13.76764305100005, 58.40060000200009 ], [ 13.776178998000148, 58.401020018000054 ], [ 13.774587999000062, 58.409961999000132 ], [ 13.766047989000072, 58.409542062000128 ], [ 13.76525, 58.414013 ], [ 13.790872, 58.41527200000013 ], [ 13.78928128400014, 58.424212867000108 ], [ 13.780741041000056, 58.423799382000084 ], [ 13.779149, 58.43273500000015 ], [ 13.753515, 58.431473000000153 ], [ 13.75111683300014, 58.444880991000105 ], [ 13.742568016000064, 58.444461822000164 ], [ 13.741767884000069, 58.448932649000142 ], [ 13.733219146000124, 58.448509217000094 ], [ 13.732417106000185, 58.452980040999989 ], [ 13.715318807000074, 58.45212937000008 ], [ 13.714506530999984, 58.456599580999978 ], [ 13.671767159000126, 58.454472008000096 ], [ 13.670955658000025, 58.458938597999975 ], [ 13.653858185000161, 58.458084106000172 ], [ 13.653043747000083, 58.462554932000103 ], [ 13.644495011000117, 58.46212387200012 ], [ 13.642048836000129, 58.475532533000148 ], [ 13.633496285000092, 58.47510528600003 ], [ 13.631048203000034, 58.488513946000126 ], [ 13.639603614000123, 58.48894119400012 ], [ 13.637971878000144, 58.497882843000014 ], [ 13.646533012000077, 58.498310090000132 ], [ 13.644901275000166, 58.507247924000126 ], [ 13.653463364000061, 58.50767898700019 ], [ 13.65264988000007, 58.512149811000086 ], [ 13.661211967000042, 58.512577057000101 ], [ 13.660395621000134, 58.517047883000032 ], [ 13.668960572000174, 58.517475128000115 ], [ 13.667336464000073, 58.52641296500002 ], [ 13.675901413000076, 58.526840210000103 ], [ 13.674276352000163, 58.535781861000032 ], [ 13.682846070000096, 58.536209106000115 ], [ 13.682035445000054, 58.540676118000022 ], [ 13.690604209000128, 58.541103363000161 ], [ 13.689794541000083, 58.545574188000103 ], [ 13.698367118000021, 58.546001435000051 ], [ 13.697555541999975, 58.550472260000049 ], [ 13.706127167000034, 58.550895692000097 ], [ 13.705321311000148, 58.555366517000039 ], [ 13.713894843000048, 58.555789949000086 ], [ 13.713086128000157, 58.560260772999982 ], [ 13.721659660000057, 58.560684203000051 ], [ 13.720852852000121, 58.565155030000028 ], [ 13.729429246000052, 58.565578460000097 ], [ 13.72862243600008, 58.570049287000074 ], [ 13.737200737000137, 58.570472717000087 ], [ 13.738005638, 58.566001892000145 ], [ 13.746583939000061, 58.566425325000068 ], [ 13.747388840000099, 58.561954498000091 ], [ 13.755963325000039, 58.562377930000139 ], [ 13.756765367000128, 58.55790710500014 ], [ 13.76534175900008, 58.558330536000085 ], [ 13.76614379900019, 58.553859711000086 ], [ 13.774718285000176, 58.554279328000064 ], [ 13.773116111000093, 58.563220977000128 ], [ 13.781694412000149, 58.563640594000162 ], [ 13.780894280000041, 58.568111419000161 ], [ 13.798048974000096, 58.568950653000115 ], [ 13.798847199000136, 58.564479829000049 ], [ 13.790270805000034, 58.56406021100014 ], [ 13.792663574000187, 58.550647735999974 ], [ 13.784090042000116, 58.550228118000064 ], [ 13.785687447000043, 58.541286469 ], [ 13.777117728000178, 58.540866852000192 ], [ 13.777915955000083, 58.536396027000194 ], [ 13.769346237000093, 58.535976410000046 ], [ 13.770146369000088, 58.531505586000151 ], [ 13.778716088000067, 58.531925201000149 ], [ 13.77951336000018, 58.527458191 ], [ 13.788083077000181, 58.527877807999971 ], [ 13.788880349000067, 58.523406982000097 ], [ 13.814581871000144, 58.524662018000186 ], [ 13.815375328000187, 58.520191193000016 ], [ 13.849644661000127, 58.521858216 ], [ 13.850433349000184, 58.517387390000124 ], [ 13.867565154000033, 58.518215180000027 ], [ 13.866779327000131, 58.522689820000096 ], [ 13.883913995000171, 58.523513794000053 ], [ 13.883130073000132, 58.527988434000065 ], [ 13.89169693000008, 58.528400421000185 ], [ 13.890913010000077, 58.53287124700006 ], [ 13.899484635000078, 58.533283234000123 ], [ 13.898700715000075, 58.537754059000122 ], [ 13.915843964000146, 58.538578035000114 ], [ 13.914280891000033, 58.547519684000179 ], [ 13.922855377000019, 58.547931671000072 ], [ 13.922073362999981, 58.552402497000116 ], [ 13.93064975700014, 58.55281448400001 ], [ 13.929087639000045, 58.561756134000177 ], [ 13.937666894000131, 58.562168123000106 ], [ 13.936105728000086, 58.57110977200017 ], [ 13.944686890000071, 58.571517944000163 ], [ 13.943906784000035, 58.575988770000095 ], [ 13.986819267000158, 58.578029633000085 ], [ 13.986043931000097, 58.582500458000084 ], [ 13.994626998000172, 58.582908630000134 ], [ 13.993855477000011, 58.587379456000178 ], [ 14.01961135900018, 58.588592529000096 ], [ 14.020380974000147, 58.584121704000097 ], [ 14.037549971999965, 58.584930420000035 ], [ 14.039084434000131, 58.575984955000195 ], [ 14.047666551000134, 58.576389313999982 ], [ 14.048433304000071, 58.571914672000162 ], [ 14.057014466000055, 58.57231521600005 ], [ 14.059307099000137, 58.558898927000143 ], [ 14.067885398000158, 58.559299469000052 ], [ 14.072457313000143, 58.532466888999977 ], [ 14.081028939000078, 58.532867431999989 ], [ 14.085586548000151, 58.506031037000071 ], [ 14.11985397300009, 58.507625580000138 ], [ 14.120609284000182, 58.503150940000069 ], [ 14.146306048000042, 58.504341065000062 ], [ 14.147808076000103, 58.495395661000146 ], [ 14.139243127000157, 58.494998932999977 ], [ 14.141498538000121, 58.48158281100018 ], [ 14.13293743100013, 58.481185913 ], [ 14.134441153000182, 58.472240439000075 ], [ 14.125885046000064, 58.471843722000187 ], [ 14.128141404000019, 58.458423614000196 ], [ 14.119588018000059, 58.458026891000145 ], [ 14.121091842000112, 58.449081421000017 ], [ 14.112541198000145, 58.448684693000075 ], [ 14.113294601000064, 58.444210053 ], [ 14.07909408300003, 58.442615514000181 ], [ 14.079851151000128, 58.438144684000065 ], [ 14.062753065000152, 58.437343614000042 ], [ 14.063512000000117, 58.432869 ], [ 14.072059001000071, 58.433269999000061 ], [ 14.072817000000157, 58.428799 ], [ 14.081366561000095, 58.429199100000119 ], [ 14.082122768999966, 58.424724784000091 ], [ 14.065030148000176, 58.423927007000088 ], [ 14.066550226000174, 58.414982010000131 ], [ 14.083637127000031, 58.415782924000098 ], [ 14.085906969000064, 58.402362911000068 ], [ 14.077367001000141, 58.401962000000196 ], [ 14.0781210560001, 58.397491450000132 ], [ 14.069583014999978, 58.397090916000195 ], [ 14.070340156000043, 58.392620088000115 ], [ 14.078880173000073, 58.393016810000063 ], [ 14.079636998000069, 58.388546009000095 ], [ 14.088173866000147, 58.388946533000194 ], [ 14.088929157000052, 58.384472008000103 ], [ 14.097466469000153, 58.38487243700007 ], [ 14.098218, 58.380398000000127 ], [ 14.106756210000071, 58.380798339000137 ], [ 14.107508000000109, 58.376324 ], [ 14.116041182, 58.376724243000012 ], [ 14.116793, 58.372250000000122 ], [ 14.125326157000075, 58.372646332000045 ], [ 14.126079000000118, 58.368176000000176 ], [ 14.134609222000165, 58.36856842100002 ], [ 14.135359001000097, 58.364098001000173 ], [ 14.143892288000131, 58.364494325000123 ], [ 14.144639970000185, 58.360019685000054 ], [ 14.136109353, 58.35962295600018 ], [ 14.136858940000138, 58.355152130000135 ], [ 14.128328323000119, 58.354755401000034 ], [ 14.129825593000021, 58.345809937000126 ], [ 14.121296883000127, 58.345413208000082 ], [ 14.123545646000082, 58.331993104000105 ], [ 14.097976685000049, 58.330799103000118 ], [ 14.098729134000052, 58.326328279000052 ], [ 14.090205191999985, 58.325927735000164 ], [ 14.09321785000003, 58.308036804000153 ], [ 14.067664146000141, 58.306838989000084 ], [ 14.06842136299997, 58.302368164000086 ], [ 14.059906007000109, 58.301963807000106 ], [ 14.059149742000159, 58.306438447000176 ], [ 14.050632477000022, 58.30603790300006 ], [ 14.049873352000191, 58.310508728000059 ], [ 14.03283691300004, 58.309703827000135 ], [ 14.033597946000043, 58.305233003000069 ], [ 14.025080679999974, 58.304828644000111 ], [ 14.026602746000151, 58.295883179999976 ], [ 14.018089295000152, 58.295478821000188 ], [ 14.018852233000075, 58.291007996000189 ], [ 14.001825333000056, 58.290199281000184 ], [ 14.00258827100015, 58.28572845399998 ], [ 13.994077682000011, 58.285320282000157 ], [ 13.995607376000123, 58.276378631000057 ], [ 13.987096786999984, 58.275970459000064 ], [ 13.987862586000062, 58.271499635000168 ], [ 13.979354856999976, 58.271095275999983 ], [ 13.98011970500005, 58.266620636000141 ], [ 13.971614837000118, 58.266216277000183 ], [ 13.972380638000175, 58.261741638000046 ], [ 13.955370903000073, 58.260929107000038 ], [ 13.956138612000132, 58.256454467000196 ], [ 13.939132690000065, 58.25563812200005 ], [ 13.939903259000175, 58.251167297000052 ], [ 13.931399345000159, 58.250755310000159 ], [ 13.932169914000042, 58.246284486000093 ], [ 13.915169717000083, 58.245464325000171 ], [ 13.915942193000035, 58.240993500000172 ], [ 13.873446464000097, 58.238933564000092 ], [ 13.871889114000055, 58.247875213000157 ], [ 13.863388061000023, 58.247459411000023 ] ] ] } },
{ "type": "Feature", "properties": { "country": "Sweden", "name": null, "type": null, "count": 1, "first_date": "2023-11-26", "last_date": "2023-11-26" }, "geometry": { "type": "MultiPolygon", "coordinates": [ [ [ [ 13.864167214000076, 58.242988586000081 ], [ 13.838667999000165, 58.241744999000105 ], [ 13.83944999900018, 58.237274 ], [ 13.779969265000148, 58.234348014000091 ], [ 13.7807600000001, 58.229877 ], [ 13.772263021000072, 58.229457877000073 ], [ 13.773053999000126, 58.224987012999975 ], [ 13.756065369000112, 58.224143983000033 ], [ 13.76082038900006, 58.19731903100012 ], [ 13.786285029000112, 58.198581839000155 ], [ 13.787072999000088, 58.194111001000067 ], [ 13.77858642800004, 58.193691022000053 ], [ 13.781742001000055, 58.175808 ], [ 13.756293346000064, 58.17454501800006 ], [ 13.757087000000183, 58.170074001000046 ], [ 13.748606024000139, 58.16965486099997 ], [ 13.749013351000144, 58.16735251800003 ], [ 13.749397279000107, 58.165184021000073 ], [ 13.757877033000057, 58.165603813000189 ], [ 13.759458757000061, 58.156665988000043 ], [ 13.750981394000178, 58.15624202000015 ], [ 13.751773878000051, 58.151771995000047 ], [ 13.743295001000035, 58.151348001000144 ], [ 13.744088992000115, 58.146881048000125 ], [ 13.727139511000075, 58.146034027000098 ], [ 13.727931968000178, 58.141563277000046 ], [ 13.719457999000042, 58.141140000000121 ], [ 13.721049308000033, 58.132198335000055 ], [ 13.72952, 58.132622 ], [ 13.730314241000031, 58.128151012999979 ], [ 13.738784929000133, 58.128573997 ], [ 13.739578164000079, 58.124104006999971 ], [ 13.74804699900011, 58.124526999000182 ], [ 13.748838425000088, 58.120056153000064 ], [ 13.7657768360001, 58.120898992000093 ], [ 13.766564968000125, 58.116428179000138 ], [ 13.758098040000164, 58.11600877800015 ], [ 13.758887291000178, 58.111537934000069 ], [ 13.750420084000098, 58.111114525000119 ], [ 13.753581047000068, 58.093231201000151 ], [ 13.76204399900007, 58.093655001000059 ], [ 13.763621331000024, 58.084712982000099 ], [ 13.74669838, 58.083869935000052 ], [ 13.747488981000174, 58.079399108000075 ], [ 13.755948999000054, 58.079823 ], [ 13.759103956999979, 58.061939248000158 ], [ 13.767559013000039, 58.062358928000094 ], [ 13.768344993000028, 58.057888036000179 ], [ 13.776801032000094, 58.058307822000074 ], [ 13.777585000000101, 58.053837 ], [ 13.786041259000172, 58.054256440000074 ], [ 13.787609100000111, 58.045314788999974 ], [ 13.779158, 58.0448950010001 ], [ 13.779942000000119, 58.040423999000154 ], [ 13.771491052000044, 58.040004730000192 ], [ 13.778556, 57.999767000000134 ], [ 13.770113945000048, 57.999347687000181 ], [ 13.769330025000045, 58.00381851200018 ], [ 13.760888100000102, 58.003398895000032 ], [ 13.761674, 57.998927999000102 ], [ 13.753235062000158, 57.998504649999973 ], [ 13.755593987, 57.985092075000182 ], [ 13.747156032000021, 57.984673003000125 ], [ 13.746370001000116, 57.989143 ], [ 13.729493141000091, 57.988296509000122 ], [ 13.730283842000063, 57.983825993000039 ], [ 13.721847001000015, 57.983402001000115 ], [ 13.724217000000124, 57.969994 ], [ 13.690486001000124, 57.968292001000123 ], [ 13.691281318000108, 57.963825225000051 ], [ 13.70814200000018, 57.964671999000132 ], [ 13.708934984000052, 57.960205088000066 ], [ 13.717366045000176, 57.960628752000162 ], [ 13.721316338000065, 57.938274383000191 ], [ 13.729741017000038, 57.938697905000026 ], [ 13.732105101000059, 57.925285331000168 ], [ 13.647886289000041, 57.921028076000084 ], [ 13.649481774000151, 57.912090301000148 ], [ 13.61581039400005, 57.910369873000093 ], [ 13.616609554000092, 57.905902977000153 ], [ 13.599778128000082, 57.905041006000147 ], [ 13.59736541500007, 57.918449213000088 ], [ 13.605786121999984, 57.918880453999975 ], [ 13.604982400000097, 57.923351155000148 ], [ 13.613403131000098, 57.923782339000127 ], [ 13.610192165000115, 57.941661828000065 ], [ 13.601765633000127, 57.941226959000062 ], [ 13.600960731000157, 57.945697785000107 ], [ 13.592535019000081, 57.945266723000145 ], [ 13.586890221000033, 57.976554871000076 ], [ 13.595322605000149, 57.976985955000032 ], [ 13.593708991000028, 57.985923768000134 ], [ 13.585273743000187, 57.985492707000105 ], [ 13.584466933000044, 57.989963532000104 ], [ 13.576029778000134, 57.989528657000108 ], [ 13.575221062000026, 57.993999481000174 ], [ 13.56678300100009, 57.993565001000093 ], [ 13.565974236000045, 57.998035431000176 ], [ 13.549097002000167, 57.997166 ], [ 13.54828357700012, 58.001632691000054 ], [ 13.531407351000155, 58.000762980000161 ], [ 13.530592919000071, 58.005229950000057 ], [ 13.522152901000027, 58.004795075000061 ], [ 13.522968957000046, 58.000324234000061 ], [ 13.514530144000048, 57.999889129000053 ], [ 13.515348000000188, 57.99541900000014 ], [ 13.506910000000119, 57.994980001000101 ], [ 13.507728553000106, 57.990512978000083 ], [ 13.499294295000027, 57.990074087000096 ], [ 13.50011158, 57.985607148000099 ], [ 13.491677285000037, 57.985164642000029 ], [ 13.492497444000094, 57.980697633000034 ], [ 13.484062195000035, 57.980258942000034 ], [ 13.488161919000106, 57.95791243900004 ], [ 13.471305918000155, 57.957035068000152 ], [ 13.470484742000053, 57.961502032999988 ], [ 13.462057099000049, 57.961063132000049 ], [ 13.46288, 57.956593001000101 ], [ 13.454451861000166, 57.95615392100018 ], [ 13.455276996000123, 57.951683020000189 ], [ 13.446851001000084, 57.951241 ], [ 13.444375038000146, 57.964649200999986 ], [ 13.435947360000057, 57.964207020000117 ], [ 13.434294701, 57.973140716000103 ], [ 13.392145074000155, 57.970921005000037 ], [ 13.391312599000116, 57.975387574000024 ], [ 13.366021053, 57.974048998000114 ], [ 13.36435, 57.982983001000093 ], [ 13.372782667000081, 57.983432983000057 ], [ 13.371113020000053, 57.992366902000185 ], [ 13.379547981000144, 57.992813105000039 ], [ 13.378713607, 57.997283935000155 ], [ 13.361841001000187, 57.996387 ], [ 13.361004922, 58.000853996000046 ], [ 13.335697062000179, 57.999512004 ], [ 13.334858026000063, 58.003978869000036 ], [ 13.343296001, 58.004429 ], [ 13.342455000000143, 58.008896 ], [ 13.334017, 58.008446000000106 ], [ 13.333179025000106, 58.012912863999986 ], [ 13.324739190000173, 58.012463011000193 ], [ 13.323055034000106, 58.021396814000127 ], [ 13.314615079000134, 58.020947005000153 ], [ 13.311242091000111, 58.038818123000169 ], [ 13.319685906000075, 58.039268493000122 ], [ 13.317999839000095, 58.048202514000081 ], [ 13.309553000999983, 58.047751999000013 ], [ 13.307864001000041, 58.056686001000116 ], [ 13.299415973000066, 58.056236144000081 ], [ 13.29857000100003, 58.060703 ], [ 13.307018981000112, 58.06115710600011 ], [ 13.306173231000116, 58.065624086000071 ], [ 13.31462669400014, 58.06607437100007 ], [ 13.312091904, 58.079474995000055 ], [ 13.295183, 58.078570999000021 ], [ 13.294335, 58.083042001000138 ], [ 13.285882034000167, 58.082588003000069 ], [ 13.286730000000148, 58.078120999000134 ], [ 13.278277001, 58.07766699900003 ], [ 13.277425815000129, 58.08213398900017 ], [ 13.268971, 58.081679999000073 ], [ 13.268120827000075, 58.086146991000192 ], [ 13.234301052000035, 58.084327722000012 ], [ 13.235153001000072, 58.079861000000108 ], [ 13.226700007000034, 58.079402967000135 ], [ 13.228410853000184, 58.070468993000077 ], [ 13.211508964000132, 58.069553192000058 ], [ 13.210652210000148, 58.074020011000073 ], [ 13.219102999000086, 58.074478001000159 ], [ 13.218246, 58.078945 ], [ 13.20133999900014, 58.078029999000023 ], [ 13.20048300000019, 58.082497000999979 ], [ 13.208935738000037, 58.082954406999988 ], [ 13.207220080000013, 58.091888004000111 ], [ 13.215675985000075, 58.09234608800017 ], [ 13.213961647000133, 58.101279981000118 ], [ 13.205501954000169, 58.100822235000123 ], [ 13.204642191000175, 58.105289011000195 ], [ 13.213101982000182, 58.105747101000077 ], [ 13.212245018000147, 58.11021400300001 ], [ 13.220705985000052, 58.110671997999987 ], [ 13.219848632000094, 58.115139008000142 ], [ 13.218989001000068, 58.1196020000001 ], [ 13.193602, 58.118228999000053 ], [ 13.192741009000088, 58.122695952000129 ], [ 13.201203, 58.12315400000017 ], [ 13.200343999000154, 58.127621 ], [ 13.208809, 58.128078 ], [ 13.207949001000031, 58.132545 ], [ 13.233347849000097, 58.133918993000123 ], [ 13.230777019000016, 58.147319903000096 ], [ 13.239245999000161, 58.14777799899997 ], [ 13.236678, 58.161175001 ], [ 13.245152, 58.161633000000165 ], [ 13.241726040000117, 58.179500795000195 ], [ 13.250202001, 58.179954999000131 ], [ 13.249348043000055, 58.184421781000196 ], [ 13.257825956000147, 58.184878999000034 ], [ 13.258681297000123, 58.180412292000028 ], [ 13.292593956000019, 58.182228089000091 ], [ 13.291744159000132, 58.186695038000096 ], [ 13.308702969000024, 58.187599160000104 ], [ 13.307854651000184, 58.19206619300013 ], [ 13.316335679000076, 58.192516325999975 ], [ 13.315487861000065, 58.196983338000109 ], [ 13.323970794000047, 58.197437287000128 ], [ 13.322275127000125, 58.206371106000063 ], [ 13.330762862000142, 58.206821442000034 ], [ 13.329915067000059, 58.211288003 ], [ 13.338399905000074, 58.211738995000019 ], [ 13.337557037000181, 58.216205805000129 ], [ 13.34604163299997, 58.216655980000155 ], [ 13.344352922000155, 58.225589842000034 ], [ 13.361332892000178, 58.226486206000118 ], [ 13.360489845000131, 58.230957032000049 ], [ 13.377473886000018, 58.231849994000186 ], [ 13.374948043000018, 58.245254773000056 ], [ 13.383442925000168, 58.24570099500005 ], [ 13.382602014000156, 58.250167932000068 ], [ 13.399594912000168, 58.251060469000095 ], [ 13.397915, 58.259998001000099 ], [ 13.406413965000127, 58.26044499700015 ], [ 13.404737359000137, 58.269379010000137 ], [ 13.481253832000107, 58.27336099200005 ], [ 13.482084275000147, 58.26889419500003 ], [ 13.507589952999979, 58.270210249000058 ], [ 13.50676519100017, 58.274681005000105 ], [ 13.515259921000109, 58.275119583 ], [ 13.514443, 58.279587 ], [ 13.531451937000099, 58.280460346000041 ], [ 13.530629095000052, 58.284931005000033 ], [ 13.53913397700012, 58.285371561000034 ], [ 13.53749000900018, 58.294303951000131 ], [ 13.545997548000059, 58.294742977000055 ], [ 13.543532225000092, 58.308147011000131 ], [ 13.552044000000137, 58.308586000000105 ], [ 13.551224001000037, 58.313053 ], [ 13.55972955500016, 58.31348766900004 ], [ 13.558916001000171, 58.31795900100019 ], [ 13.567431000000113, 58.318394 ], [ 13.564971146000175, 58.33179820700002 ], [ 13.573487924000176, 58.332233413000154 ], [ 13.572668062, 58.336704004000126 ], [ 13.589706985000191, 58.337570085000095 ], [ 13.588889083000026, 58.342041005 ], [ 13.605930427000146, 58.34291161900012 ], [ 13.60511600500007, 58.347373984000114 ], [ 13.613629656000057, 58.347804577000147 ], [ 13.614451408000036, 58.34333419799998 ], [ 13.631495477000101, 58.344196319 ], [ 13.632306100000108, 58.339725494 ], [ 13.726044655000067, 58.344421387000182 ], [ 13.725245256000107, 58.348892006000142 ], [ 13.733769000000109, 58.349316 ], [ 13.732171, 58.358257000000151 ], [ 13.706591250000145, 58.356987181000136 ], [ 13.70578079400002, 58.361453643000061 ], [ 13.680209, 58.360176001000013 ], [ 13.679402, 58.364647 ], [ 13.70498559300006, 58.365924980000102 ], [ 13.704180983000072, 58.370395783000049 ], [ 13.738295452000045, 58.372097651000047 ], [ 13.737497182000027, 58.376560010000048 ], [ 13.746029895000049, 58.376983996000092 ], [ 13.74523, 58.381454000000133 ], [ 13.753760994000118, 58.381874035000124 ], [ 13.752965926000059, 58.386344909000059 ], [ 13.735900011000126, 58.385502 ], [ 13.735097028000041, 58.389972848000127 ], [ 13.743632980000029, 58.390396105000036 ], [ 13.742833080000139, 58.394863004000058 ], [ 13.751366100000041, 58.395292040000072 ], [ 13.750568228000134, 58.39975701200018 ], [ 13.759105652000017, 58.400180982999984 ], [ 13.757508, 58.409118999000043 ], [ 13.774587999000062, 58.409961999000132 ], [ 13.776178998000148, 58.401020018000054 ], [ 13.76764305100005, 58.40060000200009 ], [ 13.769236764000027, 58.391658989000121 ], [ 13.760701206000078, 58.391239011000152 ], [ 13.762294, 58.382298000000162 ], [ 13.770827001000043, 58.382717000000184 ], [ 13.771622943000011, 58.378246321 ], [ 13.788686910000138, 58.37908899700011 ], [ 13.789480125000125, 58.374619007000092 ], [ 13.798010927000064, 58.375037997000106 ], [ 13.799595001, 58.366096 ], [ 13.782535, 58.365257 ], [ 13.7833309990001, 58.360786001000065 ], [ 13.774802207000164, 58.360366822000117 ], [ 13.775598, 58.355896001000133 ], [ 13.767071074000057, 58.355472580000139 ], [ 13.767867001000127, 58.351005999000165 ], [ 13.742293368000048, 58.34973901900014 ], [ 13.743889999000089, 58.340797 ], [ 13.684241296000096, 58.337825775000113 ], [ 13.685045241000068, 58.333354951000047 ], [ 13.67652608700007, 58.332931519 ], [ 13.677332912999987, 58.328460996000047 ], [ 13.668813, 58.328033001000051 ], [ 13.672847001000093, 58.305683001000034 ], [ 13.664335251000182, 58.305255889000193 ], [ 13.665142059000118, 58.300785065000127 ], [ 13.690677, 58.302067001000125 ], [ 13.691482001000111, 58.297595999000066 ], [ 13.699992179000105, 58.298023225000065 ], [ 13.700794218999988, 58.293552398000031 ], [ 13.709304001000135, 58.293975999 ], [ 13.710104000000172, 58.28950900000018 ], [ 13.718614579000075, 58.289932251000096 ], [ 13.717815205000022, 58.294403010999986 ], [ 13.734834664, 58.295249983000076 ], [ 13.734038, 58.299721 ], [ 13.742549896000128, 58.300140382000166 ], [ 13.741752624000071, 58.304611206000061 ], [ 13.750265062999972, 58.30503475800009 ], [ 13.751063310000063, 58.30056401600001 ], [ 13.785114999000086, 58.302246001000015 ], [ 13.785905951000188, 58.29777527400006 ], [ 13.794417012000167, 58.298194935000026 ], [ 13.795209988000011, 58.293724065000106 ], [ 13.803719999000066, 58.294144000000131 ], [ 13.802929043, 58.298614756000063 ], [ 13.811441983000066, 58.299034100000085 ], [ 13.810655003000136, 58.303504982 ], [ 13.844710120000116, 58.305171973000029 ], [ 13.845494270000188, 58.300701141000104 ], [ 13.862522007000109, 58.30152896300001 ], [ 13.865649000000133, 58.283646 ], [ 13.8571380140001, 58.283229923000135 ], [ 13.859484001000112, 58.269817000000103 ], [ 13.850978078000026, 58.26940155900013 ], [ 13.851759998999967, 58.264931000000161 ], [ 13.860264999000094, 58.265347 ], [ 13.861044999000114, 58.260876001000099 ], [ 13.87805387700007, 58.261702994000018 ], [ 13.878504991000057, 58.259114542000077 ], [ 13.880957686000045, 58.257335838000188 ], [ 13.887337000000116, 58.257645001000128 ], [ 13.88811397500001, 58.253173999000182 ], [ 13.879612997999971, 58.25275801500004 ], [ 13.879053027000111, 58.255970269000102 ], [ 13.876383627000052, 58.257113038000057 ], [ 13.861827021000181, 58.256404883000187 ], [ 13.864167214000076, 58.242988586000081 ] ] ], [ [ [ 13.756708, 58.413589000000115 ], [ 13.755913, 58.41806 ], [ 13.747371, 58.417641 ], [ 13.744971, 58.431049 ], [ 13.779149, 58.43273500000015 ], [ 13.780741041000056, 58.423799382000084 ], [ 13.78928128400014, 58.424212867000108 ], [ 13.790872, 58.41527200000013 ], [ 13.756708, 58.413589000000115 ] ] ] ] } },
{ "type": "Feature", "properties": { "country": "Sweden", "name": null, "type": null, "count": 1, "first_date": "2023-11-26", "last_date": "2023-11-26" }, "geometry": { "type": "MultiPolygon", "coordinates": [ [ [ [ 10.987499001000117, 58.777363001000083 ], [ 10.98305499900016, 58.776527000000101 ], [ 10.981389, 58.778194 ], [ 10.984723001000134, 58.778472999000087 ], [ 10.987499001000117, 58.777363001000083 ] ] ], [ [ [ 10.999166000000116, 58.837082 ], [ 10.999166000000116, 58.832359 ], [ 10.99639, 58.832359 ], [ 10.994722, 58.830418 ], [ 10.990277, 58.830418 ], [ 10.986389, 58.832638 ], [ 10.986945, 58.835140000000138 ], [ 10.991943, 58.837082 ], [ 10.999166000000116, 58.837082 ] ] ], [ [ [ 10.977501, 58.845139000000188 ], [ 10.973056000000156, 58.84375 ], [ 10.971944000000178, 58.84486 ], [ 10.974166, 58.847363 ], [ 10.977501, 58.847363 ], [ 10.977501, 58.845139000000188 ] ] ], [ [ [ 10.976388000000156, 58.849583 ], [ 10.971944000000178, 58.849861 ], [ 10.970834, 58.850971 ], [ 10.975832, 58.851528 ], [ 10.976388000000156, 58.849583 ] ] ], [ [ [ 11.015833000000157, 58.845974000000183 ], [ 11.017499000000157, 58.842918000000111 ], [ 11.014167000000157, 58.84375 ], [ 11.013611000000139, 58.846806 ], [ 11.018055000000118, 58.847916000000112 ], [ 11.015833000000157, 58.845974000000183 ] ] ], [ [ [ 11.045277, 58.851250000000107 ], [ 11.045277, 58.849304000000188 ], [ 11.040833, 58.84903 ], [ 11.034723, 58.844582000000116 ], [ 11.026388, 58.848194 ], [ 11.028054, 58.850418000000161 ], [ 11.038055, 58.852085000000102 ], [ 11.045277, 58.851250000000107 ] ] ], [ [ [ 11.015833000000157, 58.849583 ], [ 11.013055000000179, 58.849304000000188 ], [ 11.011945000000139, 58.850693 ], [ 11.01527700000014, 58.852085000000102 ], [ 11.015833000000157, 58.849583 ] ] ], [ [ [ 11.036389, 58.854584000000102 ], [ 11.033611000000121, 58.852085000000102 ], [ 11.02861, 58.852085000000102 ], [ 11.029166, 58.853748 ], [ 11.036389, 58.854584000000102 ] ] ], [ [ [ 10.999722, 58.854584000000102 ], [ 10.998612, 58.852085000000102 ], [ 10.994722, 58.851250000000107 ], [ 10.998612, 58.85014 ], [ 10.999722, 58.846806 ], [ 10.996388, 58.846249 ], [ 10.996388, 58.84903 ], [ 10.993056, 58.849304000000188 ], [ 10.988611, 58.845417000000111 ], [ 10.984167, 58.846249 ], [ 10.986389, 58.849304000000188 ], [ 10.985279, 58.850971 ], [ 10.989165, 58.852638000000184 ], [ 10.989721, 58.855415000000107 ], [ 10.995278, 58.855415000000107 ], [ 10.996944, 58.857639 ], [ 10.999166000000116, 58.857639 ], [ 10.999722, 58.854584000000102 ] ] ], [ [ [ 10.986945, 58.863194000000135 ], [ 10.989721, 58.860973 ], [ 10.988611, 58.859585000000152 ], [ 10.981945, 58.860695000000135 ], [ 10.981945, 58.863750000000152 ], [ 10.986945, 58.863194000000135 ] ] ], [ [ [ 11.004166000000112, 58.87014 ], [ 11.005279, 58.867363000000125 ], [ 11.004166000000112, 58.863472 ], [ 10.999722, 58.862915000000157 ], [ 10.998056, 58.858749000000103 ], [ 10.994166000000121, 58.857639 ], [ 10.994166000000121, 58.860695000000135 ], [ 10.992500000000121, 58.86152600000014 ], [ 10.994722, 58.863194000000135 ], [ 10.992500000000121, 58.864861 ], [ 11.000278, 58.864582 ], [ 11.001388, 58.86513900000017 ], [ 11.000834000000111, 58.867916 ], [ 10.998056, 58.870415 ], [ 11.004166000000112, 58.87014 ] ] ], [ [ [ 10.990277, 58.86763800000017 ], [ 10.988055, 58.86652800000013 ], [ 10.985279, 58.868473000000108 ], [ 10.988611, 58.868752000000143 ], [ 10.990277, 58.86763800000017 ] ] ], [ [ [ 10.99139, 58.876251000000138 ], [ 10.990833, 58.874306000000104 ], [ 10.992500000000121, 58.872082000000148 ], [ 10.990833, 58.871807000000103 ], [ 10.990277, 58.869305 ], [ 10.981389, 58.870693000000131 ], [ 10.986389, 58.877083 ], [ 10.989721, 58.87764 ], [ 10.99139, 58.876251000000138 ] ] ], [ [ [ 10.999722, 58.877083 ], [ 10.999722, 58.875137000000109 ], [ 10.997500000000116, 58.875137000000109 ], [ 10.994722, 58.877918000000193 ], [ 10.999722, 58.877083 ] ] ], [ [ [ 10.984723, 58.879860000000122 ], [ 10.984723, 58.878193 ], [ 10.981945, 58.877918000000193 ], [ 10.980279, 58.880695000000117 ], [ 10.984723, 58.879860000000122 ] ] ], [ [ [ 10.982501, 58.883751000000188 ], [ 10.995278, 58.882362 ], [ 10.995834000000116, 58.880695000000117 ], [ 10.985279, 58.880138 ], [ 10.982501, 58.883751000000188 ] ] ], [ [ [ 11.045834000000184, 58.833195000000103 ], [ 11.043055, 58.830139 ], [ 11.044724000000144, 58.826805 ], [ 11.035277000000121, 58.825138000000152 ], [ 11.039723, 58.834583 ], [ 11.044168000000184, 58.835140000000138 ], [ 11.045834000000184, 58.833195000000103 ] ] ], [ [ [ 11.013055000000179, 58.841251 ], [ 11.009167000000161, 58.840973000000133 ], [ 11.009721000000184, 58.843472000000133 ], [ 11.014167000000157, 58.843472000000133 ], [ 11.013055000000179, 58.841251 ] ] ], [ [ [ 11.028054, 58.845139000000188 ], [ 11.029166, 58.843472000000133 ], [ 11.025834, 58.842918000000111 ], [ 11.023056, 58.845974000000183 ], [ 11.028054, 58.845139000000188 ] ] ], [ [ [ 11.054166000000123, 58.850971 ], [ 11.057500000000118, 58.848473000000183 ], [ 11.05638800000014, 58.844307 ], [ 11.048612000000162, 58.843472000000133 ], [ 11.046944000000167, 58.839027 ], [ 11.044168000000184, 58.838749000000121 ], [ 11.044724000000144, 58.842083000000116 ], [ 11.046944000000167, 58.843193 ], [ 11.046390000000144, 58.846527 ], [ 11.048610000000167, 58.848751000000107 ], [ 11.054166000000123, 58.850971 ] ] ], [ [ [ 11.078612, 58.838470000000143 ], [ 11.080834, 58.835972 ], [ 11.080278, 58.831528 ], [ 11.073612, 58.830139 ], [ 11.071943, 58.825138000000152 ], [ 11.069167, 58.826527000000169 ], [ 11.065833, 58.823193000000174 ], [ 11.058057, 58.82375 ], [ 11.060279, 58.827084 ], [ 11.059723, 58.828751000000125 ], [ 11.064167, 58.832359 ], [ 11.068055, 58.832638 ], [ 11.0758340000001, 58.837917 ], [ 11.078612, 58.838470000000143 ] ] ], [ [ [ 11.071390000000122, 58.855972000000179 ], [ 11.068611, 58.855415000000107 ], [ 11.068055, 58.857639 ], [ 11.071943, 58.858471000000179 ], [ 11.071390000000122, 58.855972000000179 ] ] ], [ [ [ 11.073056000000122, 58.86402900000013 ], [ 11.078056, 58.861252 ], [ 11.0758340000001, 58.858749000000103 ], [ 11.071943, 58.860695000000135 ], [ 11.073056000000122, 58.86402900000013 ] ] ], [ [ [ 11.071943, 58.864582 ], [ 11.069721, 58.862083 ], [ 11.067499, 58.862083 ], [ 11.069167, 58.86513900000017 ], [ 11.071943, 58.864582 ] ] ], [ [ [ 11.118611000000101, 58.89708300000018 ], [ 11.119723, 58.895138 ], [ 11.114723, 58.894859000000167 ], [ 11.107500000000186, 58.898472 ], [ 11.111944, 58.89986 ], [ 11.118611000000101, 58.89708300000018 ] ] ], [ [ [ 11.114723, 58.90097 ], [ 11.119167, 58.902084 ], [ 11.121389, 58.89958200000018 ], [ 11.125834000000168, 58.898472 ], [ 11.1152790000001, 58.899029 ], [ 11.114723, 58.90097 ] ] ], [ [ [ 11.129722000000129, 58.926807000000167 ], [ 11.123055, 58.927639000000113 ], [ 11.123055, 58.928196000000185 ], [ 11.127500000000168, 58.929028 ], [ 11.129722000000129, 58.926807000000167 ] ] ], [ [ [ 11.133610000000147, 58.932640000000163 ], [ 11.128612000000146, 58.933193 ], [ 11.126390000000129, 58.934860000000185 ], [ 11.127500000000168, 58.935974000000158 ], [ 11.133056000000124, 58.935417 ], [ 11.133610000000147, 58.932640000000163 ] ] ], [ [ [ 11.091945000000123, 58.914585 ], [ 11.093055000000163, 58.913193000000149 ], [ 11.089167000000145, 58.913471 ], [ 11.089167000000145, 58.915974 ], [ 11.093055000000163, 58.916527000000144 ], [ 11.091945000000123, 58.914585 ] ] ], [ [ [ 11.109722, 58.917362 ], [ 11.104168000000186, 58.91624800000011 ], [ 11.103612, 58.917641000000117 ], [ 11.109722, 58.917362 ] ] ], [ [ [ 11.095277000000124, 58.925694 ], [ 11.090833000000146, 58.926529 ], [ 11.090833000000146, 58.928196000000185 ], [ 11.094167000000141, 58.927917 ], [ 11.095277000000124, 58.925694 ] ] ], [ [ [ 11.111944, 58.933193 ], [ 11.114723, 58.930695000000185 ], [ 11.110832000000187, 58.930695000000185 ], [ 11.105834000000186, 58.934582 ], [ 11.111944, 58.933193 ] ] ], [ [ [ 11.049166000000184, 58.854584000000102 ], [ 11.043055, 58.853748 ], [ 11.040833, 58.855141000000174 ], [ 11.046944000000167, 58.854584000000102 ], [ 11.048056000000145, 58.856251000000157 ], [ 11.050278000000162, 58.855972000000179 ], [ 11.049166000000184, 58.854584000000102 ] ] ], [ [ [ 11.016946, 58.859306000000174 ], [ 11.016389000000117, 58.857361000000139 ], [ 11.011389000000179, 58.858471000000179 ], [ 11.013611000000139, 58.862083 ], [ 11.016946, 58.859306000000174 ] ] ], [ [ [ 11.064723, 58.878193 ], [ 11.064167, 58.876526000000126 ], [ 11.060833, 58.876526000000126 ], [ 11.058057, 58.879307 ], [ 11.062501, 58.880138 ], [ 11.064723, 58.878193 ] ] ], [ [ [ 10.993612, 58.914307000000122 ], [ 10.996388, 58.912361 ], [ 10.997500000000116, 58.914028000000144 ], [ 11.000278, 58.914028000000144 ], [ 11.002500000000111, 58.911251 ], [ 11.001388, 58.910137 ], [ 11.004723000000183, 58.908195000000148 ], [ 11.015845, 58.907944000000157 ], [ 11.017499000000157, 58.904861000000153 ], [ 11.020834, 58.904026000000158 ], [ 11.019722, 58.901527000000158 ], [ 11.0225, 58.900696000000153 ], [ 11.023056, 58.899029 ], [ 11.020278, 58.896805 ], [ 11.015833000000157, 58.896252000000175 ], [ 11.011945000000139, 58.891804 ], [ 11.023056, 58.894306 ], [ 11.025834, 58.89708300000018 ], [ 11.033054, 58.89958200000018 ], [ 11.043055, 58.897915 ], [ 11.048610000000167, 58.894859000000167 ], [ 11.051388000000145, 58.896252000000175 ], [ 11.055278000000158, 58.894585 ], [ 11.056944000000158, 58.892082 ], [ 11.048145, 58.891582 ], [ 11.046944000000167, 58.890141 ], [ 11.050834000000123, 58.887917 ], [ 11.050834000000123, 58.886528000000112 ], [ 11.042499, 58.885418 ], [ 11.041945, 58.882915000000139 ], [ 11.046390000000144, 58.879028 ], [ 11.05305600000014, 58.87764 ], [ 11.053610000000162, 58.875973 ], [ 11.061945, 58.871807000000103 ], [ 11.061945, 58.869026 ], [ 11.053610000000162, 58.867363000000125 ], [ 11.054166000000123, 58.864861 ], [ 11.047500000000184, 58.86152600000014 ], [ 11.044168000000184, 58.862083 ], [ 11.042499, 58.864307 ], [ 11.026944, 58.86513900000017 ], [ 11.025278, 58.867363000000125 ], [ 11.030278, 58.867363000000125 ], [ 11.032501, 58.870419 ], [ 11.008611, 58.875416000000143 ], [ 11.006389000000183, 58.878471000000104 ], [ 11.008055000000184, 58.879860000000122 ], [ 11.006389000000183, 58.8843040000001 ], [ 11.003057000000183, 58.884029000000112 ], [ 11.003057000000183, 58.882362 ], [ 10.998612, 58.882362 ], [ 10.997500000000116, 58.883472 ], [ 10.999722, 58.886250000000189 ], [ 10.994166000000121, 58.883751000000188 ], [ 10.988055, 58.883751000000188 ], [ 10.986389, 58.885693000000117 ], [ 10.980833, 58.886806 ], [ 10.980279, 58.888748 ], [ 10.983611, 58.889027000000112 ], [ 10.983611, 58.890972 ], [ 10.989165, 58.890141 ], [ 10.981945, 58.892361000000108 ], [ 10.982501, 58.894859000000167 ], [ 10.99139, 58.893471 ], [ 10.994166000000121, 58.895416 ], [ 10.999166000000116, 58.895695 ], [ 10.999166000000116, 58.89764 ], [ 10.993056, 58.89708300000018 ], [ 10.993056, 58.898472 ], [ 10.987499, 58.89958200000018 ], [ 10.984167, 58.903473 ], [ 10.985279, 58.905140000000131 ], [ 10.981945, 58.906807 ], [ 10.984167, 58.909306 ], [ 10.990277, 58.908474000000126 ], [ 10.986389, 58.91264 ], [ 10.987499, 58.914307000000122 ], [ 10.993612, 58.914307000000122 ] ] ], [ [ [ 10.963612000000182, 58.890694000000167 ], [ 10.970278000000178, 58.889305 ], [ 10.968056000000161, 58.887638 ], [ 10.973056000000156, 58.887085000000184 ], [ 10.970834, 58.881527 ], [ 10.966944000000183, 58.881527 ], [ 10.963612000000182, 58.884861 ], [ 10.96472400000016, 58.885971 ], [ 10.961389000000111, 58.888195000000167 ], [ 10.963612000000182, 58.890694000000167 ] ] ], [ [ [ 11.010277, 58.915138000000127 ], [ 11.009167000000161, 58.91153 ], [ 11.004723000000183, 58.914307000000122 ], [ 11.005279, 58.915974 ], [ 11.010277, 58.915138000000127 ] ] ], [ [ [ 11.011945000000139, 58.908474000000126 ], [ 11.008055000000184, 58.909863000000144 ], [ 11.008066, 58.911274000000162 ], [ 11.011389000000179, 58.911251 ], [ 11.011945000000139, 58.908474000000126 ] ] ], [ [ [ 11.014167000000157, 58.914028000000144 ], [ 11.020834, 58.913193000000149 ], [ 11.0225, 58.907639000000131 ], [ 11.017499000000157, 58.909863000000144 ], [ 11.014167000000157, 58.914028000000144 ] ] ], [ [ [ 11.103056, 58.941528000000119 ], [ 11.113054, 58.939304000000163 ], [ 11.113054, 58.937916 ], [ 11.105834000000186, 58.937363000000119 ], [ 11.101944, 58.939861 ], [ 11.103056, 58.941528000000119 ] ] ], [ [ [ 11.089167000000145, 58.961807 ], [ 11.096389000000158, 58.959305 ], [ 11.099168, 58.954029000000105 ], [ 11.094167000000141, 58.949585000000127 ], [ 11.088055000000168, 58.949585000000127 ], [ 11.084166, 58.953472 ], [ 11.089167000000145, 58.961807 ] ] ], [ [ [ 11.080278, 58.969582000000173 ], [ 11.083056, 58.965416000000118 ], [ 11.079722, 58.964584000000173 ], [ 11.0791660000001, 58.962082000000123 ], [ 11.073056000000122, 58.96236 ], [ 11.072499, 58.964584000000173 ], [ 11.074722000000122, 58.966805 ], [ 11.073612, 58.969307000000185 ], [ 11.080278, 58.969582000000173 ] ] ], [ [ [ 11.095277000000124, 58.983196 ], [ 11.099721000000159, 58.982361 ], [ 11.100278, 58.979862 ], [ 11.094721000000163, 58.979584000000159 ], [ 11.095277000000124, 58.983196 ] ] ], [ [ [ 11.131944000000146, 58.945415 ], [ 11.131388000000129, 58.944027000000119 ], [ 11.128056000000129, 58.944862000000114 ], [ 11.128612000000146, 58.946804 ], [ 11.131944000000146, 58.945415 ] ] ], [ [ [ 11.108275, 58.963749000000178 ], [ 11.114167, 58.957916 ], [ 11.114723, 58.952084000000127 ], [ 11.116945000000101, 58.952084000000127 ], [ 11.117501, 58.949585000000127 ], [ 11.120277000000101, 58.948750000000132 ], [ 11.118611000000101, 58.945415 ], [ 11.124724000000128, 58.944305 ], [ 11.124167, 58.942917000000136 ], [ 11.129722000000129, 58.939304000000163 ], [ 11.128056000000129, 58.93819400000018 ], [ 11.128612000000146, 58.936527 ], [ 11.121945, 58.937916 ], [ 11.117501, 58.94125 ], [ 11.112501, 58.941528000000119 ], [ 11.110278, 58.943474 ], [ 11.112501, 58.946804 ], [ 11.10861, 58.946529 ], [ 11.106388, 58.948471000000154 ], [ 11.10861, 58.951805000000149 ], [ 11.099168, 58.957085000000177 ], [ 11.100834, 58.958752000000118 ], [ 11.098055000000159, 58.960415 ], [ 11.099721000000159, 58.96236 ], [ 11.098612, 58.963749000000178 ], [ 11.09970600000014, 58.965977000000123 ], [ 11.108054, 58.966251 ], [ 11.108275, 58.963749000000178 ] ] ], [ [ [ 11.134166000000164, 58.983749000000159 ], [ 11.134166000000164, 58.981804000000125 ], [ 11.129722000000129, 58.980972 ], [ 11.129722000000129, 58.979305000000124 ], [ 11.126390000000129, 58.979862 ], [ 11.128056000000129, 58.981804000000125 ], [ 11.129722000000129, 58.981251 ], [ 11.129722000000129, 58.98263900000012 ], [ 11.128056000000129, 58.98263900000012 ], [ 11.128612000000146, 58.984028000000137 ], [ 11.134166000000164, 58.983749000000159 ] ] ], [ [ [ 11.111388, 58.985973000000115 ], [ 11.111388, 58.987915 ], [ 11.114167, 58.988194 ], [ 11.114167, 58.985695 ], [ 11.111388, 58.985973000000115 ] ] ], [ [ [ 11.105834000000186, 58.980694000000142 ], [ 11.107500000000186, 58.982918000000154 ], [ 11.110832000000187, 58.983196 ], [ 11.110832000000187, 58.981804000000125 ], [ 11.105834000000186, 58.980694000000142 ] ] ], [ [ [ 11.108054, 58.988472000000115 ], [ 11.104722, 58.987915 ], [ 11.103612, 58.98875 ], [ 11.109166000000187, 58.990971000000116 ], [ 11.108054, 58.988472000000115 ] ] ], [ [ [ 11.231389, 58.835972 ], [ 11.235278, 58.834305000000143 ], [ 11.225277, 58.835415000000125 ], [ 11.231389, 58.835972 ] ] ], [ [ [ 11.213610000000131, 58.836250000000121 ], [ 11.221945, 58.835140000000138 ], [ 11.215278000000126, 58.834583 ], [ 11.213610000000131, 58.836250000000121 ] ] ], [ [ [ 11.224167, 58.842640000000188 ], [ 11.220279, 58.842083000000116 ], [ 11.219166000000143, 58.844307 ], [ 11.224167, 58.845417000000111 ], [ 11.224167, 58.842640000000188 ] ] ], [ [ [ 11.164722, 58.863194000000135 ], [ 11.170277000000169, 58.859859 ], [ 11.166388, 58.859585000000152 ], [ 11.16139, 58.862640000000169 ], [ 11.164722, 58.863194000000135 ] ] ], [ [ [ 11.134722000000124, 58.831806000000142 ], [ 11.134166000000164, 58.830418 ], [ 11.130834000000164, 58.830971000000147 ], [ 11.132500000000164, 58.833473 ], [ 11.134722000000124, 58.831806000000142 ] ] ], [ [ [ 11.134166000000164, 58.849861 ], [ 11.134166000000164, 58.852085000000102 ], [ 11.136944000000142, 58.852638000000184 ], [ 11.135834000000102, 58.849583 ], [ 11.134166000000164, 58.849861 ] ] ], [ [ [ 11.113611000000105, 58.88736 ], [ 11.118611000000101, 58.885139 ], [ 11.116389, 58.884861 ], [ 11.113611000000105, 58.88736 ] ] ], [ [ [ 11.112501, 58.887917 ], [ 11.109722, 58.887638 ], [ 11.10861, 58.889862000000107 ], [ 11.111944, 58.890694000000167 ], [ 11.112501, 58.887917 ] ] ], [ [ [ 11.135834000000102, 58.924026 ], [ 11.135278000000142, 58.925694 ], [ 11.139723, 58.9254150000001 ], [ 11.139723, 58.923195 ], [ 11.135834000000102, 58.924026 ] ] ], [ [ [ 11.150833, 58.931252 ], [ 11.154722000000106, 58.932640000000163 ], [ 11.156390000000101, 58.933193 ], [ 11.152499, 58.930973 ], [ 11.150833, 58.931252 ] ] ], [ [ [ 11.156390000000101, 58.935974000000158 ], [ 11.144167, 58.934307 ], [ 11.140833, 58.936806 ], [ 11.156390000000101, 58.937637 ], [ 11.156390000000101, 58.935974000000158 ] ] ], [ [ [ 11.254869, 59.093311 ], [ 11.25372300000015, 59.097759 ], [ 11.297106, 59.100708000000111 ], [ 11.295966, 59.105156 ], [ 11.313324, 59.106331000000182 ], [ 11.312187000000108, 59.110783 ], [ 11.34691, 59.113125 ], [ 11.348042, 59.108677000000114 ], [ 11.356724, 59.109261000000117 ], [ 11.358987, 59.100361000000191 ], [ 11.367666, 59.100945000000195 ], [ 11.368796, 59.096493 ], [ 11.37747300000018, 59.097076000000186 ], [ 11.38086, 59.083725 ], [ 11.389536000000135, 59.084305 ], [ 11.394040000000132, 59.066502000000185 ], [ 11.402710000000184, 59.067085000000134 ], [ 11.408330000000149, 59.044830000000104 ], [ 11.416995000000156, 59.045410000000118 ], [ 11.420362, 59.032059000000174 ], [ 11.429022000000145, 59.032639000000188 ], [ 11.431263000000115, 59.023735000000158 ], [ 11.439921, 59.024315000000172 ], [ 11.443276, 59.01096 ], [ 11.45193200000017, 59.011539 ], [ 11.45528, 58.998184 ], [ 11.463934, 58.998760000000118 ], [ 11.466161000000113, 58.989861000000133 ], [ 11.45750900000013, 58.989281000000119 ], [ 11.47086, 58.935867 ], [ 11.462220000000173, 58.93528700000013 ], [ 11.465555, 58.921936000000187 ], [ 11.456919, 58.921356000000173 ], [ 11.464693000000182, 58.890198000000169 ], [ 11.456067000000189, 58.889622000000145 ], [ 11.462724000000151, 58.862911 ], [ 11.454104000000143, 58.862335000000144 ], [ 11.455214000000126, 58.857883000000186 ], [ 11.446595, 58.857307000000162 ], [ 11.447704000000101, 58.852856 ], [ 11.43047, 58.8517 ], [ 11.431582, 58.847248 ], [ 11.422969, 58.846668 ], [ 11.424079, 58.842216000000121 ], [ 11.406851000000131, 58.841057000000148 ], [ 11.407968, 58.83660900000018 ], [ 11.399355, 58.836025000000177 ], [ 11.400469, 58.831577 ], [ 11.383246, 58.830414 ], [ 11.377653000000123, 58.852669000000105 ], [ 11.369038, 58.852085000000102 ], [ 11.367919000000143, 58.856533 ], [ 11.350684000000172, 58.855370000000107 ], [ 11.351808000000119, 58.850918000000149 ], [ 11.34319, 58.850334000000146 ], [ 11.345437000000175, 58.841431000000171 ], [ 11.319599, 58.839676000000111 ], [ 11.318473, 58.844128 ], [ 11.284022000000107, 58.841778 ], [ 11.249575000000164, 58.83941700000014 ], [ 11.25071, 58.834969000000171 ], [ 11.238612, 58.834137000000112 ], [ 11.239166, 58.838470000000143 ], [ 11.235278, 58.838749000000121 ], [ 11.230833000000189, 58.836529 ], [ 11.224723, 58.839863 ], [ 11.225833, 58.841805000000193 ], [ 11.229167000000189, 58.840137 ], [ 11.232499000000189, 58.840973000000133 ], [ 11.228055, 58.844028 ], [ 11.229721, 58.847637000000134 ], [ 11.233055, 58.849861 ], [ 11.231943000000172, 58.851250000000107 ], [ 11.226943, 58.847637000000134 ], [ 11.215278000000126, 58.847084 ], [ 11.214722000000108, 58.845417000000111 ], [ 11.216944000000126, 58.844582000000116 ], [ 11.218056000000104, 58.840694 ], [ 11.220832000000144, 58.839584000000116 ], [ 11.219723, 58.838196 ], [ 11.208056000000113, 58.839863 ], [ 11.200833, 58.84375 ], [ 11.200833, 58.846527 ], [ 11.195279, 58.845695 ], [ 11.197501, 58.841805000000193 ], [ 11.201945, 58.842083000000116 ], [ 11.205833, 58.840137 ], [ 11.200277, 58.839027 ], [ 11.199723, 58.836250000000121 ], [ 11.19361, 58.837082 ], [ 11.193054000000188, 58.835972 ], [ 11.207500000000152, 58.834305000000143 ], [ 11.20861200000013, 58.832916000000125 ], [ 11.195279, 58.82958200000013 ], [ 11.193054000000188, 58.827362000000164 ], [ 11.190832, 58.827641000000142 ], [ 11.188056000000188, 58.831249 ], [ 11.1825, 58.831249 ], [ 11.177499000000125, 58.828472000000147 ], [ 11.173055000000147, 58.829029 ], [ 11.170277000000169, 58.831528 ], [ 11.173611000000108, 58.835693 ], [ 11.155278, 58.837360000000103 ], [ 11.151943000000188, 58.836250000000121 ], [ 11.155278, 58.832638 ], [ 11.153056000000106, 58.830418 ], [ 11.1575, 58.828194 ], [ 11.155278, 58.825974 ], [ 11.146389, 58.82541700000013 ], [ 11.144723, 58.827084 ], [ 11.147499, 58.828472000000147 ], [ 11.144167, 58.830418 ], [ 11.139166000000102, 58.830696000000103 ], [ 11.139723, 58.832638 ], [ 11.134722000000124, 58.834862 ], [ 11.138610000000142, 58.836529 ], [ 11.142501, 58.833473 ], [ 11.143611, 58.836529 ], [ 11.150833, 58.837360000000103 ], [ 11.150277000000187, 58.840416 ], [ 11.153056000000106, 58.841526 ], [ 11.150833, 58.845139000000188 ], [ 11.145833, 58.845695 ], [ 11.145277, 58.847916000000112 ], [ 11.142501, 58.848194 ], [ 11.147499, 58.851250000000107 ], [ 11.141945, 58.851807000000179 ], [ 11.143057, 58.853748 ], [ 11.148611000000187, 58.853748 ], [ 11.148055, 58.851807000000179 ], [ 11.149167, 58.851807000000179 ], [ 11.159166, 58.854305 ], [ 11.160834, 58.856804 ], [ 11.165279000000169, 58.857082000000162 ], [ 11.173055000000147, 58.856251000000157 ], [ 11.177499000000125, 58.85236 ], [ 11.186388, 58.854584000000102 ], [ 11.184722, 58.855972000000179 ], [ 11.173611000000108, 58.856529 ], [ 11.171316000000161, 58.859055000000183 ], [ 11.174167000000125, 58.859585000000152 ], [ 11.174723000000142, 58.861252 ], [ 11.171389000000147, 58.86152600000014 ], [ 11.168055000000152, 58.864582 ], [ 11.156944, 58.863194000000135 ], [ 11.153056000000106, 58.865971 ], [ 11.153612, 58.867916 ], [ 11.159722000000102, 58.865696 ], [ 11.17249900000013, 58.865417 ], [ 11.179168, 58.863472 ], [ 11.195833000000107, 58.864582 ], [ 11.199167, 58.860138 ], [ 11.203611, 58.859585000000152 ], [ 11.20861200000013, 58.856251000000157 ], [ 11.206943, 58.852917000000161 ], [ 11.203055, 58.851807000000179 ], [ 11.213056000000108, 58.848473000000183 ], [ 11.215278000000126, 58.84903 ], [ 11.215834000000143, 58.852638000000184 ], [ 11.218610000000126, 58.853748 ], [ 11.218610000000126, 58.855141000000174 ], [ 11.223057, 58.857361000000139 ], [ 11.21027800000013, 58.858749000000103 ], [ 11.199167, 58.862915000000157 ], [ 11.197501, 58.866249000000153 ], [ 11.208056000000113, 58.864861 ], [ 11.214166000000148, 58.866249000000153 ], [ 11.213610000000131, 58.868195 ], [ 11.207500000000152, 58.866806 ], [ 11.196945, 58.869862000000126 ], [ 11.19361, 58.876530000000116 ], [ 11.194167000000107, 58.878193 ], [ 11.190278, 58.879585 ], [ 11.189166, 58.884583 ], [ 11.192501000000107, 58.88736 ], [ 11.203055, 58.888474 ], [ 11.196945, 58.892361000000108 ], [ 11.200833, 58.896805 ], [ 11.195833000000107, 58.897915 ], [ 11.194167000000107, 58.902363 ], [ 11.193054000000188, 58.901249 ], [ 11.194723, 58.89875 ], [ 11.193054000000188, 58.89764 ], [ 11.185834, 58.900417000000175 ], [ 11.183612, 58.897362000000157 ], [ 11.184722, 58.894859000000167 ], [ 11.186944, 58.894306 ], [ 11.186944, 58.891251 ], [ 11.184722, 58.890415000000189 ], [ 11.180834, 58.893749000000184 ], [ 11.1825, 58.895695 ], [ 11.179721000000143, 58.896252000000175 ], [ 11.180834, 58.899307000000135 ], [ 11.174167000000125, 58.902363 ], [ 11.174723000000142, 58.905140000000131 ], [ 11.17249900000013, 58.903751000000113 ], [ 11.17249900000013, 58.901806000000136 ], [ 11.176389000000142, 58.89958200000018 ], [ 11.176389000000142, 58.897362000000157 ], [ 11.168055000000152, 58.895138 ], [ 11.180278, 58.893471 ], [ 11.176945000000103, 58.891251 ], [ 11.1875, 58.8843040000001 ], [ 11.189166, 58.879028 ], [ 11.185834, 58.87764 ], [ 11.191388000000188, 58.875694 ], [ 11.189722000000188, 58.874027000000126 ], [ 11.191388000000188, 58.873196000000121 ], [ 11.190832, 58.869305 ], [ 11.186944, 58.869862000000126 ], [ 11.1875, 58.867085 ], [ 11.180834, 58.864861 ], [ 11.174723000000142, 58.866249000000153 ], [ 11.170831, 58.869862000000126 ], [ 11.154722000000106, 58.868195 ], [ 11.146389, 58.87236 ], [ 11.140833, 58.870419 ], [ 11.143057, 58.868473000000108 ], [ 11.140833, 58.865971 ], [ 11.135278000000142, 58.867085 ], [ 11.133056000000124, 58.864582 ], [ 11.123611, 58.86402900000013 ], [ 11.120833, 58.865417 ], [ 11.120277000000101, 58.868195 ], [ 11.118565, 58.868698000000109 ], [ 11.119723, 58.870972000000108 ], [ 11.116945000000101, 58.871529 ], [ 11.115833, 58.873474 ], [ 11.1152790000001, 58.877361000000121 ], [ 11.116945000000101, 58.878471000000104 ], [ 11.123055, 58.879028 ], [ 11.126943, 58.877361000000121 ], [ 11.132500000000164, 58.878750000000139 ], [ 11.136388000000125, 58.876251000000138 ], [ 11.144723, 58.875137000000109 ], [ 11.140279, 58.878712000000178 ], [ 11.143057, 58.882637 ], [ 11.136388000000125, 58.887085000000184 ], [ 11.138057, 58.889305 ], [ 11.132500000000164, 58.890972 ], [ 11.132500000000164, 58.889027000000112 ], [ 11.134722000000124, 58.887638 ], [ 11.133610000000147, 58.884861 ], [ 11.136944000000142, 58.884861 ], [ 11.137500000000102, 58.883472 ], [ 11.129166000000168, 58.880974 ], [ 11.124167, 58.882084 ], [ 11.128056000000129, 58.883194000000117 ], [ 11.121389, 58.885693000000117 ], [ 11.119723, 58.887638 ], [ 11.120833, 58.890972 ], [ 11.125277, 58.890415000000189 ], [ 11.129166000000168, 58.892918000000179 ], [ 11.143611, 58.894306 ], [ 11.148611000000187, 58.893196 ], [ 11.149721, 58.891251 ], [ 11.161388000000102, 58.889305 ], [ 11.166388, 58.8843040000001 ], [ 11.16916700000013, 58.885693000000117 ], [ 11.166388, 58.886806 ], [ 11.166945000000169, 58.889027000000112 ], [ 11.161944, 58.890694000000167 ], [ 11.163056, 58.892082 ], [ 11.160834, 58.892639 ], [ 11.165279000000169, 58.894859000000167 ], [ 11.155834, 58.894306 ], [ 11.144723, 58.896805 ], [ 11.144723, 58.89875 ], [ 11.148611000000187, 58.902637 ], [ 11.139723, 58.901806000000136 ], [ 11.139166000000102, 58.89958200000018 ], [ 11.136944000000142, 58.899307000000135 ], [ 11.136944000000142, 58.900417000000175 ], [ 11.126390000000129, 58.901527000000158 ], [ 11.121945, 58.903751000000113 ], [ 11.122501, 58.905693 ], [ 11.118609000000106, 58.906872 ], [ 11.114723, 58.905972 ], [ 11.114167, 58.902637 ], [ 11.111944, 58.901527000000158 ], [ 11.107500000000186, 58.901806000000136 ], [ 11.104722, 58.904583 ], [ 11.1025, 58.904305000000136 ], [ 11.1025, 58.902084 ], [ 11.095833000000141, 58.902637 ], [ 11.100834, 58.905693 ], [ 11.106944, 58.905140000000131 ], [ 11.10139, 58.907360000000153 ], [ 11.100834, 58.909306 ], [ 11.114167, 58.910137 ], [ 11.116945000000101, 58.908195000000148 ], [ 11.118611000000101, 58.910137 ], [ 11.122501, 58.910416 ], [ 11.111944, 58.916805 ], [ 11.110832000000187, 58.920418 ], [ 11.115833, 58.921806000000117 ], [ 11.1152790000001, 58.923195 ], [ 11.120277000000101, 58.924583 ], [ 11.124724000000128, 58.923473000000172 ], [ 11.125277, 58.925694 ], [ 11.128056000000129, 58.925694 ], [ 11.13805, 58.919304 ], [ 11.140833, 58.919304 ], [ 11.140835, 58.921249 ], [ 11.146389, 58.920971000000122 ], [ 11.144167, 58.923752 ], [ 11.148611000000187, 58.923752 ], [ 11.150277000000187, 58.926807000000167 ], [ 11.151943000000188, 58.926807000000167 ], [ 11.156390000000101, 58.924026 ], [ 11.154165, 58.922085 ], [ 11.1575, 58.919861 ], [ 11.147499, 58.920971000000122 ], [ 11.151943000000188, 58.9187510000001 ], [ 11.151389, 58.917084 ], [ 11.158612, 58.917362 ], [ 11.168611000000169, 58.922359 ], [ 11.179721000000143, 58.916805 ], [ 11.18139, 58.916805 ], [ 11.180278, 58.9187510000001 ], [ 11.183612, 58.919029000000194 ], [ 11.202501, 58.915417000000105 ], [ 11.199723, 58.913471 ], [ 11.204724000000112, 58.914307000000122 ], [ 11.205833, 58.917915 ], [ 11.198055, 58.922359 ], [ 11.18861, 58.919304 ], [ 11.18139, 58.921528000000194 ], [ 11.174723000000142, 58.920971000000122 ], [ 11.173055000000147, 58.922638 ], [ 11.174723000000142, 58.924862000000189 ], [ 11.167501000000129, 58.92625 ], [ 11.167501000000129, 58.928196000000185 ], [ 11.17083300000013, 58.930138000000113 ], [ 11.168055000000152, 58.93402900000018 ], [ 11.165832, 58.934582 ], [ 11.168055000000152, 58.935974000000158 ], [ 11.166388, 58.937363000000119 ], [ 11.167498, 58.940418000000136 ], [ 11.165279000000169, 58.94125 ], [ 11.166388, 58.943195 ], [ 11.159166, 58.943474 ], [ 11.163056, 58.941528000000119 ], [ 11.163056, 58.93819400000018 ], [ 11.148055, 58.939304000000163 ], [ 11.153612, 58.942917000000136 ], [ 11.147499, 58.941807000000153 ], [ 11.146389, 58.942638000000159 ], [ 11.148611000000187, 58.942917000000136 ], [ 11.148055, 58.944027000000119 ], [ 11.138610000000142, 58.945415 ], [ 11.130278000000146, 58.950417 ], [ 11.130278000000146, 58.95430400000015 ], [ 11.128612000000146, 58.956528000000105 ], [ 11.123055, 58.955139 ], [ 11.122501, 58.956528000000105 ], [ 11.126943, 58.956806 ], [ 11.126943, 58.957916 ], [ 11.122501, 58.958752000000118 ], [ 11.119167, 58.961529 ], [ 11.119723, 58.964027000000101 ], [ 11.117501, 58.968193 ], [ 11.121945, 58.96847200000019 ], [ 11.120833, 58.969028 ], [ 11.121945, 58.972916000000168 ], [ 11.128612000000146, 58.975418 ], [ 11.141389, 58.974030000000141 ], [ 11.138610000000142, 58.982082 ], [ 11.140833, 58.983196 ], [ 11.141389, 58.986526 ], [ 11.144723, 58.987915 ], [ 11.153612, 58.989029 ], [ 11.159166, 58.986805 ], [ 11.164722, 58.991528 ], [ 11.183056, 58.991806000000111 ], [ 11.183612, 58.994862000000182 ], [ 11.188056000000188, 58.996807 ], [ 11.1875, 58.997917 ], [ 11.189722000000188, 58.999863 ], [ 11.203055, 59.001251000000195 ], [ 11.217500000000143, 59.005974000000151 ], [ 11.219723, 59.005974000000151 ], [ 11.217500000000143, 59.002918 ], [ 11.221389, 59.003750000000196 ], [ 11.221945, 59.005695000000173 ], [ 11.229167000000189, 59.004860000000178 ], [ 11.228055, 59.008472 ], [ 11.224723, 59.009583000000191 ], [ 11.229721, 59.01291700000013 ], [ 11.230277000000171, 59.01708200000013 ], [ 11.226943, 59.01708200000013 ], [ 11.224167, 59.011528000000169 ], [ 11.216944000000126, 59.009304 ], [ 11.213610000000131, 59.005695000000173 ], [ 11.206390000000113, 59.005695000000173 ], [ 11.183056, 58.998749 ], [ 11.159722000000102, 58.99625 ], [ 11.155834, 58.994305000000111 ], [ 11.148055, 58.994305000000111 ], [ 11.145833, 58.99625 ], [ 11.141945, 58.994026000000133 ], [ 11.137500000000102, 58.994305000000111 ], [ 11.136388000000125, 58.995415 ], [ 11.139166000000102, 58.996807 ], [ 11.137500000000102, 58.998196000000178 ], [ 11.130278000000146, 58.998196000000178 ], [ 11.119723, 58.993752 ], [ 11.116389, 58.994305000000111 ], [ 11.116389, 58.992363000000182 ], [ 11.114723, 58.992085 ], [ 11.109166000000187, 58.992638 ], [ 11.109166000000187, 58.994583 ], [ 11.115833, 58.994583 ], [ 11.112501, 58.997639000000106 ], [ 11.119723, 59.001251000000195 ], [ 11.118055, 59.003750000000196 ], [ 11.120833, 59.007637000000102 ], [ 11.120277000000101, 59.009583000000191 ], [ 11.126390000000129, 59.014862000000164 ], [ 11.126943, 59.018471000000147 ], [ 11.128612000000146, 59.01958500000012 ], [ 11.126943, 59.022640000000138 ], [ 11.129166000000168, 59.023472 ], [ 11.128612000000146, 59.025417 ], [ 11.133056000000124, 59.027916 ], [ 11.135278000000142, 59.033195 ], [ 11.147499, 59.038471000000129 ], [ 11.145833, 59.041805 ], [ 11.153053, 59.047642 ], [ 11.158056000000101, 59.049862 ], [ 11.160834, 59.049026000000197 ], [ 11.16139, 59.050694000000135 ], [ 11.16916700000013, 59.05402800000013 ], [ 11.170277000000169, 59.060139 ], [ 11.173055000000147, 59.061527000000126 ], [ 11.174723000000142, 59.066528 ], [ 11.18139, 59.069305 ], [ 11.183056, 59.073750000000189 ], [ 11.192501000000107, 59.078194 ], [ 11.205833, 59.07935300000014 ], [ 11.207472000000109, 59.081528000000162 ], [ 11.216388000000109, 59.083752000000175 ], [ 11.219166000000143, 59.086342 ], [ 11.229995000000145, 59.08708600000017 ], [ 11.228846, 59.091534000000138 ], [ 11.254869, 59.093311 ] ] ], [ [ [ 11.124167, 58.987915 ], [ 11.120277000000101, 58.989029 ], [ 11.124167, 58.990139 ], [ 11.124167, 58.987915 ] ] ], [ [ [ 11.130834000000164, 58.993473 ], [ 11.129166000000168, 58.989029 ], [ 11.126943, 58.989029 ], [ 11.128612000000146, 58.992916 ], [ 11.130834000000164, 58.993473 ] ] ], [ [ [ 11.143611, 58.992363000000182 ], [ 11.140833, 58.990139 ], [ 11.137500000000102, 58.991249 ], [ 11.141945, 58.993473 ], [ 11.143611, 58.992363000000182 ] ] ], [ [ [ 11.17083300000013, 58.996529000000123 ], [ 11.178055000000143, 58.993473 ], [ 11.166945000000169, 58.993752 ], [ 11.166945000000169, 58.995419 ], [ 11.17083300000013, 58.996529000000123 ] ] ], [ [ [ 11.155278, 59.062084 ], [ 11.155834, 59.060139 ], [ 11.149721, 59.05986 ], [ 11.151943000000188, 59.062916000000143 ], [ 11.155278, 59.062084 ] ] ] ] } },
{ "type": "Feature", "properties": { "country": "Netherlands", "name": null, "type": null, "count": 1, "first_date": "2023-11-26", "last_date": "2023-11-26" }, "geometry": { "type": "Polygon", "coordinates": [ [ [ 5.733373164000056, 52.243148803000054 ], [ 5.736290931000156, 52.239551545000097 ], [ 5.737714768000103, 52.232364655000026 ], [ 5.74506282700014, 52.232349397000178 ], [ 5.749419213000181, 52.224262238000108 ], [ 5.747926236000183, 52.220672608000086 ], [ 5.734697819000132, 52.219806672000061 ], [ 5.737566948000108, 52.209030152000139 ], [ 5.758030892000079, 52.194618224000124 ], [ 5.799238205000165, 52.197185517000037 ], [ 5.806495190000135, 52.195384980000142 ], [ 5.81962680800001, 52.185474396000131 ], [ 5.809287071000085, 52.177425386000095 ], [ 5.816545964, 52.167530060000104 ], [ 5.816421033000097, 52.152271270000028 ], [ 5.781215191000172, 52.152370452000071 ], [ 5.769447804000094, 52.147914886000194 ], [ 5.750384809000138, 52.148860932000105 ], [ 5.726902961000178, 52.147117616000116 ], [ 5.72832107500011, 52.139038087000131 ], [ 5.723910808000142, 52.137252808000142 ], [ 5.709235191000118, 52.135486603000118 ], [ 5.698986053000112, 52.13820266800019 ], [ 5.691637993000029, 52.135524750000116 ], [ 5.690087796000114, 52.132820131000074 ], [ 5.685752868000066, 52.131942750000064 ], [ 5.675508975000071, 52.135551454000051 ], [ 5.666693210000119, 52.131977081000173 ], [ 5.644691944000158, 52.131114961000037 ], [ 5.584546090000117, 52.121318817000088 ], [ 5.568422795, 52.122234345000152 ], [ 5.559607982000159, 52.11416244600008 ], [ 5.552272796000011, 52.111473083000078 ], [ 5.556657791000021, 52.106086731000062 ], [ 5.525874138000177, 52.100719452000192 ], [ 5.52294302100006, 52.100723267000035 ], [ 5.515626908000172, 52.10790634100016 ], [ 5.506838799000036, 52.111499787000128 ], [ 5.499510765000139, 52.111503602000028 ], [ 5.499514103000081, 52.113300324000193 ], [ 5.492186070000116, 52.115993500000059 ], [ 5.505380153000146, 52.116886139000144 ], [ 5.509774209000057, 52.11419296300005 ], [ 5.514171123000096, 52.11418914800015 ], [ 5.511247158000174, 52.120475770000041 ], [ 5.502450943000042, 52.11957931500018 ], [ 5.500990867000041, 52.124965668000073 ], [ 5.503928185000063, 52.130352020000089 ], [ 5.518595220000122, 52.132141114000149 ], [ 5.520067214000051, 52.136627197000166 ], [ 5.502477169000088, 52.142021179000039 ], [ 5.505414010000152, 52.147407532000102 ], [ 5.487814903000185, 52.15100097800007 ], [ 5.489288807000094, 52.158180237000181 ], [ 5.484890938000092, 52.161773682000046 ], [ 5.479020118000165, 52.161773682000046 ], [ 5.47755384400017, 52.163570404000041 ], [ 5.484892845000161, 52.164466859000186 ], [ 5.484892845000161, 52.166259765000063 ], [ 5.490766048000182, 52.171646118000126 ], [ 5.49077510900014, 52.181518555000082 ], [ 5.506931781000048, 52.188694001000158 ], [ 5.518677234000165, 52.188690186000088 ], [ 5.52749204700018, 52.192276002000142 ], [ 5.546573163000176, 52.188674928000069 ], [ 5.545101167000041, 52.186878204000095 ], [ 5.540695190000065, 52.185985565000067 ], [ 5.54215192800018, 52.180599212000175 ], [ 5.549424172000045, 52.175247191999972 ], [ 5.555349827000157, 52.175201417000039 ], [ 5.574442864000105, 52.179676056000176 ], [ 5.571512222000138, 52.181472778000114 ], [ 5.570056916000112, 52.185962676000031 ], [ 5.58327198, 52.186847687000125 ], [ 5.583288194000147, 52.192230225000174 ], [ 5.581821918000117, 52.193130494000116 ], [ 5.583294869000042, 52.194923401000096 ], [ 5.60386180800009, 52.19759368900003 ], [ 5.614130974000147, 52.194889069000055 ], [ 5.631744862000062, 52.193069459000128 ], [ 5.640598774000068, 52.203826905000085 ], [ 5.639149189000079, 52.208316803000173 ], [ 5.664174079000134, 52.219947816000172 ], [ 5.677421092000088, 52.224411010000154 ], [ 5.687710762000052, 52.225292206000063 ], [ 5.690734863999978, 52.241443634000063 ], [ 5.717183113000146, 52.239593507000052 ], [ 5.733373164000056, 52.243148803000054 ] ] ] } },
{ "type": "Feature", "properties": { "country": "Netherlands", "name": null, "type": null, "count": 1, "first_date": "2023-11-26", "last_date": "2023-11-26" }, "geometry": { "type": "Polygon", "coordinates": [ [ [ 6.94716310400014, 52.436614991000056 ], [ 6.957592488000103, 52.442127227000128 ], [ 6.959966184000052, 52.433334350000109 ], [ 6.950937748000172, 52.433471679000036 ], [ 6.930066108000062, 52.429721833000087 ], [ 6.91484737400009, 52.43389892700003 ], [ 6.863891124000133, 52.428222656000116 ], [ 6.861956119000183, 52.415672303000065 ], [ 6.873528958000179, 52.408351899000081 ], [ 6.873590946000149, 52.364364624000075 ], [ 6.866107941000166, 52.360862732000044 ], [ 6.863218785000186, 52.362693787000126 ], [ 6.827867031000153, 52.365776062000123 ], [ 6.81753778500007, 52.363220215000126 ], [ 6.79401493000006, 52.360805512000127 ], [ 6.789159775000087, 52.350971223000101 ], [ 6.784632205000094, 52.34743118199998 ], [ 6.771242143000109, 52.343090057000097 ], [ 6.769474983000066, 52.333236695000153 ], [ 6.764976024000077, 52.330589295000152 ], [ 6.760559081999986, 52.330638886000088 ], [ 6.753382206000026, 52.337001801000099 ], [ 6.74462413800012, 52.33978652900015 ], [ 6.719713211, 52.3445434570001 ], [ 6.73028278400011, 52.353405000000123 ], [ 6.73054122800005, 52.362380983000151 ], [ 6.726249217000088, 52.366912843000136 ], [ 6.723535060000131, 52.37502288800016 ], [ 6.716241836000108, 52.377792358000136 ], [ 6.707804203000023, 52.392242432000103 ], [ 6.709353923000151, 52.394920350000177 ], [ 6.679007053000134, 52.417675019000058 ], [ 6.683722972000169, 52.425743104000105 ], [ 6.688159942000084, 52.428352357000108 ], [ 6.683932782000113, 52.435577393000131 ], [ 6.682631016000016, 52.441871643000127 ], [ 6.693118095000102, 52.447151185000166 ], [ 6.702002048000168, 52.447956085000101 ], [ 6.709560870000132, 52.454162599000085 ], [ 6.709663868000121, 52.457752227000128 ], [ 6.725215911000021, 52.476455688000158 ], [ 6.753103256000031, 52.46379852300015 ], [ 6.774632454000027, 52.459613799000124 ], [ 6.854307651000056, 52.459598541000105 ], [ 6.852612973000021, 52.449943543000074 ], [ 6.861857891000056, 52.451416015000063 ], [ 6.941683770000111, 52.435489654000094 ], [ 6.94716310400014, 52.436614991000056 ] ] ] } },
{ "type": "Feature", "properties": { "country": "Netherlands", "name": null, "type": null, "count": 1, "first_date": "2023-11-26", "last_date": "2023-11-26" }, "geometry": { "type": "Polygon", "coordinates": [ [ [ 7.072269916000153, 52.372764587000063 ], [ 7.01956510600013, 52.365245820000155 ], [ 6.996240139000122, 52.372726440000065 ], [ 6.981759072000045, 52.380947113000161 ], [ 6.973855018999984, 52.364933015000133 ], [ 6.98216915200004, 52.349567413000102 ], [ 6.971796988000165, 52.347904205000134 ], [ 6.962681771000121, 52.339939119000121 ], [ 6.965445041000123, 52.334518432000095 ], [ 6.943325997000159, 52.333896638000169 ], [ 6.941720962000147, 52.33029556200006 ], [ 6.922619819000033, 52.331459046000077 ], [ 6.910930156000177, 52.334293366000111 ], [ 6.909279824000066, 52.328929901000151 ], [ 6.906246184000054, 52.326271058000145 ], [ 6.891320229000087, 52.320167541999979 ], [ 6.888143063000086, 52.313026428000114 ], [ 6.880784036000023, 52.313114167000037 ], [ 6.871751785000129, 52.306934357000102 ], [ 6.870050908000167, 52.299774169000102 ], [ 6.875878811000177, 52.297908784000185 ], [ 6.883264065000162, 52.298721315000193 ], [ 6.900746822000144, 52.293125153000062 ], [ 6.905218124000044, 52.294864654000037 ], [ 6.922605991000182, 52.286575318000189 ], [ 6.901895045000174, 52.283233642000141 ], [ 6.896039963000135, 52.284202577000087 ], [ 6.891569137000033, 52.282463073000031 ], [ 6.891481877000103, 52.279769897000165 ], [ 6.886923791000129, 52.275337219 ], [ 6.879514217000064, 52.273628234000114 ], [ 6.851686000000143, 52.277545930000088 ], [ 6.859096050000062, 52.279254913000159 ], [ 6.863622189000182, 52.282794953000121 ], [ 6.863708973000087, 52.285484313999973 ], [ 6.857995033000179, 52.290939330000128 ], [ 6.858051776000138, 52.292732239000088 ], [ 6.841925145000118, 52.294715882000162 ], [ 6.831764221000185, 52.299320221000187 ], [ 6.830348968000067, 52.301132203000179 ], [ 6.83190298, 52.303810121000083 ], [ 6.836430073000031, 52.307346344000166 ], [ 6.833571910999979, 52.310073852000073 ], [ 6.813129901000082, 52.315692902000137 ], [ 6.783796786000153, 52.319610596000075 ], [ 6.769474983000066, 52.333236695000153 ], [ 6.771242143000109, 52.343090057000097 ], [ 6.784632205000094, 52.34743118199998 ], [ 6.789159775000087, 52.350971223000101 ], [ 6.79401493000006, 52.360805512000127 ], [ 6.81753778500007, 52.363220215000126 ], [ 6.827867031000153, 52.365776062000123 ], [ 6.863218785000186, 52.362693787000126 ], [ 6.866107941000166, 52.360862732000044 ], [ 6.873590946000149, 52.364364624000075 ], [ 6.873528958000179, 52.408351899000081 ], [ 6.861956119000183, 52.415672303000065 ], [ 6.863891124000133, 52.428222656000116 ], [ 6.91484737400009, 52.43389892700003 ], [ 6.930066108000062, 52.429721833000087 ], [ 6.950937748000172, 52.433471679000036 ], [ 6.959966184000052, 52.433334350000109 ], [ 6.957592488000103, 52.442127227000128 ], [ 6.962381362000031, 52.444046019999973 ], [ 6.977562904000081, 52.465476989000138 ], [ 6.987941742000146, 52.469539642000086 ], [ 6.993966580000063, 52.465515138000171 ], [ 6.994521618000135, 52.462104798000098 ], [ 7.00556755100007, 52.444080354000164 ], [ 7.010888577000117, 52.429073333000076 ], [ 7.02213478200008, 52.422691346000022 ], [ 7.035834789000091, 52.402526856000179 ], [ 7.051629067000022, 52.399887085000159 ], [ 7.055480480000085, 52.400951385000099 ], [ 7.058798313000068, 52.399330139000085 ], [ 7.058628560000159, 52.395950318000132 ], [ 7.064286232000029, 52.389709473000039 ], [ 7.072269916000153, 52.372764587000063 ] ] ] } },
{ "type": "Feature", "properties": { "country": "Sweden", "name": null, "type": null, "count": 1, "first_date": "2023-11-26", "last_date": "2023-11-26" }, "geometry": { "type": "Polygon", "coordinates": [ [ [ 12.947501000000102, 56.546844 ], [ 12.957650081000054, 56.547439570000165 ], [ 12.958493, 56.542973 ], [ 12.966596, 56.543446000000131 ], [ 12.967437, 56.538979 ], [ 12.991744, 56.540394 ], [ 12.990905, 56.544861000000139 ], [ 12.999010000000112, 56.545334000000196 ], [ 12.998171000000127, 56.549797000000183 ], [ 13.00627498700004, 56.550270071000114 ], [ 13.005439, 56.554737000000159 ], [ 13.013545945000146, 56.555206295000175 ], [ 13.012709, 56.559673 ], [ 13.020813854000096, 56.560142992000181 ], [ 13.019980430999965, 56.564609529000165 ], [ 13.028086617000099, 56.565078978000031 ], [ 13.026416, 56.574013 ], [ 13.018307000000163, 56.573544 ], [ 13.017471314000147, 56.578010559000177 ], [ 13.025582314000133, 56.578479766000157 ], [ 13.024746040000025, 56.582946784000114 ], [ 13.032856939000112, 56.583415991000095 ], [ 13.032023431000084, 56.587882997000065 ], [ 13.048250000000166, 56.588818 ], [ 13.047416070000111, 56.59328462700006 ], [ 13.071762, 56.594685 ], [ 13.07093006700012, 56.599151643000027 ], [ 13.087161927000011, 56.600082393000093 ], [ 13.086332393000134, 56.604549023 ], [ 13.110687257000166, 56.605941773000154 ], [ 13.109860421000121, 56.610408782000036 ], [ 13.117977969000151, 56.610874170000159 ], [ 13.117153200000018, 56.615341011000169 ], [ 13.125273665, 56.615802981 ], [ 13.124449039000183, 56.62026979 ], [ 13.140691758, 56.621196748000159 ], [ 13.141514778999976, 56.616725921000182 ], [ 13.157756, 56.617649 ], [ 13.156935, 56.622116 ], [ 13.165058000000101, 56.622578 ], [ 13.164240057000029, 56.62704468700008 ], [ 13.180486000000144, 56.62796400000019 ], [ 13.179665, 56.632431000000111 ], [ 13.187789880000139, 56.632888993000108 ], [ 13.186154365999982, 56.641826630000196 ], [ 13.194281, 56.642284000000188 ], [ 13.192647, 56.651218 ], [ 13.184518000000139, 56.650761000000102 ], [ 13.181240090000188, 56.668632509000076 ], [ 13.197504028000083, 56.669551848000197 ], [ 13.198322, 56.6650810000001 ], [ 13.29591896400018, 56.670532202000118 ], [ 13.295113, 56.674999 ], [ 13.303248970000027, 56.675453163000043 ], [ 13.302442, 56.67992 ], [ 13.334991454999965, 56.681716919000166 ], [ 13.335790635000023, 56.677249909000068 ], [ 13.343927384000096, 56.677696228000116 ], [ 13.345526696000093, 56.668758392000086 ], [ 13.353664397999978, 56.669204712000067 ], [ 13.354460715000073, 56.664737701000035 ], [ 13.362595559000113, 56.665184021000016 ], [ 13.364191056000038, 56.656242370000143 ], [ 13.372323037000058, 56.656688691 ], [ 13.375507354000035, 56.638813018000064 ], [ 13.383633614000075, 56.639255524000077 ], [ 13.386811256000044, 56.621379852000018 ], [ 13.394935607000036, 56.621822357000156 ], [ 13.39889812500013, 56.599475860000098 ], [ 13.407017708000069, 56.599918366000111 ], [ 13.410179117000041, 56.582039006000116 ], [ 13.418294941999989, 56.582481191000056 ], [ 13.420661, 56.569073 ], [ 13.428774901000168, 56.569515073000161 ], [ 13.429562925000027, 56.565044424000178 ], [ 13.445789206000086, 56.565925592000042 ], [ 13.452062999000077, 56.530167 ], [ 13.460169821000079, 56.530605154000114 ], [ 13.463296890000095, 56.512725830000136 ], [ 13.471399197000153, 56.513164515000085 ], [ 13.472960473, 56.504222869000102 ], [ 13.464860000000101, 56.50378400000011 ], [ 13.467203141000084, 56.490371705000143 ], [ 13.459106446000078, 56.48993301400003 ], [ 13.462229689000139, 56.472053755000104 ], [ 13.454137000000173, 56.471611000000166 ], [ 13.457262, 56.453731999000127 ], [ 13.465353012000037, 56.454170226000031 ], [ 13.471584085000188, 56.418407429000126 ], [ 13.455422401000021, 56.417530059000057 ], [ 13.456201552999971, 56.413059235000105 ], [ 13.415802002000135, 56.410850526000104 ], [ 13.416585921000092, 56.40638351400014 ], [ 13.384275437000156, 56.404605866000111 ], [ 13.385063172, 56.400138854000033 ], [ 13.376985550000143, 56.399692536000032 ], [ 13.377775193, 56.395221711000033 ], [ 13.369700432000059, 56.394779206000123 ], [ 13.37048816600003, 56.390308381000125 ], [ 13.36241340600003, 56.389862060000041 ], [ 13.363204002000089, 56.385391236000146 ], [ 13.355129242000032, 56.384944917000098 ], [ 13.355921746000092, 56.380477905000134 ], [ 13.307491302000017, 56.377788544000111 ], [ 13.30828762100009, 56.373317720000045 ], [ 13.300217628000041, 56.372867584000062 ], [ 13.301015853000081, 56.36839675900012 ], [ 13.284876824000094, 56.367496490000121 ], [ 13.28567504900019, 56.363025665000123 ], [ 13.277608871000155, 56.362575531 ], [ 13.278407096000024, 56.358108519999973 ], [ 13.270340919000091, 56.357654571000182 ], [ 13.271141053000065, 56.353183746000184 ], [ 13.255010605000166, 56.35227966400015 ], [ 13.257415772000115, 56.338871003000122 ], [ 13.249354362000133, 56.338420867000195 ], [ 13.250153542000021, 56.333950043000129 ], [ 13.242093087, 56.333496094000111 ], [ 13.242899895000164, 56.329029084000183 ], [ 13.234839439999973, 56.328575134000118 ], [ 13.235640525000122, 56.32410430900012 ], [ 13.219523430000152, 56.323192596000069 ], [ 13.220330238000145, 56.318725587000074 ], [ 13.196157455000161, 56.317356110000162 ], [ 13.194540976999974, 56.326293946000192 ], [ 13.18648242900008, 56.32583618200016 ], [ 13.184862138000028, 56.334774019000065 ], [ 13.176802792000046, 56.334316264000165 ], [ 13.175989001000119, 56.338783001000138 ], [ 13.167927742000074, 56.338325500000053 ], [ 13.16711608900016, 56.342792508000173 ], [ 13.159054756000046, 56.342334748000098 ], [ 13.158241047000161, 56.346801744000061 ], [ 13.077622413000142, 56.342178346000139 ], [ 13.076795648000029, 56.346644980000065 ], [ 13.036490416999982, 56.34431089200001 ], [ 13.035662651000109, 56.34877777000014 ], [ 13.003415102000076, 56.346900973 ], [ 13.00258254900001, 56.351367951000157 ], [ 12.986460686000044, 56.350429535000103 ], [ 12.98479175500006, 56.359363556000062 ], [ 12.968665076999969, 56.358417757000097 ], [ 12.967828750000137, 56.362884521000183 ], [ 12.95976265000013, 56.362411979000171 ], [ 12.95892600000019, 56.366879 ], [ 12.966991999000129, 56.367352 ], [ 12.965316928000163, 56.376285564000113 ], [ 12.973384783000029, 56.376758987000073 ], [ 12.972549081000182, 56.38122556400009 ], [ 12.964481269000032, 56.380753016000085 ], [ 12.961967468000125, 56.394153596000024 ], [ 12.970039367000027, 56.394626618000075 ], [ 12.965011873000037, 56.421424920000163 ], [ 12.973088999000083, 56.421898001000102 ], [ 12.971413613000038, 56.430831910000109 ], [ 12.963334064000037, 56.430359004000024 ], [ 12.962495803000081, 56.434825897000053 ], [ 12.930176867000114, 56.432930001000045 ], [ 12.929333690000078, 56.43739698700017 ], [ 12.913174783000045, 56.436443338000061 ], [ 12.91232437900004, 56.440909552000107 ], [ 12.904250033000039, 56.440434002000188 ], [ 12.903404094000109, 56.444900504000088 ], [ 12.899766974000102, 56.444686946 ], [ 12.898507000000109, 56.447918000000186 ], [ 12.914166451000028, 56.461250305000078 ], [ 12.92472267100004, 56.473751069000059 ], [ 12.92472267100004, 56.475971223000045 ], [ 12.93527794, 56.490417480000133 ], [ 12.944167137000022, 56.515140533000135 ], [ 12.946945190000122, 56.531806946000074 ], [ 12.947501000000102, 56.546844 ] ] ] } },
{ "type": "Feature", "properties": { "country": "Sweden", "name": null, "type": null, "count": 1, "first_date": "2023-11-26", "last_date": "2023-11-26" }, "geometry": { "type": "Polygon", "coordinates": [ [ [ 13.559582710000029, 55.80944824200003 ], [ 13.535720826000102, 55.808147431000123 ], [ 13.536478042000056, 55.803676605000078 ], [ 13.528523444000029, 55.803241729000149 ], [ 13.529277802000081, 55.798770905000026 ], [ 13.521327972000108, 55.798336029000154 ], [ 13.52208328200004, 55.793865205000031 ], [ 13.51413345300017, 55.793430329000103 ], [ 13.516403199000024, 55.780014038 ], [ 13.524350166000033, 55.78044891400009 ], [ 13.525105476000022, 55.775978089000148 ], [ 13.517156601000181, 55.775543214000095 ], [ 13.517913819000114, 55.771068574000083 ], [ 13.509966850000126, 55.770633698000154 ], [ 13.509211539000034, 55.775108338 ], [ 13.501264572000025, 55.774669648000156 ], [ 13.500506401000109, 55.779140472000051 ], [ 13.4925594340001, 55.778705597 ], [ 13.49331760400014, 55.774234772000057 ], [ 13.485369682000112, 55.77379608200016 ], [ 13.48309135500017, 55.787212373000102 ], [ 13.467191695, 55.786334992000036 ], [ 13.464905738000141, 55.799751282999978 ], [ 13.456954003000078, 55.799308777000135 ], [ 13.45466137, 55.812725068000077 ], [ 13.430801392000092, 55.811405182000101 ], [ 13.429266930000097, 55.820346833000031 ], [ 13.44517993900007, 55.821228027000075 ], [ 13.443646432000094, 55.830169678000175 ], [ 13.451604842000052, 55.830608369000117 ], [ 13.446244240999988, 55.861907958000018 ], [ 13.438279153000167, 55.861469270000157 ], [ 13.437511444000165, 55.865940094000052 ], [ 13.429547309000156, 55.865497589000142 ], [ 13.428009034000127, 55.874439240000186 ], [ 13.435976982, 55.874881744000049 ], [ 13.435206414000049, 55.879352570000094 ], [ 13.443174362000093, 55.879791261000094 ], [ 13.442408561000093, 55.884262086000092 ], [ 13.466314315999966, 55.885581970000032 ], [ 13.464784622000082, 55.894523621000133 ], [ 13.456812859000138, 55.894084931000066 ], [ 13.456047058000081, 55.898555755000132 ], [ 13.448077202000036, 55.898117065000065 ], [ 13.445004463000089, 55.916000366000105 ], [ 13.437029839, 55.915561676999971 ], [ 13.436259270000107, 55.92003250200014 ], [ 13.420310021000034, 55.919147493000196 ], [ 13.419536590000064, 55.923618317000091 ], [ 13.411558151000122, 55.923175812000181 ], [ 13.409242630000108, 55.936588288000053 ], [ 13.393283844000052, 55.935703278 ], [ 13.394833565000113, 55.926761627000133 ], [ 13.378879547000054, 55.925872803000118 ], [ 13.377327919000095, 55.934814454 ], [ 13.385307313000055, 55.935260773000095 ], [ 13.382978439000112, 55.948673249000137 ], [ 13.390961648000086, 55.949115754000104 ], [ 13.387857437000036, 55.966999055000144 ], [ 13.379871368000181, 55.966552734000061 ], [ 13.379094124000176, 55.971023559000059 ], [ 13.387080193000031, 55.971469880000143 ], [ 13.385527610999986, 55.980407716000173 ], [ 13.393516540000121, 55.980854034000117 ], [ 13.391963958000076, 55.989795686000093 ], [ 13.383974076000129, 55.989349365000066 ], [ 13.383196831000078, 55.99382019 ], [ 13.391189576000158, 55.994266509999989 ], [ 13.390412330000117, 55.998737334999987 ], [ 13.398403167000026, 55.999179841 ], [ 13.39762783000009, 56.003650665000123 ], [ 13.413614272000132, 56.004535674000067 ], [ 13.414388656000085, 56.000064850000172 ], [ 13.446360589000051, 56.001831055000196 ], [ 13.444820404000041, 56.010772706000068 ], [ 13.45281505600019, 56.011211395000032 ], [ 13.45204544000012, 56.015682221000134 ], [ 13.44404983600009, 56.015243531000067 ], [ 13.442506791000028, 56.024185180000131 ], [ 13.458503723000035, 56.02506256099997 ], [ 13.457733154000152, 56.029533386000139 ], [ 13.465732574000185, 56.029972076000035 ], [ 13.463426591000029, 56.043388367000148 ], [ 13.471428871000114, 56.043827058000147 ], [ 13.470661162999988, 56.048297882000043 ], [ 13.478663445000052, 56.048736572999985 ], [ 13.477894784000171, 56.053207397000108 ], [ 13.48589897200003, 56.05364227299998 ], [ 13.486666680000155, 56.049171448000038 ], [ 13.51067829100009, 56.050483704000044 ], [ 13.509914397000102, 56.054954529000042 ], [ 13.517918587000167, 56.055389405000142 ], [ 13.516391753000164, 56.064331056000015 ], [ 13.524399758000072, 56.064765931000068 ], [ 13.522109986000146, 56.078182219999974 ], [ 13.56216335300013, 56.080348969000113 ], [ 13.562921524000046, 56.075878144000114 ], [ 13.570931434000045, 56.076309204999973 ], [ 13.575473785999975, 56.049480437999989 ], [ 13.583477974, 56.049911500000121 ], [ 13.584232330000077, 56.045440673000144 ], [ 13.592237472000022, 56.045871736000038 ], [ 13.593745233, 56.036926269000162 ], [ 13.609749793000105, 56.037788391999982 ], [ 13.610502243000042, 56.03331375200014 ], [ 13.634508133000168, 56.034599305000029 ], [ 13.635254860000032, 56.030128479000098 ], [ 13.643257141, 56.030555726000046 ], [ 13.642510413000025, 56.035026550000111 ], [ 13.650511743000038, 56.035453798000106 ], [ 13.652751923000096, 56.022037507000164 ], [ 13.659162252000158, 56.022379944000193 ], [ 13.660553334000156, 56.02365903600014 ], [ 13.660007478000125, 56.026935578000177 ], [ 13.668006899000034, 56.0273589950001 ], [ 13.668751717000191, 56.022888184000124 ], [ 13.660943688000145, 56.02131492500007 ], [ 13.66224289000013, 56.013519287000065 ], [ 13.654245378000098, 56.013092040000117 ], [ 13.654990195000039, 56.008621216000051 ], [ 13.662987710000152, 56.009044648000099 ], [ 13.664478302000191, 56.000099181000053 ], [ 13.672473907000153, 56.000526429000047 ], [ 13.673959732000071, 55.991580964000036 ], [ 13.657971382000028, 55.990730285000097 ], [ 13.660952567000038, 55.972839356000122 ], [ 13.652961730000129, 55.972415924000074 ], [ 13.653706550000152, 55.967941284 ], [ 13.645718575000103, 55.967514039000093 ], [ 13.644973756000184, 55.971988679000162 ], [ 13.628994942000077, 55.971134186000086 ], [ 13.631984709999983, 55.953243256000178 ], [ 13.624000548000026, 55.952816010000163 ], [ 13.626991273000101, 55.934928895000155 ], [ 13.619009972000072, 55.934497834000126 ], [ 13.621999742000185, 55.916610719000118 ], [ 13.606045721999976, 55.915752411000142 ], [ 13.606796264000081, 55.911281587000076 ], [ 13.598818778000123, 55.910850524000182 ], [ 13.599571228000059, 55.906379700000116 ], [ 13.591593742000043, 55.90594863900003 ], [ 13.59234619200015, 55.901477815000135 ], [ 13.58437061300009, 55.90104675200007 ], [ 13.58587646400008, 55.892101288000163 ], [ 13.561958313, 55.89080810500019 ], [ 13.562712669000064, 55.886337280000191 ], [ 13.554742813000018, 55.885902405000195 ], [ 13.556250573000113, 55.876960754000095 ], [ 13.56421947400014, 55.877391816000056 ], [ 13.565726280000092, 55.868446350000113 ], [ 13.557758331000116, 55.868015289000084 ], [ 13.558511734000035, 55.863544465000189 ], [ 13.550546646000043, 55.863109589000089 ], [ 13.552809715000137, 55.849697113 ], [ 13.560770988000115, 55.850128174000076 ], [ 13.561525345000064, 55.845657349000078 ], [ 13.566787720000036, 55.814350129000161 ], [ 13.558834077000142, 55.813919067000029 ], [ 13.559582710000029, 55.80944824200003 ] ] ] } },
{ "type": "Feature", "properties": { "country": "Germany", "name": "Neustadt in Holstein", "type": "Amtsfreie Gemeinde", "count": 1, "first_date": "2022-07-16", "last_date": "2022-07-16" }, "geometry": { "type": "Polygon", "coordinates": [ [ [ 10.894997597000156, 54.098472595000089 ], [ 10.892499924000163, 54.095417023999971 ], [ 10.883054734000098, 54.090137482000159 ], [ 10.867500304999965, 54.084861755000134 ], [ 10.863612176000061, 54.084861755000134 ], [ 10.855279923000126, 54.089027405000024 ], [ 10.824167252000052, 54.088470459000121 ], [ 10.815276146000031, 54.091804505000141 ], [ 10.812498093000102, 54.095973968000067 ], [ 10.806389809000052, 54.096248628000069 ], [ 10.804721831000109, 54.095138551000105 ], [ 10.807499886000187, 54.092082978000178 ], [ 10.801945686000181, 54.090694428 ], [ 10.801388740000107, 54.086250305000135 ], [ 10.799722672000087, 54.084026338000058 ], [ 10.787075997000045, 54.085979462000182 ], [ 10.786072730000114, 54.086799623000104 ], [ 10.788253784000062, 54.090835572000174 ], [ 10.784566879000124, 54.093708039000092 ], [ 10.785061835000022, 54.095638275000056 ], [ 10.78913879400011, 54.097530366000058 ], [ 10.789730071000122, 54.101383209000062 ], [ 10.792057990000046, 54.102188111000032 ], [ 10.788091659000088, 54.105411530000026 ], [ 10.798115729000074, 54.111927033000086 ], [ 10.794816970000056, 54.114494323000088 ], [ 10.79543972099998, 54.11614227299998 ], [ 10.80336094, 54.116653442000086 ], [ 10.805088996, 54.114585877000195 ], [ 10.808850287000098, 54.114700318000132 ], [ 10.809956551000141, 54.117580415000134 ], [ 10.807190895000076, 54.119876863000059 ], [ 10.810366631000136, 54.123641967000026 ], [ 10.812555313000018, 54.123889923000149 ], [ 10.811899185000129, 54.126205444000107 ], [ 10.81344032200019, 54.127910613999973 ], [ 10.82098579400008, 54.130989076000162 ], [ 10.832658768000101, 54.131614685000159 ], [ 10.835478783000099, 54.128471375000117 ], [ 10.839593887999968, 54.13071441600016 ], [ 10.843893052000055, 54.127094269000054 ], [ 10.842300415000011, 54.124889375000066 ], [ 10.836149216000081, 54.122318267000139 ], [ 10.836894989000086, 54.119857789000093 ], [ 10.844023705000154, 54.11671066200006 ], [ 10.839351654000041, 54.115447998000036 ], [ 10.839005470000131, 54.114181519000113 ], [ 10.841346740000063, 54.11259460399998 ], [ 10.838120461000017, 54.112400055000137 ], [ 10.835725784000033, 54.109199525 ], [ 10.837726593000127, 54.106983186000036 ], [ 10.846538543, 54.10618591400015 ], [ 10.843828201000122, 54.107406616000105 ], [ 10.844554900000105, 54.108474731000115 ], [ 10.851203919000056, 54.108528138000167 ], [ 10.853636741000059, 54.107021333000091 ], [ 10.858269691000089, 54.107341766000047 ], [ 10.861141204999967, 54.105274201000157 ], [ 10.862809181000159, 54.109176635999972 ], [ 10.870766639000067, 54.110248566000053 ], [ 10.879954339000165, 54.105262756000172 ], [ 10.882159233000152, 54.105724335000048 ], [ 10.881735802000037, 54.102764131000129 ], [ 10.888130187000172, 54.103488922000111 ], [ 10.894997597000156, 54.098472595000089 ] ] ] } },
{ "type": "Feature", "properties": { "country": "Netherlands", "name": null, "type": null, "count": 1, "first_date": "2023-11-26", "last_date": "2023-11-26" }, "geometry": { "type": "Polygon", "coordinates": [ [ [ 6.273222924000038, 52.668128968000133 ], [ 6.276441097000145, 52.673313141 ], [ 6.280892848000121, 52.67328262400008 ], [ 6.278093813999988, 52.682277680000027 ], [ 6.29001998800004, 52.684886932999973 ], [ 6.284132957000111, 52.687625886000035 ], [ 6.284185887000035, 52.690311432000044 ], [ 6.293093205, 52.690250397000057 ], [ 6.294752120000055, 52.699214936000033 ], [ 6.284287930000062, 52.695697784000174 ], [ 6.284338952000155, 52.698390960999973 ], [ 6.287342072000115, 52.700164796000138 ], [ 6.283008099000085, 52.706478119000167 ], [ 6.265148163000106, 52.704803466000044 ], [ 6.25630283300012, 52.708450317000086 ], [ 6.245854854000129, 52.705825806000121 ], [ 6.239932061000047, 52.706764221000185 ], [ 6.233925820000024, 52.703212739000151 ], [ 6.225015164000126, 52.703269959000124 ], [ 6.223701953000102, 52.713150025000118 ], [ 6.225331784000048, 52.72121811 ], [ 6.242031097000165, 52.740856171000132 ], [ 6.239075184000114, 52.741771698000093 ], [ 6.245052814000189, 52.743530273000033 ], [ 6.249642849000111, 52.750679016000106 ], [ 6.260200023000152, 52.758686066000053 ], [ 6.27655983000011, 52.758575441 ], [ 6.306459904000121, 52.766502380000134 ], [ 6.300753116000067, 52.77905273500005 ], [ 6.306774139000083, 52.78260040400005 ], [ 6.309892177000165, 52.789760590000071 ], [ 6.317515849000131, 52.795089722000114 ], [ 6.329345226000044, 52.795005798000091 ], [ 6.348785877000182, 52.799350739000147 ], [ 6.362182140000073, 52.799251557000105 ], [ 6.362106801000152, 52.79566192599998 ], [ 6.359055043000069, 52.792095184000118 ], [ 6.351559162000058, 52.789459228000169 ], [ 6.360449791000178, 52.787597656000116 ], [ 6.361902237000095, 52.785793304000038 ], [ 6.357382775000076, 52.783134461000088 ], [ 6.363257885000166, 52.779499054000098 ], [ 6.372242928000105, 52.782123567000099 ], [ 6.381131172000096, 52.78026199400017 ], [ 6.385709762000033, 52.785610200000178 ], [ 6.3959908490001, 52.779251099000078 ], [ 6.401903153000035, 52.777408601000047 ], [ 6.4214811330001, 52.788024903000064 ], [ 6.424417018999975, 52.786205293000137 ], [ 6.425805091000086, 52.781707765000135 ], [ 6.440743923000127, 52.784278870000151 ], [ 6.44080591200003, 52.786972046000074 ], [ 6.437829017000183, 52.786994935000109 ], [ 6.437870026000155, 52.788787842000033 ], [ 6.445391179000069, 52.792320252000081 ], [ 6.455666065000059, 52.785949708000032 ], [ 6.455458163000117, 52.77697753800004 ], [ 6.452423096000075, 52.774311066 ], [ 6.440400123000131, 52.769023895000146 ], [ 6.417988777000119, 52.764717101000144 ], [ 6.425226211000165, 52.755683900000122 ], [ 6.42819976800007, 52.755657196000072 ], [ 6.435534000000132, 52.751110076000089 ], [ 6.429525853000086, 52.748466491999977 ], [ 6.432380199000022, 52.743061066000053 ], [ 6.423420906999979, 52.741336823000097 ], [ 6.430632115000151, 52.731407165000064 ], [ 6.4157128330001, 52.728832245000035 ], [ 6.422944069000152, 52.719799041000101 ], [ 6.422883034000165, 52.717105865 ], [ 6.413870812000027, 52.712692261000086 ], [ 6.412248135000141, 52.706420899000022 ], [ 6.413692951000144, 52.704612732000101 ], [ 6.415237903000104, 52.707294465000189 ], [ 6.428484917000162, 52.70180511500007 ], [ 6.434505939000076, 52.705345154000099 ], [ 6.459709167000085, 52.706974030000083 ], [ 6.45802497800014, 52.694381715000077 ], [ 6.495144845000027, 52.694068908000077 ], [ 6.493425847000083, 52.684207916000048 ], [ 6.502333164000163, 52.684131622000109 ], [ 6.50214004500009, 52.676055909000127 ], [ 6.510980130000064, 52.673286439000094 ], [ 6.53917789400009, 52.673038483000028 ], [ 6.538733005000154, 52.6550903320001 ], [ 6.52370023800006, 52.64714431699997 ], [ 6.527360917000181, 52.614799499000014 ], [ 6.521409988000073, 52.613956452000195 ], [ 6.51408720000012, 52.617610933000151 ], [ 6.508179188000156, 52.618556977000082 ], [ 6.488908768000158, 52.618724823000093 ], [ 6.48155879900014, 52.621479034000174 ], [ 6.48162317200007, 52.62417221000004 ], [ 6.478678226000113, 52.625095368000075 ], [ 6.474211217000061, 52.624237061000031 ], [ 6.471183777000078, 52.62156677300004 ], [ 6.469574928999975, 52.6161956790001 ], [ 6.46212482500016, 52.61446380600006 ], [ 6.45030784700009, 52.61635589600013 ], [ 6.444458962000112, 52.61999511700003 ], [ 6.44161510400005, 52.625404358000026 ], [ 6.443140031000155, 52.627185822000172 ], [ 6.440213204000031, 52.629005432000099 ], [ 6.429695128000162, 52.622806549000131 ], [ 6.428133965000029, 52.619232179000164 ], [ 6.422235011000112, 52.619277954000097 ], [ 6.417816162000179, 52.62200546400004 ], [ 6.414831162000098, 52.621131898000044 ], [ 6.414773941000078, 52.618438721000075 ], [ 6.416254998000113, 52.618427276000091 ], [ 6.411767006000048, 52.616668701000151 ], [ 6.402894975000038, 52.617637634000118 ], [ 6.399872781000113, 52.614967346000128 ], [ 6.393902779000143, 52.613216400000056 ], [ 6.385087968000107, 52.616878511000095 ], [ 6.383833884000069, 52.627658844000052 ], [ 6.377996921000033, 52.632190704000038 ], [ 6.376591205000068, 52.635791780000091 ], [ 6.372197151000137, 52.638515472000051 ], [ 6.372292996000169, 52.643005370000083 ], [ 6.334053039000139, 52.65944290300007 ], [ 6.334125995000136, 52.663032531000113 ], [ 6.337148189000061, 52.665702819000046 ], [ 6.334270001000107, 52.670211793000078 ], [ 6.323863029000051, 52.669391632000156 ], [ 6.317873956000028, 52.666740417000085 ], [ 6.306002140000089, 52.666824341000108 ], [ 6.302947999000082, 52.662357330000077 ], [ 6.297029019000036, 52.663295746000131 ], [ 6.291196823000121, 52.668724059999988 ], [ 6.285262108000154, 52.668766022000113 ], [ 6.280739784000104, 52.665203095000095 ], [ 6.277771949000112, 52.665225984000131 ], [ 6.273222924000038, 52.668128968000133 ] ] ] } },
{ "type": "Feature", "properties": { "country": "Netherlands", "name": null, "type": null, "count": 1, "first_date": "2023-11-26", "last_date": "2023-11-26" }, "geometry": { "type": "Polygon", "coordinates": [ [ [ 6.711322308000035, 52.628284455000028 ], [ 6.710086344999979, 52.627319335000152 ], [ 6.714287759000172, 52.626773835000108 ], [ 6.724702835000016, 52.618881225000052 ], [ 6.727139949000048, 52.615051270000151 ], [ 6.718712806000099, 52.5886840820001 ], [ 6.766715051000176, 52.563503265000179 ], [ 6.766621591000046, 52.56151202000018 ], [ 6.752343045000089, 52.559124003000022 ], [ 6.74045069500005, 52.562019018000058 ], [ 6.726181, 52.563212999000143 ], [ 6.72095585500017, 52.553321849000099 ], [ 6.716319825000085, 52.550363687000129 ], [ 6.716080799000054, 52.548572858000057 ], [ 6.680868235000105, 52.55333698000004 ], [ 6.705366967000145, 52.52026391000004 ], [ 6.698194980000096, 52.488853454000093 ], [ 6.679697991000069, 52.495761871000184 ], [ 6.663242816999968, 52.488746644000173 ], [ 6.664574147000167, 52.483348846000126 ], [ 6.657062053000175, 52.478935242000148 ], [ 6.661421777000101, 52.476196289000086 ], [ 6.65986919400018, 52.473522186000082 ], [ 6.645048142000121, 52.47187423600019 ], [ 6.636254787000041, 52.474651336000079 ], [ 6.625793935000104, 52.470264436000036 ], [ 6.622745037000129, 52.466705322000053 ], [ 6.611280917000158, 52.480281830000195 ], [ 6.605393886, 52.481235505000143 ], [ 6.619001866000076, 52.492771148000088 ], [ 6.569293975000164, 52.514785767000035 ], [ 6.575232028000187, 52.515628814000024 ], [ 6.576756000000159, 52.51741027800017 ], [ 6.575323105, 52.519218445000149 ], [ 6.569430829000112, 52.520168304000151 ], [ 6.56638193100008, 52.516609192000146 ], [ 6.566312790000097, 52.51391601600011 ], [ 6.563333988000011, 52.513046265000128 ], [ 6.554573060000109, 52.517612457000155 ], [ 6.548902989000169, 52.527538300000117 ], [ 6.543052197000122, 52.530284881000057 ], [ 6.540228843000136, 52.535694122000052 ], [ 6.537570953000113, 52.55014419600019 ], [ 6.530485154000132, 52.560916901000041 ], [ 6.51479101100017, 52.574447633000148 ], [ 6.514570236000111, 52.576316833000078 ], [ 6.498109817, 52.569278718000135 ], [ 6.446287156000039, 52.569717408000031 ], [ 6.437444209000148, 52.571582794000165 ], [ 6.424097061000168, 52.570793152000192 ], [ 6.411220072999981, 52.591541291000169 ], [ 6.33124113000008, 52.593044282000051 ], [ 6.328402997000182, 52.599349975000166 ], [ 6.310586929000067, 52.597679139000149 ], [ 6.334016800000029, 52.657649994000167 ], [ 6.335518838000155, 52.658535003000111 ], [ 6.372292996000169, 52.643005370000083 ], [ 6.372197151000137, 52.638515472000051 ], [ 6.376591205000068, 52.635791780000091 ], [ 6.377996921000033, 52.632190704000038 ], [ 6.383833884000069, 52.627658844000052 ], [ 6.385087968000107, 52.616878511000095 ], [ 6.393902779000143, 52.613216400000056 ], [ 6.399872781000113, 52.614967346000128 ], [ 6.402894975000038, 52.617637634000118 ], [ 6.411767006000048, 52.616668701000151 ], [ 6.416254998000113, 52.618427276000091 ], [ 6.414773941000078, 52.618438721000075 ], [ 6.414831162000098, 52.621131898000044 ], [ 6.417816162000179, 52.62200546400004 ], [ 6.422235011000112, 52.619277954000097 ], [ 6.428133965000029, 52.619232179000164 ], [ 6.429695128000162, 52.622806549000131 ], [ 6.440213204000031, 52.629005432000099 ], [ 6.443140031000155, 52.627185822000172 ], [ 6.44161510400005, 52.625404358000026 ], [ 6.444458962000112, 52.61999511700003 ], [ 6.45030784700009, 52.61635589600013 ], [ 6.46212482500016, 52.61446380600006 ], [ 6.469574928999975, 52.6161956790001 ], [ 6.471183777000078, 52.62156677300004 ], [ 6.474211217000061, 52.624237061000031 ], [ 6.478678226000113, 52.625095368000075 ], [ 6.48162317200007, 52.62417221000004 ], [ 6.48155879900014, 52.621479034000174 ], [ 6.488908768000158, 52.618724823000093 ], [ 6.499307155000167, 52.619533538000155 ], [ 6.51408720000012, 52.617610933000151 ], [ 6.521409988000073, 52.613956452000195 ], [ 6.527360917000181, 52.614799499000014 ], [ 6.52370023800006, 52.64714431699997 ], [ 6.561257838000188, 52.665657044000056 ], [ 6.620851041000094, 52.674072266000053 ], [ 6.71810102500001, 52.648857117000148 ], [ 6.713494777000108, 52.643520355000192 ], [ 6.713445187000104, 52.641723633000026 ], [ 6.71636009100007, 52.639900207000153 ], [ 6.713134765000177, 52.630958558000088 ], [ 6.710144997000043, 52.630088807000106 ], [ 6.710093022000137, 52.628295898000033 ], [ 6.711322308000035, 52.628284455000028 ] ] ] } },
{ "type": "Feature", "properties": { "country": "Luxembourg", "name": "Esch-sur-Alzette", "type": "Commune", "count": 2, "first_date": "2021-08-06", "last_date": "2021-08-11" }, "geometry": { "type": "Polygon", "coordinates": [ [ [ 5.980305672000043, 49.462768553999979 ], [ 5.974236488000031, 49.466415405000191 ], [ 5.970201492000172, 49.490222931000062 ], [ 5.955344678000131, 49.493328094000049 ], [ 5.94543409400012, 49.499641419000056 ], [ 5.938466549000111, 49.499877930000196 ], [ 5.940399170000035, 49.504207611000027 ], [ 5.954147815000113, 49.515533447000109 ], [ 5.971650124000121, 49.518901825000114 ], [ 5.982771873000104, 49.516174317000036 ], [ 5.99357748, 49.516700744000161 ], [ 5.995525836000127, 49.509841920000042 ], [ 5.995218277000163, 49.493232727000077 ], [ 5.998897076000162, 49.48800659200009 ], [ 5.995719910000162, 49.485080720000155 ], [ 5.99463033700016, 49.481513978000066 ], [ 5.997549058000175, 49.470458985000107 ], [ 5.980305672000043, 49.462768553999979 ] ] ] } },
{ "type": "Feature", "properties": { "country": "Luxembourg", "name": "Kayl", "type": "Commune", "count": 1, "first_date": "2021-08-06", "last_date": "2021-08-06" }, "geometry": { "type": "Polygon", "coordinates": [ [ [ 6.05152425000017, 49.459429201000034 ], [ 6.042151451000109, 49.447807313000112 ], [ 6.039474488000053, 49.448261262000131 ], [ 6.034839631000182, 49.454921722 ], [ 6.036089897000068, 49.465927125000121 ], [ 6.026251316000184, 49.469116212000131 ], [ 6.01360607100014, 49.475986481000064 ], [ 5.997549058000175, 49.470458985000107 ], [ 5.995011807000139, 49.477783203 ], [ 5.995043278000139, 49.483703613000159 ], [ 6.004865169000027, 49.494194032000109 ], [ 6.017774106000104, 49.502529145000096 ], [ 6.035817146000113, 49.511016844999972 ], [ 6.05057573300013, 49.513492584000119 ], [ 6.059699058000092, 49.505481721000137 ], [ 6.06174135100008, 49.497570038 ], [ 6.054614545000163, 49.491432190000012 ], [ 6.051784039000097, 49.485691071000076 ], [ 6.047732352000139, 49.46800231900005 ], [ 6.05152425000017, 49.459429201000034 ] ] ] } },
{ "type": "Feature", "properties": { "country": "France", "name": "Vouziers", "type": "Arrondissement", "count": 4, "first_date": "2011-05-14", "last_date": "2021-08-02" }, "geometry": { "type": "Polygon", "coordinates": [ [ [ 4.704159261000086, 49.254859924000186 ], [ 4.690096379000011, 49.25748443700013 ], [ 4.681097985000179, 49.253681184000129 ], [ 4.670503139000175, 49.241241456000125 ], [ 4.65507459600002, 49.238906861000146 ], [ 4.642303943, 49.232879639000032 ], [ 4.622180462000074, 49.236576080000077 ], [ 4.606979847000105, 49.268836974000067 ], [ 4.593874455000048, 49.273830413000098 ], [ 4.591189385000121, 49.280345916000158 ], [ 4.599907398000141, 49.288486480000131 ], [ 4.577483655000094, 49.29552459700011 ], [ 4.557089329000064, 49.295303345000093 ], [ 4.541319370000053, 49.286479951000103 ], [ 4.515786171000116, 49.281963349000137 ], [ 4.483839511999975, 49.280780792000087 ], [ 4.454542637000088, 49.276012421000189 ], [ 4.447216988000093, 49.272537232000161 ], [ 4.440679074000059, 49.279037475000166 ], [ 4.425334453000119, 49.280738832000168 ], [ 4.418417930999965, 49.285610200000178 ], [ 4.408667564000154, 49.2869148260001 ], [ 4.390817643, 49.298797608000086 ], [ 4.375618936000023, 49.323806763000164 ], [ 4.39521789600019, 49.328353883000148 ], [ 4.40110540500018, 49.333930969000107 ], [ 4.419142245000046, 49.327472687000068 ], [ 4.448182583000175, 49.331005097000173 ], [ 4.444511891000047, 49.340911866000113 ], [ 4.43126154000015, 49.351810455000134 ], [ 4.423990727000103, 49.364589691 ], [ 4.432616234000136, 49.365406037000071 ], [ 4.433296204000101, 49.371036530000083 ], [ 4.443536281000149, 49.371433259000128 ], [ 4.44819784200007, 49.377132416000165 ], [ 4.453188896000029, 49.376380921000077 ], [ 4.465479373999983, 49.386875153000062 ], [ 4.467415332000144, 49.39343261800002 ], [ 4.45567369500003, 49.399051666000105 ], [ 4.460454464000065, 49.404907228000184 ], [ 4.461961747000032, 49.410446167000089 ], [ 4.456754685000135, 49.415363313000114 ], [ 4.468027116000144, 49.425548553000169 ], [ 4.469014167000182, 49.443252564000147 ], [ 4.477303028000051, 49.447196960000156 ], [ 4.481534004000025, 49.456718446000195 ], [ 4.510148047000087, 49.479728699000077 ], [ 4.503157615000077, 49.482704163000051 ], [ 4.508508683000173, 49.487804413000163 ], [ 4.50413990100003, 49.499786376000088 ], [ 4.50899410300002, 49.499656678000179 ], [ 4.516952038000056, 49.507411956000055 ], [ 4.521754741000166, 49.507846832000155 ], [ 4.520653247000155, 49.514007568000068 ], [ 4.528052806000176, 49.52190017700002 ], [ 4.556076049000069, 49.525775909000117 ], [ 4.562710285000094, 49.537780762000125 ], [ 4.561261655000123, 49.54738998400012 ], [ 4.574266912000155, 49.551616670000044 ], [ 4.583496572000172, 49.549854280000091 ], [ 4.578207969000175, 49.56117630000017 ], [ 4.58407211399998, 49.572998047000169 ], [ 4.59796857800012, 49.580726624000079 ], [ 4.593824863, 49.586174012000129 ], [ 4.607397079000179, 49.591785432000052 ], [ 4.62324094700017, 49.593910217000087 ], [ 4.632313252000188, 49.590480804000151 ], [ 4.638841630000172, 49.581459046000077 ], [ 4.652552605000153, 49.575790405000134 ], [ 4.674818993000031, 49.57700348000003 ], [ 4.668916225000146, 49.559123994 ], [ 4.681531428000028, 49.5468711850001 ], [ 4.691841126000043, 49.558719635000045 ], [ 4.707403660000011, 49.560890197000049 ], [ 4.722256661000188, 49.558353423000142 ], [ 4.729362012000024, 49.562953949000075 ], [ 4.726351738000176, 49.569190979000098 ], [ 4.72954654800003, 49.571704864000026 ], [ 4.729990482000176, 49.568473815000118 ], [ 4.753592967000031, 49.564323425000055 ], [ 4.755724430000043, 49.562385560000052 ], [ 4.765729904000125, 49.564002991000052 ], [ 4.77277898900013, 49.568836212000178 ], [ 4.802036285000042, 49.562461853000059 ], [ 4.822517395000034, 49.563632966000057 ], [ 4.819902897000077, 49.560840607000046 ], [ 4.82939386400011, 49.545619964000196 ], [ 4.84264135300009, 49.540962219 ], [ 4.855062485000019, 49.522659303000125 ], [ 4.88074731800009, 49.530200959000126 ], [ 4.896622182000101, 49.538208009000016 ], [ 4.900697708000166, 49.544200898000042 ], [ 4.904464722000114, 49.546310424000126 ], [ 4.913928985999974, 49.538906097000051 ], [ 4.912350654000136, 49.53583908100012 ], [ 4.931054115000052, 49.535488129000044 ], [ 4.943426133000173, 49.541221618000066 ], [ 4.959729672000037, 49.534030914000027 ], [ 4.96888732900004, 49.536911011000029 ], [ 4.979142189000186, 49.528446197000051 ], [ 4.99268579600016, 49.523315429000093 ], [ 5.015764236999985, 49.510337831000129 ], [ 5.016935348000175, 49.507110597000064 ], [ 5.008387089000166, 49.503513336000083 ], [ 5.013701438000112, 49.497859956000184 ], [ 5.02148199100003, 49.500209809000012 ], [ 5.028519153, 49.497333526000148 ], [ 5.059871674000021, 49.504707337000184 ], [ 5.074537277000104, 49.486682891999976 ], [ 5.0799064630001, 49.486366272000112 ], [ 5.084528922000061, 49.480560303000118 ], [ 5.08295726800003, 49.470363617000032 ], [ 5.095808983000154, 49.460395813000048 ], [ 5.100672246000101, 49.461265563999973 ], [ 5.109860419000142, 49.456249236000076 ], [ 5.10088634400006, 49.44083404600002 ], [ 5.10615396500009, 49.427696228000116 ], [ 5.115028381000172, 49.420581817000084 ], [ 5.109333992000188, 49.415473938000162 ], [ 5.099317073000122, 49.413841249000143 ], [ 5.084472180000148, 49.404586793000021 ], [ 5.088653088000058, 49.398616791000109 ], [ 5.104149342000028, 49.389778137000121 ], [ 5.098819257000173, 49.37728118800004 ], [ 5.088621617000172, 49.369625091999978 ], [ 5.060208798000019, 49.371517181000172 ], [ 5.05407238000015, 49.36610794000012 ], [ 5.055816174000029, 49.359436035000101 ], [ 5.027099609000174, 49.335613251000041 ], [ 5.029392243000132, 49.32603454700012 ], [ 5.038152218999983, 49.316204071000129 ], [ 5.030346393000059, 49.311481475000164 ], [ 5.030794144000026, 49.308170320000045 ], [ 5.041740895000089, 49.296691895000038 ], [ 5.056636333000142, 49.293365479000158 ], [ 5.059406758000137, 49.289749146000133 ], [ 5.04970884300019, 49.2833671570001 ], [ 5.051180840000029, 49.274051666000048 ], [ 5.036006451000105, 49.271224976000099 ], [ 5.025812148000114, 49.273040771000126 ], [ 5.01102924300011, 49.269287110000164 ], [ 4.998663426, 49.263656616000048 ], [ 4.999899864000042, 49.26045227100002 ], [ 4.968033313000092, 49.248790742000153 ], [ 4.960252761000106, 49.239963531000171 ], [ 4.950989247000109, 49.236865998000098 ], [ 4.950540065999974, 49.240245819000052 ], [ 4.923869133999972, 49.250602722000167 ], [ 4.933761120000099, 49.261646270000142 ], [ 4.913374900000179, 49.264717101000144 ], [ 4.889710426000079, 49.258613587000127 ], [ 4.87615919100017, 49.263023377000138 ], [ 4.882242681000093, 49.257652283000027 ], [ 4.861836910000022, 49.238849639000193 ], [ 4.867499352000095, 49.233268738000163 ], [ 4.866461276000052, 49.226577759000179 ], [ 4.827131271000042, 49.23530960100004 ], [ 4.829850196000052, 49.243072510000104 ], [ 4.820229530000177, 49.242095948000099 ], [ 4.812107562000165, 49.249401093000131 ], [ 4.789703369000165, 49.241832734000184 ], [ 4.76963424700017, 49.24452972500012 ], [ 4.744232178000061, 49.241474152000194 ], [ 4.729118823000078, 49.251556397000115 ], [ 4.704110146, 49.251705169000161 ], [ 4.704159261000086, 49.254859924000186 ] ] ] } },
{ "type": "Feature", "properties": { "country": "Netherlands", "name": null, "type": null, "count": 1, "first_date": "2023-11-26", "last_date": "2023-11-26" }, "geometry": { "type": "Polygon", "coordinates": [ [ [ 6.523521900000048, 53.064498901000036 ], [ 6.509409904, 53.03859329200003 ], [ 6.510752201000116, 53.032299042000091 ], [ 6.504724026000076, 53.03055572500017 ], [ 6.511853218, 53.016136169999982 ], [ 6.517858982000121, 53.016979217000028 ], [ 6.522191048000082, 53.010662079000156 ], [ 6.496635915000127, 53.005496979000156 ], [ 6.421399117000078, 52.985477448000097 ], [ 6.370087147000163, 53.033439636000139 ], [ 6.375282764000076, 53.066608430000088 ], [ 6.312650204000022, 53.080524445000151 ], [ 6.323408128000153, 53.093910217000143 ], [ 6.351733208000041, 53.086528778000172 ], [ 6.364153862000137, 53.107074738000165 ], [ 6.371656894000068, 53.107078552000132 ], [ 6.37347316600011, 53.122249603000114 ], [ 6.3905529970001, 53.149055481000119 ], [ 6.389071942000044, 53.149963379000098 ], [ 6.389129162000131, 53.15263748100017 ], [ 6.411976815000116, 53.167736054000045 ], [ 6.413558960000159, 53.175853729000153 ], [ 6.415200234000054, 53.177581788000055 ], [ 6.451463223000133, 53.187164307000046 ], [ 6.454551220000099, 53.190727234000065 ], [ 6.456179142000167, 53.196098328000176 ], [ 6.492421150000155, 53.203872682000053 ], [ 6.501371860000177, 53.201103210000042 ], [ 6.501305104000153, 53.198410034000119 ], [ 6.504286766000121, 53.197490693000191 ], [ 6.514869212000178, 53.200088502000085 ], [ 6.523738860000037, 53.197364807000099 ], [ 6.522222996000039, 53.193744660000107 ], [ 6.525070190000065, 53.187435150000169 ], [ 6.529532909000125, 53.18560028100012 ], [ 6.538201808000167, 53.172061921000136 ], [ 6.544094086000086, 53.167522431000066 ], [ 6.546844960000158, 53.157627105000188 ], [ 6.542185784000139, 53.151386260000152 ], [ 6.546527863000108, 53.145065309000188 ], [ 6.547708988000068, 53.132492065000122 ], [ 6.519146920000082, 53.130050660000165 ], [ 6.520534992000023, 53.125553132000164 ], [ 6.509906769000168, 53.120258331000059 ], [ 6.506970882000189, 53.122978211000031 ], [ 6.488914013000169, 53.120441437000125 ], [ 6.493196011000066, 53.111427308000088 ], [ 6.493065835000152, 53.10604477000004 ], [ 6.49882316500009, 53.096122743000024 ], [ 6.522201061000089, 53.071689606000177 ], [ 6.523521900000048, 53.064498901000036 ] ] ] } },
{ "type": "Feature", "properties": { "country": "Germany", "name": "Bad Lauterberg im Harz", "type": "Einheitsgemeinde", "count": 1, "first_date": "2019-07-28", "last_date": "2019-07-28" }, "geometry": { "type": "Polygon", "coordinates": [ [ [ 10.56771, 51.679817000000185 ], [ 10.571092, 51.677811000000133 ], [ 10.546224936000101, 51.669860969000013 ], [ 10.527456, 51.659580000000176 ], [ 10.529365528000142, 51.656581492000043 ], [ 10.525616992000096, 51.655654994000145 ], [ 10.517654000000107, 51.649158000000114 ], [ 10.526874999000029, 51.649086000000182 ], [ 10.522781000000123, 51.64835 ], [ 10.522436141000071, 51.646610260000159 ], [ 10.516369, 51.646567000000118 ], [ 10.514691, 51.643959000000166 ], [ 10.511958000000106, 51.644661000000156 ], [ 10.508252, 51.643223 ], [ 10.505457, 51.644283000000144 ], [ 10.492244, 51.643223 ], [ 10.484154000000103, 51.6402700000001 ], [ 10.492453, 51.639442 ], [ 10.493091583000023, 51.640899658000137 ], [ 10.502613183000051, 51.639495307000061 ], [ 10.492409999000131, 51.638058 ], [ 10.499146140000164, 51.635618285000078 ], [ 10.498438997000164, 51.634209001000158 ], [ 10.493061, 51.635719001000041 ], [ 10.49213600000013, 51.634109000000137 ], [ 10.494391000000178, 51.631924 ], [ 10.491573016000075, 51.628938077000157 ], [ 10.491629868000132, 51.633380966000118 ], [ 10.476944, 51.630104 ], [ 10.476411, 51.626686 ], [ 10.479165374, 51.625707986000123 ], [ 10.477900999000099, 51.625336000000118 ], [ 10.479822664000039, 51.623573307000186 ], [ 10.475343000000123, 51.623608000000104 ], [ 10.472524000000135, 51.625328000000138 ], [ 10.471701001000156, 51.623713999000074 ], [ 10.47461961200014, 51.62130583000004 ], [ 10.483379000000127, 51.621441 ], [ 10.491241930000058, 51.619949014000042 ], [ 10.491445000000112, 51.618637 ], [ 10.498077648000049, 51.618618 ], [ 10.492399, 51.616074 ], [ 10.486385838000047, 51.619785049000086 ], [ 10.480561, 51.620964000000185 ], [ 10.474113000000159, 51.617302 ], [ 10.483648000000187, 51.61676400000016 ], [ 10.482890000000168, 51.615147 ], [ 10.477960996000036, 51.614436936000175 ], [ 10.477944, 51.607986 ], [ 10.489386833000083, 51.604559697000127 ], [ 10.486849009000082, 51.602970005000032 ], [ 10.492585000000133, 51.599907 ], [ 10.499091118000024, 51.601985931000172 ], [ 10.512372017000132, 51.592109681000125 ], [ 10.505093574, 51.587921142000027 ], [ 10.50679397600004, 51.587112427000193 ], [ 10.502772332000177, 51.584838868000077 ], [ 10.504375457000037, 51.579555513 ], [ 10.507811546000028, 51.57895279000013 ], [ 10.507739067000159, 51.57721710300018 ], [ 10.49775028200014, 51.575931550000121 ], [ 10.497311591000141, 51.574409484000114 ], [ 10.505269051000084, 51.573589326000103 ], [ 10.502827645000025, 51.567016602000194 ], [ 10.506057739000141, 51.563468934000127 ], [ 10.503487587999984, 51.562389373000087 ], [ 10.495696068000143, 51.572788238000101 ], [ 10.471480370999984, 51.582008363000114 ], [ 10.468275071, 51.581836700000053 ], [ 10.467039108000165, 51.583381652000128 ], [ 10.462914467000189, 51.582122803000175 ], [ 10.458468436000146, 51.584117889000026 ], [ 10.450973510000097, 51.584026337000125 ], [ 10.444382668000117, 51.589656831000013 ], [ 10.42920017199998, 51.592533111000137 ], [ 10.40880107900017, 51.586807250000049 ], [ 10.397809029000143, 51.587680816000045 ], [ 10.390259742000183, 51.586055755000132 ], [ 10.377328968000029, 51.588710984000045 ], [ 10.378072598000074, 51.591017747000194 ], [ 10.375597016000029, 51.591297148000137 ], [ 10.375833, 51.59346799900004 ], [ 10.370485306000035, 51.592735290000121 ], [ 10.370190002000129, 51.59513099600008 ], [ 10.36852646300008, 51.595729834000053 ], [ 10.370831, 51.598515000000134 ], [ 10.369754035000028, 51.600986026000101 ], [ 10.376377000000105, 51.603943000000186 ], [ 10.374495102000026, 51.605453051000154 ], [ 10.382647272000042, 51.609554040000091 ], [ 10.390590683000141, 51.610713954000119 ], [ 10.395696, 51.609035000000119 ], [ 10.399121, 51.614914 ], [ 10.397502, 51.621722999000042 ], [ 10.39937782200019, 51.623027802000081 ], [ 10.404755920000014, 51.622512983000036 ], [ 10.408912855000153, 51.625122004000161 ], [ 10.408892, 51.628651000000104 ], [ 10.407128333000117, 51.628578187000016 ], [ 10.410186818000113, 51.63161087800006 ], [ 10.414006855000082, 51.629337232000069 ], [ 10.411609, 51.628769 ], [ 10.412569, 51.625153 ], [ 10.418685, 51.624420000000157 ], [ 10.422009, 51.624943 ], [ 10.423346945, 51.628318236000098 ], [ 10.436949487000163, 51.626671162000093 ], [ 10.433827423000139, 51.627658866000104 ], [ 10.435154914000123, 51.629081726000038 ], [ 10.436399, 51.627903 ], [ 10.437177, 51.630772 ], [ 10.434298, 51.632141 ], [ 10.436621798000147, 51.634712057000058 ], [ 10.43209701100011, 51.635135993000119 ], [ 10.435649872, 51.637340546000189 ], [ 10.444257, 51.633422999000175 ], [ 10.444692000000146, 51.63198100000011 ], [ 10.445978000000139, 51.632252001000097 ], [ 10.444847057000118, 51.635456035000175 ], [ 10.447533679000173, 51.637076806000039 ], [ 10.448102984000116, 51.63282007700019 ], [ 10.457393248000187, 51.63134851000018 ], [ 10.458487949000073, 51.641147767000177 ], [ 10.450134269000046, 51.639973178000048 ], [ 10.455348851000053, 51.64344003500014 ], [ 10.443622001000165, 51.644047001000047 ], [ 10.448537000000158, 51.645046 ], [ 10.443676037000046, 51.646827986000062 ], [ 10.443891298000153, 51.648307161000105 ], [ 10.451530000000162, 51.645741000000157 ], [ 10.454218, 51.646355 ], [ 10.451774165000188, 51.647342933000118 ], [ 10.452850497999975, 51.647861387000034 ], [ 10.45929299900007, 51.647373000000186 ], [ 10.46093, 51.644108 ], [ 10.468274000000179, 51.646511 ], [ 10.469154000000174, 51.648796000000175 ], [ 10.467809144000114, 51.649406090000184 ], [ 10.468907000000172, 51.650093 ], [ 10.467807000999983, 51.652565 ], [ 10.47199978499998, 51.653320008000037 ], [ 10.473018602000025, 51.642754046000107 ], [ 10.47076200000015, 51.64482099900016 ], [ 10.462147, 51.641029 ], [ 10.46166, 51.634762000000194 ], [ 10.464478000000156, 51.636326000000111 ], [ 10.468266, 51.635563 ], [ 10.470664, 51.639568000000111 ], [ 10.474799156000074, 51.639682770000036 ], [ 10.476214408000089, 51.642662048000147 ], [ 10.483226776000151, 51.645118713000102 ], [ 10.487131, 51.644039000000191 ], [ 10.488852931000167, 51.645122957000126 ], [ 10.481736184000113, 51.648258210000051 ], [ 10.481648445000019, 51.650779725000064 ], [ 10.486507062000157, 51.650096942000175 ], [ 10.490398, 51.646496000000127 ], [ 10.495734001000187, 51.649070999000116 ], [ 10.504035, 51.648216000000161 ], [ 10.52058200100015, 51.658417 ], [ 10.521770065000055, 51.662231026000143 ], [ 10.542161000000135, 51.671806000000117 ], [ 10.56771, 51.679817000000185 ] ] ] } },
{ "type": "Feature", "properties": { "country": "Germany", "name": "Harz (Landkreis Osterode)", "type": "Einheitsgemeinde", "count": 1, "first_date": "2019-07-28", "last_date": "2019-07-28" }, "geometry": { "type": "MultiPolygon", "coordinates": [ [ [ [ 10.579705526000055, 51.587914023000053 ], [ 10.582623460000093, 51.589126775000068 ], [ 10.573531999000068, 51.593825999000046 ], [ 10.570567025000059, 51.603412865999985 ], [ 10.564833043000078, 51.610450950000029 ], [ 10.569646836, 51.612274171000195 ], [ 10.578429181000047, 51.610523232000162 ], [ 10.580084800000179, 51.61490249700006 ], [ 10.584218979000013, 51.615566253000054 ], [ 10.590700863000052, 51.608870195000065 ], [ 10.589031, 51.609381000000155 ], [ 10.586501235000014, 51.606858000000159 ], [ 10.59186477500009, 51.606861020000053 ], [ 10.602081298000144, 51.596820832000105 ], [ 10.604726849000087, 51.591674996000108 ], [ 10.600610999000082, 51.591560000000186 ], [ 10.599684097000136, 51.590507889000094 ], [ 10.600879777000102, 51.589122954000175 ], [ 10.597643, 51.588458999000068 ], [ 10.579705526000055, 51.587914023000053 ] ], [ [ 10.596147999000095, 51.591834999000127 ], [ 10.587016001000165, 51.589724999000168 ], [ 10.596648000000187, 51.589260000000138 ], [ 10.596147999000095, 51.591834999000127 ] ] ], [ [ [ 10.645450797000024, 51.64879212 ], [ 10.650162, 51.647678 ], [ 10.651662999000109, 51.642677000000162 ], [ 10.669592, 51.646259 ], [ 10.668064000000129, 51.643742001000078 ], [ 10.67077600000016, 51.642047999000056 ], [ 10.673020000000179, 51.642818 ], [ 10.674397, 51.639728999 ], [ 10.677281991000143, 51.63837400400007 ], [ 10.675210012000036, 51.635784103000105 ], [ 10.677165963000107, 51.631268100000113 ], [ 10.682481000000166, 51.628918000000169 ], [ 10.672937, 51.629500999000186 ], [ 10.656758, 51.624354 ], [ 10.640237, 51.622005000000172 ], [ 10.638210296000011, 51.619438172000059 ], [ 10.639720999000076, 51.618294000999981 ], [ 10.638753077999979, 51.616866999000081 ], [ 10.643094063000092, 51.611972809000122 ], [ 10.63953000000015, 51.608566 ], [ 10.632994, 51.608761000000186 ], [ 10.631918, 51.609829000000104 ], [ 10.63387084600015, 51.610751997000193 ], [ 10.6308, 51.610691001000134 ], [ 10.629643000000101, 51.612511000000154 ], [ 10.632693104000055, 51.613507269000081 ], [ 10.627412, 51.620743 ], [ 10.627867, 51.623299000000145 ], [ 10.63219, 51.628407 ], [ 10.635154723000085, 51.629417419000049 ], [ 10.641494750000163, 51.627403260000108 ], [ 10.641095000000121, 51.629097 ], [ 10.636042, 51.631081000000108 ], [ 10.636913000000163, 51.632572 ], [ 10.642536967000183, 51.632549011000151 ], [ 10.636228531000086, 51.634856440000192 ], [ 10.63526400000012, 51.637119000000155 ], [ 10.643458, 51.640572 ], [ 10.651091575000123, 51.640373230000137 ], [ 10.649502, 51.642284000000132 ], [ 10.645474, 51.64250199900016 ], [ 10.645450797000024, 51.64879212 ] ] ], [ [ [ 10.645419000000174, 51.65723 ], [ 10.640525, 51.652508000000182 ], [ 10.642549, 51.650406000000146 ], [ 10.642244000000176, 51.643299 ], [ 10.63398647300005, 51.640071869000167 ], [ 10.631648064000103, 51.636428833000195 ], [ 10.62212286700003, 51.637229904000094 ], [ 10.620616105000067, 51.636154074999979 ], [ 10.631976, 51.635017000000175 ], [ 10.633195933000025, 51.631874173000085 ], [ 10.628375000000176, 51.629333 ], [ 10.623189, 51.621207 ], [ 10.617232323000053, 51.618873595000196 ], [ 10.620962000000191, 51.613995 ], [ 10.624589990000175, 51.614109 ], [ 10.628544931000135, 51.607391079000081 ], [ 10.623280087000069, 51.604942041000129 ], [ 10.632338000000175, 51.600693 ], [ 10.629765, 51.596649 ], [ 10.624634, 51.592896 ], [ 10.620944000000122, 51.594200000000171 ], [ 10.621865000000128, 51.59565 ], [ 10.620535, 51.598484 ], [ 10.616551, 51.595013000000108 ], [ 10.614425, 51.597115 ], [ 10.606889, 51.597569000000192 ], [ 10.600897, 51.601452000000108 ], [ 10.592288, 51.611332000000118 ], [ 10.594336, 51.610469000000137 ], [ 10.5931, 51.612353 ], [ 10.597102889000041, 51.612873018000073 ], [ 10.582056, 51.618618 ], [ 10.586985447000131, 51.620231491000084 ], [ 10.590043, 51.623478001000137 ], [ 10.590106000000162, 51.626185998999972 ], [ 10.586902, 51.628067000000101 ], [ 10.593439029000137, 51.630348095000102 ], [ 10.594241000000125, 51.632938 ], [ 10.600050000000124, 51.633141000000194 ], [ 10.597595000000183, 51.633808000000101 ], [ 10.597802999000066, 51.636127000000158 ], [ 10.595579148000184, 51.637580872000171 ], [ 10.592745, 51.637321 ], [ 10.600099525000189, 51.641643550000083 ], [ 10.597110748000091, 51.643775940000126 ], [ 10.597002926000073, 51.647609714000055 ], [ 10.592275, 51.650168000000178 ], [ 10.58133125300003, 51.64956283600003 ], [ 10.581443902, 51.647728018000066 ], [ 10.570525169000121, 51.649215699000138 ], [ 10.569785, 51.645645 ], [ 10.563577967000128, 51.644198789000029 ], [ 10.562665098000025, 51.642307202000097 ], [ 10.56537, 51.639565 ], [ 10.559998030000145, 51.638881987000104 ], [ 10.56470800000011, 51.634560000000192 ], [ 10.56174208900012, 51.632770698000115 ], [ 10.562087000000133, 51.631603 ], [ 10.570147945000031, 51.627440997000122 ], [ 10.576793812, 51.616920300000118 ], [ 10.574002000000121, 51.6157070000001 ], [ 10.554898412999989, 51.616824884000039 ], [ 10.544112, 51.614698 ], [ 10.53575300000017, 51.618145 ], [ 10.538080902000047, 51.619655981000051 ], [ 10.534729, 51.620342 ], [ 10.53564057400007, 51.622608039000056 ], [ 10.527721406000126, 51.623111726000104 ], [ 10.521360398000184, 51.620468140000014 ], [ 10.518497466999975, 51.617015838000043 ], [ 10.517441, 51.611996 ], [ 10.510141941000029, 51.606949 ], [ 10.503251085000045, 51.607066999000097 ], [ 10.503482, 51.604412017000186 ], [ 10.506284595000068, 51.603080674000068 ], [ 10.504692, 51.601795 ], [ 10.496367001000181, 51.60202 ], [ 10.492585000000133, 51.599907 ], [ 10.486849009000082, 51.602970005000032 ], [ 10.489386833000083, 51.604559697000127 ], [ 10.477944, 51.607986 ], [ 10.477960996000036, 51.614436936000175 ], [ 10.482890000000168, 51.615147 ], [ 10.483648000000187, 51.61676400000016 ], [ 10.475313000000142, 51.616528000000187 ], [ 10.474167, 51.618248 ], [ 10.480561, 51.620964000000185 ], [ 10.486385838000047, 51.619785049000086 ], [ 10.492399, 51.616074 ], [ 10.498077648000049, 51.618618 ], [ 10.491445000000112, 51.618637 ], [ 10.491241930000058, 51.619949014000042 ], [ 10.483379000000127, 51.621441 ], [ 10.47461961200014, 51.62130583000004 ], [ 10.471701001000156, 51.623713999000074 ], [ 10.472524000000135, 51.625328000000138 ], [ 10.475343000000123, 51.623608000000104 ], [ 10.479822664000039, 51.623573307000186 ], [ 10.477900999000099, 51.625336000000118 ], [ 10.479165374, 51.625707986000123 ], [ 10.476411, 51.626686 ], [ 10.476944, 51.630104 ], [ 10.478736, 51.630798000000141 ], [ 10.491629868000132, 51.633380966000118 ], [ 10.491573016000075, 51.628938077000157 ], [ 10.494391000000178, 51.631924 ], [ 10.49213600000013, 51.634109000000137 ], [ 10.493061, 51.635719001000041 ], [ 10.498438997000164, 51.634209001000158 ], [ 10.499146140000164, 51.635618285000078 ], [ 10.492409999000131, 51.638058 ], [ 10.502613183000051, 51.639495307000061 ], [ 10.493091583000023, 51.640899658000137 ], [ 10.492453, 51.639442 ], [ 10.484529, 51.639328000000148 ], [ 10.484586907000164, 51.640506948000166 ], [ 10.492244, 51.643223 ], [ 10.505457, 51.644283000000144 ], [ 10.508252, 51.643223 ], [ 10.511958000000106, 51.644661000000156 ], [ 10.514691, 51.643959000000166 ], [ 10.516369, 51.646567000000118 ], [ 10.522436141000071, 51.646610260000159 ], [ 10.522781000000123, 51.64835 ], [ 10.526874999000029, 51.649086000000182 ], [ 10.517654000000107, 51.649158000000114 ], [ 10.525616992000096, 51.655654994000145 ], [ 10.529365528000142, 51.656581492000043 ], [ 10.527264000000116, 51.658249000000183 ], [ 10.528184, 51.660107 ], [ 10.546224936000101, 51.669860969000013 ], [ 10.571092, 51.677811000000133 ], [ 10.581362000000183, 51.675076000000161 ], [ 10.593426, 51.680161 ], [ 10.600365, 51.677006000000119 ], [ 10.603145, 51.67792900000012 ], [ 10.608407, 51.675705000000164 ], [ 10.606781000000126, 51.6673550000001 ], [ 10.612745000000132, 51.663067 ], [ 10.618849000000182, 51.662666 ], [ 10.622383000000184, 51.664463 ], [ 10.62209, 51.668575000000146 ], [ 10.626927, 51.670116 ], [ 10.635028000000148, 51.664738000000114 ], [ 10.636588, 51.659157000000164 ], [ 10.645419000000174, 51.65723 ] ], [ [ 10.605371, 51.609005000000138 ], [ 10.610946000000126, 51.605953 ], [ 10.617743000000132, 51.599964000000114 ], [ 10.618595, 51.601551000000143 ], [ 10.614445000000103, 51.605362000000184 ], [ 10.605605, 51.610828 ], [ 10.605371, 51.609005000000138 ] ] ], [ [ [ 10.498716000000115, 51.675549 ], [ 10.504615, 51.669788000000153 ], [ 10.504296000000124, 51.663185 ], [ 10.515024, 51.664032000000134 ], [ 10.519709000000148, 51.669617000000187 ], [ 10.524393, 51.672123 ], [ 10.53774499900004, 51.668774 ], [ 10.521770065000055, 51.662231026000143 ], [ 10.52058200100015, 51.658417 ], [ 10.504035, 51.648216000000161 ], [ 10.495734001000187, 51.649070999000116 ], [ 10.490398, 51.646496000000127 ], [ 10.486507062000157, 51.650096942000175 ], [ 10.481648445000019, 51.650779725000064 ], [ 10.481736184000113, 51.648258210000051 ], [ 10.488852931000167, 51.645122957000126 ], [ 10.487131, 51.644039000000191 ], [ 10.483226776000151, 51.645118713000102 ], [ 10.476214408000089, 51.642662048000147 ], [ 10.474799156000074, 51.639682770000036 ], [ 10.470664, 51.639568000000111 ], [ 10.468266, 51.635563 ], [ 10.464478000000156, 51.636326000000111 ], [ 10.46166, 51.634762000000194 ], [ 10.462147, 51.641029 ], [ 10.47076200000015, 51.64482099900016 ], [ 10.473018602000025, 51.642754046000107 ], [ 10.47199978499998, 51.653320008000037 ], [ 10.467807000999983, 51.652565 ], [ 10.468907000000172, 51.650093 ], [ 10.467809144000114, 51.649406090000184 ], [ 10.469154000000174, 51.648796000000175 ], [ 10.468274000000179, 51.646511 ], [ 10.46093, 51.644108 ], [ 10.45929299900007, 51.647373000000186 ], [ 10.452850497999975, 51.647861387000034 ], [ 10.451774165000188, 51.647342933000118 ], [ 10.454218, 51.646355 ], [ 10.451530000000162, 51.645741000000157 ], [ 10.443891298000153, 51.648307161000105 ], [ 10.443676037000046, 51.646827986000062 ], [ 10.448537000000158, 51.645046 ], [ 10.443622001000165, 51.644047001000047 ], [ 10.455348851000053, 51.64344003500014 ], [ 10.450134269000046, 51.639973178000048 ], [ 10.458487949000073, 51.641147767000177 ], [ 10.457393248000187, 51.63134851000018 ], [ 10.448102984000116, 51.63282007700019 ], [ 10.447533679000173, 51.637076806000039 ], [ 10.444847057000118, 51.635456035000175 ], [ 10.445978000000139, 51.632252001000097 ], [ 10.444692000000146, 51.63198100000011 ], [ 10.444257, 51.633422999000175 ], [ 10.435649872, 51.637340546000189 ], [ 10.43209701100011, 51.635135993000119 ], [ 10.436621798000147, 51.634712057000058 ], [ 10.434298, 51.632141 ], [ 10.437177, 51.630772 ], [ 10.436399, 51.627903 ], [ 10.435154914000123, 51.629081726000038 ], [ 10.433827423000139, 51.627658866000104 ], [ 10.436949487000163, 51.626671162000093 ], [ 10.423346945, 51.628318236000098 ], [ 10.420938742000146, 51.624610978000135 ], [ 10.412569, 51.625153 ], [ 10.411609, 51.628769 ], [ 10.414006855000082, 51.629337232000069 ], [ 10.411516000000177, 51.631809 ], [ 10.407128333000117, 51.628578187000016 ], [ 10.408892, 51.628651000000104 ], [ 10.408912855000153, 51.625122004000161 ], [ 10.401396, 51.625568000000101 ], [ 10.404208000000153, 51.628323000000137 ], [ 10.401186, 51.628849000000173 ], [ 10.40111800000011, 51.633537000000103 ], [ 10.406557, 51.638992 ], [ 10.394885, 51.640938000000119 ], [ 10.393955, 51.642796 ], [ 10.397624, 51.644825 ], [ 10.395101000000182, 51.64777400000014 ], [ 10.391171, 51.646214 ], [ 10.385428000000104, 51.647026 ], [ 10.383846000000119, 51.6492310000001 ], [ 10.377874000000133, 51.648998000000176 ], [ 10.375964, 51.649696 ], [ 10.378796, 51.650627000000156 ], [ 10.380276000000151, 51.654381 ], [ 10.373507000000131, 51.654419000000189 ], [ 10.365304, 51.660069000000135 ], [ 10.358852000000127, 51.660366000000181 ], [ 10.361278000000141, 51.661873000000185 ], [ 10.366256, 51.661201000000176 ], [ 10.362736000000154, 51.662891 ], [ 10.369155000000148, 51.669247000000155 ], [ 10.370753, 51.671814 ], [ 10.369967, 51.673225000000116 ], [ 10.362872, 51.665596 ], [ 10.356499, 51.663673 ], [ 10.354372000000183, 51.665852 ], [ 10.350703000000181, 51.66375 ], [ 10.34942, 51.669640000000129 ], [ 10.336968, 51.669716 ], [ 10.334059, 51.671104000000128 ], [ 10.335738000000106, 51.671715 ], [ 10.333905000000129, 51.672909 ], [ 10.334746, 51.674168000000179 ], [ 10.328223, 51.678207 ], [ 10.333727000000124, 51.681461000000127 ], [ 10.332851000000119, 51.68214 ], [ 10.328439000000117, 51.67955400000011 ], [ 10.330819, 51.682255000000112 ], [ 10.328438, 51.682159000000183 ], [ 10.325723, 51.678204000000164 ], [ 10.321479000000124, 51.677921 ], [ 10.318685, 51.674488000000167 ], [ 10.319772000000114, 51.67419400000017 ], [ 10.313301000000138, 51.671280000000138 ], [ 10.3078, 51.675381000000129 ], [ 10.305905000000109, 51.675144000000103 ], [ 10.30812, 51.671585000000107 ], [ 10.302318997000157, 51.674770032000026 ], [ 10.301671002000091, 51.680686980000075 ], [ 10.296455, 51.685383000000115 ], [ 10.295915604000129, 51.692623139000091 ], [ 10.289246, 51.697777 ], [ 10.290536880000047, 51.701873780000142 ], [ 10.287858009000047, 51.70298767200012 ], [ 10.288506507000022, 51.705684663000056 ], [ 10.280606000000148, 51.713337 ], [ 10.282890000000123, 51.716553 ], [ 10.279693, 51.720116000000132 ], [ 10.274549, 51.721966000000123 ], [ 10.290473000000134, 51.721214 ], [ 10.31481, 51.723888000000159 ], [ 10.324128000000144, 51.722652 ], [ 10.340508, 51.723503000000107 ], [ 10.349769533000142, 51.721546083000078 ], [ 10.352967, 51.719208000000151 ], [ 10.366849813999977, 51.720359984000083 ], [ 10.365727000000163, 51.722698 ], [ 10.360332, 51.724915 ], [ 10.359460831000149, 51.730491638000103 ], [ 10.35461400000014, 51.73304700000017 ], [ 10.356246000000169, 51.739238999000122 ], [ 10.352611000000138, 51.743374000000188 ], [ 10.37263566900009, 51.748047787000132 ], [ 10.376697, 51.751392000000124 ], [ 10.383858833000033, 51.751498998000102 ], [ 10.383728038000129, 51.749859017000063 ], [ 10.388551850000113, 51.74883755500008 ], [ 10.388135, 51.750378 ], [ 10.39052, 51.751804000000106 ], [ 10.393097000000125, 51.749813 ], [ 10.396536907000041, 51.751724119000187 ], [ 10.391377, 51.754391000000112 ], [ 10.392588000000103, 51.759174 ], [ 10.394948000000113, 51.761379 ], [ 10.397697010000059, 51.760460022000075 ], [ 10.398457527000176, 51.762046814000144 ], [ 10.396820000000105, 51.764011 ], [ 10.394443, 51.764053 ], [ 10.398350520000122, 51.766414709000117 ], [ 10.393117000000132, 51.766727000000117 ], [ 10.376231000000132, 51.754066 ], [ 10.371994, 51.754749 ], [ 10.370965168000168, 51.7542760770001 ], [ 10.371999001000177, 51.753044 ], [ 10.36062800000019, 51.747704000000169 ], [ 10.355844000000104, 51.74744 ], [ 10.352663000000177, 51.748950999000044 ], [ 10.352389531000028, 51.747764255999982 ], [ 10.329694, 51.741093 ], [ 10.319607000000133, 51.741573 ], [ 10.320073, 51.744644000000108 ], [ 10.31520300000011, 51.741314000000102 ], [ 10.310584, 51.743816 ], [ 10.309753000000171, 51.73809400000016 ], [ 10.302730001000043, 51.737083000000155 ], [ 10.293642000000148, 51.731476 ], [ 10.287660541000037, 51.731102948000057 ], [ 10.286036236000029, 51.734454514000106 ], [ 10.284962000000121, 51.73194500000011 ], [ 10.283694322000031, 51.733165884000073 ], [ 10.279885000000149, 51.732513 ], [ 10.282127960000139, 51.73625047600018 ], [ 10.280760967000049, 51.737910979000162 ], [ 10.274339000000111, 51.735630000000185 ], [ 10.29056733200008, 51.744682330000103 ], [ 10.295993999000132, 51.75012599900009 ], [ 10.294266, 51.751732 ], [ 10.297198, 51.753963 ], [ 10.307233, 51.756905000000131 ], [ 10.308111065000105, 51.755562021000117 ], [ 10.316246, 51.756161000000191 ], [ 10.318521, 51.758453000000145 ], [ 10.329350564000038, 51.760528884000109 ], [ 10.319531, 51.760727000000145 ], [ 10.319061, 51.763577 ], [ 10.322429, 51.764633 ], [ 10.31838400100014, 51.764842999000109 ], [ 10.31463100000019, 51.760952000000145 ], [ 10.310143008000125, 51.762618816000042 ], [ 10.305217742000082, 51.761863708000078 ], [ 10.301781000000119, 51.758854 ], [ 10.287962, 51.753460000000189 ], [ 10.284251035000182, 51.753532001 ], [ 10.284944, 51.749058000000105 ], [ 10.282253, 51.747009 ], [ 10.279656, 51.747589 ], [ 10.279621001000066, 51.751796722000051 ], [ 10.277346770000122, 51.748661048000145 ], [ 10.272334001000047, 51.749393000000111 ], [ 10.265940000000114, 51.745960000000139 ], [ 10.265868161000071, 51.748321524000119 ], [ 10.257648, 51.746567 ], [ 10.25157, 51.747082 ], [ 10.254621502000077, 51.750019071000168 ], [ 10.246481000000131, 51.749912 ], [ 10.247271537000074, 51.751049041000101 ], [ 10.245227000000114, 51.7526889990001 ], [ 10.230789000000129, 51.757278 ], [ 10.234444, 51.761021001000074 ], [ 10.232838000000186, 51.765388 ], [ 10.237245557999984, 51.765762168000037 ], [ 10.233731, 51.7670940000001 ], [ 10.234747, 51.771885 ], [ 10.243397713000036, 51.773071288000153 ], [ 10.24353088200013, 51.77768286200012 ], [ 10.229236, 51.777088000000106 ], [ 10.231575915000121, 51.778522204000126 ], [ 10.231024666000053, 51.783443147000071 ], [ 10.22765, 51.784927000000152 ], [ 10.231790542, 51.78787612900004 ], [ 10.234333, 51.793915 ], [ 10.238818, 51.795113 ], [ 10.241524695000123, 51.798938751000151 ], [ 10.240546, 51.800144000000159 ], [ 10.24443059000015, 51.803448429000071 ], [ 10.257951001000151, 51.806767001000026 ], [ 10.261127016000103, 51.80424535800006 ], [ 10.263467735000063, 51.812003988000185 ], [ 10.256412001000172, 51.809704000000124 ], [ 10.250341000000105, 51.810455000000104 ], [ 10.248371000000191, 51.812546000000111 ], [ 10.255757, 51.815323 ], [ 10.254226, 51.822174000000189 ], [ 10.260509000000127, 51.820011000000136 ], [ 10.261583, 51.817127 ], [ 10.271195, 51.813538000000108 ], [ 10.268264, 51.810619 ], [ 10.270212, 51.806908 ], [ 10.263399000000163, 51.805515000000128 ], [ 10.265817, 51.801121000000137 ], [ 10.263299, 51.799686 ], [ 10.265615, 51.795231 ], [ 10.269358000000125, 51.795155000000193 ], [ 10.278662, 51.791180000000111 ], [ 10.274702000000104, 51.785191000000168 ], [ 10.281835, 51.779888000000142 ], [ 10.280012, 51.77599 ], [ 10.294416, 51.778164000000174 ], [ 10.304069, 51.772865000000138 ], [ 10.303813, 51.768375 ], [ 10.308204000000103, 51.765495000000158 ], [ 10.323914000000173, 51.767002000000105 ], [ 10.331948, 51.770218000000114 ], [ 10.336812000000123, 51.768597000000113 ], [ 10.341927, 51.769745 ], [ 10.343441, 51.772003 ], [ 10.349799000000189, 51.769756 ], [ 10.351518000000112, 51.767471 ], [ 10.358576, 51.768478 ], [ 10.363990000000172, 51.771427000000131 ], [ 10.364026000000138, 51.773857000000135 ], [ 10.366920000000107, 51.775803 ], [ 10.367017000000146, 51.777611 ], [ 10.364605, 51.778851000000145 ], [ 10.378752000000134, 51.788822 ], [ 10.392354, 51.78891 ], [ 10.395692, 51.7883 ], [ 10.399387, 51.783024000000125 ], [ 10.409749000000147, 51.780071000000191 ], [ 10.416029, 51.780041 ], [ 10.419934000000183, 51.777828 ], [ 10.418109000000129, 51.776688 ], [ 10.425194, 51.771843000000104 ], [ 10.439460000000167, 51.773201 ], [ 10.452122, 51.770382 ], [ 10.459303, 51.766163000000176 ], [ 10.493766000000164, 51.766037 ], [ 10.499275000000182, 51.763222 ], [ 10.497710000000154, 51.756069 ], [ 10.490984, 51.753983000000119 ], [ 10.487493, 51.747620000000154 ], [ 10.48327600000016, 51.746017 ], [ 10.483901000000174, 51.741657 ], [ 10.491234, 51.73814 ], [ 10.492379000000142, 51.733112 ], [ 10.494967, 51.730034000000103 ], [ 10.494019000000151, 51.728531 ], [ 10.488141000000155, 51.727638 ], [ 10.488081, 51.723282 ], [ 10.491455, 51.719707 ], [ 10.487502, 51.7127 ], [ 10.480697, 51.712528 ], [ 10.4799, 51.711349 ], [ 10.485057, 51.702999 ], [ 10.476577, 51.698177000000157 ], [ 10.46593700000011, 51.696995 ], [ 10.477317, 51.693913000000123 ], [ 10.479965000000107, 51.694912 ], [ 10.494775000000175, 51.692997 ], [ 10.49657000000019, 51.688889000000131 ], [ 10.49555700000019, 51.6834530000001 ], [ 10.498716000000115, 51.675549 ] ], [ [ 10.417735000000107, 51.702236 ], [ 10.421478, 51.697990000000175 ], [ 10.397126, 51.685989000000177 ], [ 10.396411, 51.68227400000012 ], [ 10.388515, 51.680359000000124 ], [ 10.389142, 51.678013000000135 ], [ 10.396028000000115, 51.679268 ], [ 10.39945200000011, 51.68137 ], [ 10.400718, 51.684994 ], [ 10.412273, 51.689159 ], [ 10.416464000000133, 51.692818000000159 ], [ 10.4189, 51.690857 ], [ 10.422126000000162, 51.691551000000118 ], [ 10.420588, 51.693745 ], [ 10.426229, 51.696537 ], [ 10.430801, 51.697781 ], [ 10.436869000000172, 51.69701 ], [ 10.433869000000129, 51.698601 ], [ 10.434418, 51.699772000000166 ], [ 10.443319, 51.701092000000131 ], [ 10.448707000000184, 51.700417 ], [ 10.458931, 51.695824000000187 ], [ 10.459929, 51.697380000000123 ], [ 10.44790600000016, 51.703064 ], [ 10.449467, 51.706219000000146 ], [ 10.447701, 51.70639 ], [ 10.444519, 51.702934000000141 ], [ 10.432618000000161, 51.702621000000136 ], [ 10.427988, 51.701027 ], [ 10.432598, 51.706734 ], [ 10.425956000000156, 51.704266000000189 ], [ 10.423112, 51.707878000000107 ], [ 10.424726, 51.703716000000156 ], [ 10.420183000000179, 51.701473000000192 ], [ 10.417735000000107, 51.702236 ] ], [ [ 10.375389790000156, 51.679839757000195 ], [ 10.379503251000074, 51.678543091000051 ], [ 10.381557930000156, 51.678615998000112 ], [ 10.381335007000075, 51.680686936000029 ], [ 10.375389790000156, 51.679839757000195 ] ], [ [ 10.357699000000139, 51.679649000000154 ], [ 10.359633, 51.683266000000117 ], [ 10.35755, 51.686890000000119 ], [ 10.359893000000113, 51.689251 ], [ 10.378184, 51.691078 ], [ 10.379884, 51.693398000000172 ], [ 10.378665, 51.694878 ], [ 10.377095, 51.691872 ], [ 10.368616, 51.690624000000128 ], [ 10.359441000000174, 51.69214600000015 ], [ 10.359404000000154, 51.696762000000149 ], [ 10.361568000000148, 51.697372 ], [ 10.360687, 51.699043 ], [ 10.357699000000139, 51.697819 ], [ 10.355858, 51.690678000000162 ], [ 10.347333, 51.690666 ], [ 10.349508, 51.68795 ], [ 10.34609, 51.687473 ], [ 10.347035, 51.685974000000158 ], [ 10.353181, 51.6876180000001 ], [ 10.356932, 51.682556000000147 ], [ 10.355397, 51.680466 ], [ 10.357699000000139, 51.679649000000154 ] ] ] ] } },
{ "type": "Feature", "properties": { "country": "Germany", "name": "Thale", "type": "Einheitsgemeinde", "count": 1, "first_date": "2019-07-22", "last_date": "2019-07-22" }, "geometry": { "type": "Polygon", "coordinates": [ [ [ 10.899273872000037, 51.746444703000179 ], [ 10.91163158400002, 51.749118806000183 ], [ 10.912148475000095, 51.751853944000175 ], [ 10.915870667000036, 51.751461028000165 ], [ 10.91827488000007, 51.754501343000129 ], [ 10.925027845999978, 51.75115203900009 ], [ 10.934668541000178, 51.752941132000046 ], [ 10.936328888000162, 51.7507934570001 ], [ 10.93417453700016, 51.749805451000043 ], [ 10.943804741000065, 51.74303817800012 ], [ 10.946436882000171, 51.737998962000063 ], [ 10.960991858999989, 51.740177154000037 ], [ 10.966785431000119, 51.737113953000119 ], [ 10.981927872000028, 51.739913940000065 ], [ 10.983649253000124, 51.745086670000148 ], [ 10.992343903000062, 51.749099732 ], [ 10.99761486, 51.746017456000061 ], [ 11.000978470000121, 51.740814209000064 ], [ 11.011096954000152, 51.745079041000167 ], [ 11.012035371000081, 51.747341155000072 ], [ 11.015202522000038, 51.748046876000103 ], [ 11.01299095100012, 51.751117707000105 ], [ 11.015800477000028, 51.752185822000115 ], [ 11.009395600000062, 51.756233216000112 ], [ 11.013536454000189, 51.758365632000164 ], [ 11.011744500000077, 51.760215759000062 ], [ 11.014020919000075, 51.762825013000111 ], [ 11.025488854000059, 51.761569977000192 ], [ 11.032282830000156, 51.764877319000107 ], [ 11.03332805600013, 51.776126862000183 ], [ 11.031155587000057, 51.776371003 ], [ 11.031253814000138, 51.778591157000051 ], [ 11.035474777000047, 51.780448914000033 ], [ 11.038163185000087, 51.785835266000163 ], [ 11.037888527000064, 51.787765504 ], [ 11.032823562000146, 51.786060334000126 ], [ 11.022176743000045, 51.787563325000065 ], [ 11.022775649000039, 51.782875060000038 ], [ 11.018383981000113, 51.78441620000018 ], [ 11.016371727000035, 51.782211303999986 ], [ 11.012126923000039, 51.783946991000164 ], [ 11.014223098000173, 51.785915375000172 ], [ 11.016939163000075, 51.784969331000013 ], [ 11.019815445000063, 51.78787231400014 ], [ 11.018589020000093, 51.789710998000032 ], [ 11.022072791000141, 51.792469025000059 ], [ 11.019387245000132, 51.793586732000108 ], [ 11.02379322000013, 51.796939849000182 ], [ 11.017801286000122, 51.799510957000109 ], [ 11.015245439000125, 51.796772004000047 ], [ 11.011098862000154, 51.803535461000195 ], [ 11.018950461999964, 51.804897309000069 ], [ 11.018907548000186, 51.808780671000193 ], [ 11.026021004000029, 51.810245515000076 ], [ 11.031491280000068, 51.808940887000119 ], [ 11.033164024000087, 51.815219879000097 ], [ 11.039441108, 51.814762117000043 ], [ 11.049073219000036, 51.82521820200003 ], [ 11.054255486000102, 51.825164794000045 ], [ 11.058072090000053, 51.835655213000166 ], [ 11.057669639000039, 51.838436126000147 ], [ 11.079473496000105, 51.827529908000145 ], [ 11.08991527500018, 51.82438278300009 ], [ 11.088903428000037, 51.823596954000152 ], [ 11.096767425999985, 51.819938660000162 ], [ 11.089292526000065, 51.807643891000112 ], [ 11.089814186000069, 51.798645019000048 ], [ 11.088413238000157, 51.796890259000122 ], [ 11.070710183000074, 51.80017089800009 ], [ 11.067886353, 51.799400330000083 ], [ 11.068270683000037, 51.796482086000026 ], [ 11.055942536000032, 51.796875001000103 ], [ 11.05559635200018, 51.791091920000099 ], [ 11.071009637000145, 51.793941499000027 ], [ 11.079152108000187, 51.791976929000043 ], [ 11.091827392000027, 51.786094666000167 ], [ 11.095700264000186, 51.787136077000071 ], [ 11.101623535999977, 51.785369872000047 ], [ 11.105893134000098, 51.780258180000033 ], [ 11.1087732310001, 51.779838563000055 ], [ 11.108991624000168, 51.774467469000115 ], [ 11.105422019000116, 51.773189544000161 ], [ 11.103311538000014, 51.768215180000141 ], [ 11.111363410000138, 51.768535613000097 ], [ 11.111960411000041, 51.766624451000041 ], [ 11.109218597, 51.764282226000148 ], [ 11.112523079000027, 51.763122559000067 ], [ 11.110416413, 51.760631561000196 ], [ 11.112312317000033, 51.755084991000103 ], [ 11.110072135000109, 51.751049041000101 ], [ 11.114973069000087, 51.745216370000037 ], [ 11.1087732310001, 51.737464905000024 ], [ 11.105158807, 51.735874175000049 ], [ 11.104411125000127, 51.731903077000084 ], [ 11.108633042000179, 51.729072571000017 ], [ 11.101282120000178, 51.724243165000132 ], [ 11.09274959600009, 51.722000123000157 ], [ 11.087703704000035, 51.722694398000158 ], [ 11.087027550000073, 51.724182130000145 ], [ 11.078492165, 51.72279358000003 ], [ 11.075417518000108, 51.723663330000193 ], [ 11.074442863000172, 51.720958709000172 ], [ 11.064574243000038, 51.717102051000097 ], [ 11.066870690000087, 51.714282989000083 ], [ 11.061917306000055, 51.706005096000013 ], [ 11.071018220000042, 51.706615448999969 ], [ 11.073394776000043, 51.703044892000037 ], [ 11.067428589000144, 51.69736862100018 ], [ 11.06069850900019, 51.696311951000155 ], [ 11.05548858700007, 51.692901612000128 ], [ 11.058676719000061, 51.690807343000131 ], [ 11.054374695000092, 51.68700409000013 ], [ 11.06125068700004, 51.679981231 ], [ 11.044466973000112, 51.679050445000087 ], [ 11.038654328000121, 51.673347473000035 ], [ 11.034806251000134, 51.672103882000101 ], [ 11.031488418000151, 51.67671585100004 ], [ 11.025873184000091, 51.679161072999989 ], [ 11.015849114000048, 51.679576875000123 ], [ 10.988557816000082, 51.671604156000114 ], [ 10.983340264000049, 51.67211914000012 ], [ 10.982089995000024, 51.670173644000045 ], [ 10.97536182500005, 51.670127869000112 ], [ 10.97648239200015, 51.668025971000077 ], [ 10.975259780000044, 51.664489745000083 ], [ 10.968398094000065, 51.664112092000153 ], [ 10.960558891000062, 51.667137147000062 ], [ 10.952383041000019, 51.661067962000175 ], [ 10.947902680000141, 51.664405824000141 ], [ 10.943041801000049, 51.662948608000193 ], [ 10.935034752000035, 51.663616182000169 ], [ 10.935041428000034, 51.665866852000079 ], [ 10.932071685999972, 51.666919709000013 ], [ 10.942151069000033, 51.669548035000105 ], [ 10.940560341000037, 51.671089172000165 ], [ 10.936431885000047, 51.670566560000054 ], [ 10.936058998000021, 51.672401428000171 ], [ 10.940539360000173, 51.673431397000058 ], [ 10.939966201000118, 51.677059174000078 ], [ 10.950874329999976, 51.679679872000065 ], [ 10.949256897, 51.681529999000077 ], [ 10.94138336200001, 51.679920196000012 ], [ 10.932085992000111, 51.680774688000042 ], [ 10.911794663000137, 51.678852081 ], [ 10.910935401000074, 51.67984390200013 ], [ 10.913060188000088, 51.681201936000036 ], [ 10.913198471999976, 51.683704376000151 ], [ 10.90639209800014, 51.686424256000123 ], [ 10.908885002000147, 51.686866761000033 ], [ 10.90843296100013, 51.688037873000155 ], [ 10.911334991999979, 51.687255860000164 ], [ 10.910687447000157, 51.692581177000193 ], [ 10.896309853, 51.688827515000128 ], [ 10.895903587000134, 51.691959382000164 ], [ 10.903890611000179, 51.693264008000085 ], [ 10.905702591000022, 51.695236206 ], [ 10.931511880000016, 51.693462373000102 ], [ 10.940090180000141, 51.694355012000131 ], [ 10.940962791000118, 51.696277620000046 ], [ 10.931002616000171, 51.699356079000097 ], [ 10.920198440000092, 51.698963166 ], [ 10.919712067000091, 51.701087953000069 ], [ 10.912544251000156, 51.704154969000172 ], [ 10.912964821000116, 51.715503693000187 ], [ 10.915538789000095, 51.718204499000194 ], [ 10.914139748000082, 51.720504760000154 ], [ 10.916858673000092, 51.724750519000168 ], [ 10.90118026600004, 51.727519989000029 ], [ 10.896172524000121, 51.726322175000178 ], [ 10.894436835000079, 51.728397370000039 ], [ 10.891810417000045, 51.727794647000167 ], [ 10.890665054000067, 51.729461670000148 ], [ 10.886961936999967, 51.730068208000091 ], [ 10.886678696000104, 51.73260498000019 ], [ 10.889558792000173, 51.733909608000147 ], [ 10.890637397000148, 51.738025666000169 ], [ 10.901435853000123, 51.743389130000025 ], [ 10.899273872000037, 51.746444703000179 ] ] ] } },
{ "type": "Feature", "properties": { "country": "Netherlands", "name": null, "type": null, "count": 1, "first_date": "2023-11-26", "last_date": "2023-11-26" }, "geometry": { "type": "Polygon", "coordinates": [ [ [ 6.094673157000102, 51.299224854000045 ], [ 6.078790188000028, 51.2957153320001 ], [ 6.075851916999966, 51.291244508000034 ], [ 6.068604946000164, 51.292232514000034 ], [ 6.057106019000059, 51.288646698000036 ], [ 6.039678097000092, 51.276165009000124 ], [ 6.038168907000113, 51.270786285999975 ], [ 6.035270213000103, 51.269004823000103 ], [ 6.019436836000182, 51.26818466200001 ], [ 6.018128872000148, 51.278961182000103 ], [ 5.975169182000116, 51.297111512000185 ], [ 5.916296958000146, 51.315368653000064 ], [ 5.919149875000016, 51.309013368000137 ], [ 5.899055005000037, 51.315372468000135 ], [ 5.86023902900007, 51.322692871000129 ], [ 5.840219021000053, 51.339817047 ], [ 5.848941802000127, 51.348762513000111 ], [ 5.879251957000065, 51.354045868000014 ], [ 5.8864841460001, 51.356712341000105 ], [ 5.940124988000093, 51.386131287000126 ], [ 5.955980778000026, 51.385169984000072 ], [ 5.966015816000038, 51.379741669000055 ], [ 5.993404866000105, 51.37961959900008 ], [ 6.015066147000141, 51.381317139000032 ], [ 6.081621170000119, 51.39714431800013 ], [ 6.083037854000111, 51.395339966000051 ], [ 6.085935115000098, 51.396221162000131 ], [ 6.098842145000106, 51.390766144000168 ], [ 6.100245953000069, 51.388065337000114 ], [ 6.087154865000116, 51.380058289000146 ], [ 6.095716953000135, 51.373725890000173 ], [ 6.100042821000159, 51.373703004000049 ], [ 6.108487129000025, 51.359294892000037 ], [ 6.117108821000159, 51.357452393000074 ], [ 6.128493787000139, 51.347511292000092 ], [ 6.132790088000093, 51.345691681000062 ], [ 6.125518800000123, 51.341243743000121 ], [ 6.126774788000091, 51.328670502000136 ], [ 6.12089681600014, 51.320625305000135 ], [ 6.112115859000028, 51.310798644000045 ], [ 6.094673157000102, 51.299224854000045 ] ] ] } },
{ "type": "Feature", "properties": { "country": "Netherlands", "name": null, "type": null, "count": 1, "first_date": "2023-11-26", "last_date": "2023-11-26" }, "geometry": { "type": "Polygon", "coordinates": [ [ [ 6.213800429000116, 51.506008149000138 ], [ 6.21301937000004, 51.491100311000139 ], [ 6.219227791000094, 51.483970641000155 ], [ 6.223395824000079, 51.474941253000054 ], [ 6.223171711000077, 51.468933106 ], [ 6.220015525000065, 51.455257416000052 ], [ 6.220520974000067, 51.446891784000115 ], [ 6.213933468000164, 51.446334840000191 ], [ 6.214870929000028, 51.434375762000116 ], [ 6.205219745000136, 51.399517059000118 ], [ 6.211082459000124, 51.400905609000063 ], [ 6.226378917999966, 51.399658203000058 ], [ 6.214416503000109, 51.389629365000189 ], [ 6.216136456000186, 51.388675691000117 ], [ 6.214819909000084, 51.38753891000016 ], [ 6.226130009000087, 51.360519409000176 ], [ 6.189839839000172, 51.339351654000154 ], [ 6.193070888000079, 51.334732056000178 ], [ 6.168622494000147, 51.332950592000032 ], [ 6.169286251000074, 51.329612733000033 ], [ 6.159294128000113, 51.319480896000073 ], [ 6.159478188000094, 51.315689088 ], [ 6.154278755, 51.311111451000045 ], [ 6.15408039100015, 51.307373046000123 ], [ 6.14444828000012, 51.297622681000064 ], [ 6.129278183000054, 51.287143708000031 ], [ 6.123344898000028, 51.290985108000029 ], [ 6.116175174000091, 51.292819977000079 ], [ 6.111818790000086, 51.290153504000159 ], [ 6.101846218000048, 51.297389983000187 ], [ 6.097516060000032, 51.296516420000103 ], [ 6.094673157000102, 51.299224854000045 ], [ 6.112115859000028, 51.310798644000045 ], [ 6.126774788000091, 51.328670502000136 ], [ 6.125518800000123, 51.341243743000121 ], [ 6.132790088000093, 51.345691681000062 ], [ 6.128493787000139, 51.347511292000092 ], [ 6.117108821000159, 51.357452393000074 ], [ 6.108487129000025, 51.359294892000037 ], [ 6.100042821000159, 51.373703004000049 ], [ 6.095716953000135, 51.373725890000173 ], [ 6.087154865000116, 51.380058289000146 ], [ 6.100245953000069, 51.388065337000114 ], [ 6.098842145000106, 51.390766144000168 ], [ 6.085935115000098, 51.396221162000131 ], [ 6.083037854000111, 51.395339966000051 ], [ 6.081621170000119, 51.39714431800013 ], [ 6.080263137000088, 51.403434755000092 ], [ 6.081768990000114, 51.407913207000092 ], [ 6.086146832000111, 51.411479950000057 ], [ 6.086295127000028, 51.422252653999976 ], [ 6.110818863000191, 51.421222686000021 ], [ 6.125277996000079, 51.422939301000042 ], [ 6.132401943000048, 51.416614533000086 ], [ 6.14106082800015, 51.41656494200015 ], [ 6.143972874000042, 51.418342591000055 ], [ 6.150860787, 51.39675903400007 ], [ 6.162414073999969, 51.397586823000097 ], [ 6.158281803000136, 51.410179138000046 ], [ 6.159807204000117, 51.415557861000195 ], [ 6.167107106000174, 51.420898438000052 ], [ 6.167201996000188, 51.426971435000098 ], [ 6.163037778000103, 51.43705368000019 ], [ 6.163111209000022, 51.442466736000085 ], [ 6.166069985000036, 51.446937561000084 ], [ 6.188046932000077, 51.46655655 ], [ 6.186748029000171, 51.475540161000026 ], [ 6.175415993000115, 51.489971160000096 ], [ 6.178506850000133, 51.502521515000126 ], [ 6.185677051000027, 51.498886108000136 ], [ 6.192935944000112, 51.50063705499997 ], [ 6.195871829000112, 51.503311157000098 ], [ 6.205993176000106, 51.503250122000111 ], [ 6.213800429000116, 51.506008149000138 ] ] ] } },
{ "type": "Feature", "properties": { "country": "Netherlands", "name": null, "type": null, "count": 1, "first_date": "2023-11-26", "last_date": "2023-11-26" }, "geometry": { "type": "Polygon", "coordinates": [ [ [ 6.025592805000144, 53.240150452000194 ], [ 6.027122021000025, 53.241935731000183 ], [ 6.037635804000161, 53.240989686000148 ], [ 6.081289767000158, 53.247943877000068 ], [ 6.113072872000089, 53.256759643000123 ], [ 6.117627145000029, 53.259429933000092 ], [ 6.147786141000154, 53.263748170000099 ], [ 6.152227879000179, 53.259235382000099 ], [ 6.170353890000058, 53.263618469000107 ], [ 6.188347816000089, 53.259922028000062 ], [ 6.197421074000147, 53.262557984000182 ], [ 6.192969798000092, 53.26617813200005 ], [ 6.19602680100013, 53.268848419000108 ], [ 6.200554848000081, 53.269718170000033 ], [ 6.224534035000033, 53.264186859000063 ], [ 6.225943088000179, 53.258792878000065 ], [ 6.239432812000075, 53.256015778000119 ], [ 6.242374898000094, 53.252407074000189 ], [ 6.237713814000131, 53.244361877000188 ], [ 6.227155208000113, 53.242633821000027 ], [ 6.225618840000152, 53.240848542000037 ], [ 6.230096818000106, 53.23902511700004 ], [ 6.222530841000037, 53.236381531000177 ], [ 6.220963002000076, 53.232799530000193 ], [ 6.23142385500006, 53.229145051000046 ], [ 6.237304210000161, 53.221927643000072 ], [ 6.237222194000083, 53.217441558000075 ], [ 6.2264781, 53.204948425000168 ], [ 6.215864181000143, 53.199626923000039 ], [ 6.206818104000149, 53.197891237000135 ], [ 6.206725120000101, 53.192504882000037 ], [ 6.200668811000185, 53.189849855000034 ], [ 6.183751106000102, 53.166622162000067 ], [ 6.183613777000176, 53.158546448000152 ], [ 6.159469128000069, 53.150608063000163 ], [ 6.155067922000057, 53.156917572000054 ], [ 6.129201890000047, 53.144546509000065 ], [ 6.126371860000177, 53.145412445000147 ], [ 6.126426220000042, 53.149002076000045 ], [ 6.111450195000032, 53.150875091000046 ], [ 6.120829105000155, 53.175056457000096 ], [ 6.116336822000164, 53.175979615000074 ], [ 6.104489804000082, 53.18680954000007 ], [ 6.091079236000041, 53.194061280000028 ], [ 6.085241795000115, 53.205757141000106 ], [ 6.092888833000075, 53.214691162000065 ], [ 6.034470081000165, 53.22933960000006 ], [ 6.025592805000144, 53.240150452000194 ] ] ] } },
{ "type": "Feature", "properties": { "country": "Netherlands", "name": null, "type": null, "count": 1, "first_date": "2023-11-26", "last_date": "2023-11-26" }, "geometry": { "type": "Polygon", "coordinates": [ [ [ 6.025592805000144, 53.240150452000194 ], [ 6.034470081000165, 53.22933960000006 ], [ 6.092888833000075, 53.214691162000065 ], [ 6.085241795000115, 53.205757141000106 ], [ 6.091079236000041, 53.194061280000028 ], [ 6.104489804000082, 53.18680954000007 ], [ 6.116336822000164, 53.175979615000074 ], [ 6.120829105000155, 53.175056457000096 ], [ 6.111436845000185, 53.149978639000096 ], [ 6.101012229000048, 53.15541839600013 ], [ 6.087519169000075, 53.156387329000097 ], [ 6.019945145000065, 53.154026031000171 ], [ 5.980682850000164, 53.134456634 ], [ 5.949057103000086, 53.123821258000078 ], [ 5.949025154000026, 53.121128082000155 ], [ 5.94456720300002, 53.124736786000142 ], [ 5.92813921100003, 53.13108062800012 ], [ 5.914773942000068, 53.143695832000105 ], [ 5.929878235000047, 53.152614593000067 ], [ 5.937471866000124, 53.160659790000068 ], [ 5.939002037000023, 53.16967392000015 ], [ 5.931549073000099, 53.16786193900009 ], [ 5.921040058000187, 53.167903901000159 ], [ 5.867020129000139, 53.170787812000128 ], [ 5.856698036000068, 53.190563201000089 ], [ 5.867245197000102, 53.194118500000172 ], [ 5.862823963000039, 53.203109741000048 ], [ 5.912477017000185, 53.21013259800003 ], [ 5.911029816000109, 53.214603425000178 ], [ 5.903505802000154, 53.213733674000082 ], [ 5.894524098000034, 53.217357636000088 ], [ 5.89455223200008, 53.220046997000111 ], [ 5.903570175000084, 53.220016479000037 ], [ 5.902087212000026, 53.221817018000081 ], [ 5.887083054000072, 53.224563599000078 ], [ 5.885661125000127, 53.232643128 ], [ 5.858571053000048, 53.230041503000166 ], [ 5.864706039000168, 53.242584228999988 ], [ 5.837627887000053, 53.24177551300005 ], [ 5.836142062000135, 53.243576050000115 ], [ 5.83917999200014, 53.247154235000153 ], [ 5.836213113000042, 53.25165176400003 ], [ 5.83626318, 53.257034303000125 ], [ 5.837790012000085, 53.259723664000148 ], [ 5.837862968000081, 53.267799378000063 ], [ 5.853062153000053, 53.283901215000185 ], [ 5.866643906000036, 53.287448883000081 ], [ 5.880137920999971, 53.282016754000153 ], [ 5.887599946000023, 53.275711061000038 ], [ 5.920516013999986, 53.257640839000032 ], [ 5.929532051000024, 53.25671005300012 ], [ 5.930976868000073, 53.251319884999987 ], [ 5.949005126000145, 53.249454498000091 ], [ 5.960813045000066, 53.231479646000196 ], [ 5.962275983000154, 53.226966859000129 ], [ 5.989356994000048, 53.228645325000116 ], [ 6.021002770000052, 53.240142822000053 ], [ 6.025592805000144, 53.240150452000194 ] ] ] } },
{ "type": "Feature", "properties": { "country": "Netherlands", "name": null, "type": null, "count": 1, "first_date": "2023-11-26", "last_date": "2023-11-26" }, "geometry": { "type": "Polygon", "coordinates": [ [ [ 4.741837979000138, 52.106636047000052 ], [ 4.743347167000138, 52.103954316000113 ], [ 4.736151218000089, 52.101272583000195 ], [ 4.706863880000128, 52.09474945200003 ], [ 4.712782860000118, 52.091197968000188 ], [ 4.717341899000132, 52.081352234000178 ], [ 4.715950966000094, 52.076854706000177 ], [ 4.707162857000071, 52.076801301000103 ], [ 4.69988822900018, 52.074062348000098 ], [ 4.696980000000167, 52.067775726000036 ], [ 4.688248158000135, 52.069496156000071 ], [ 4.684042931000079, 52.05869674700017 ], [ 4.681098938000162, 52.059577941000043 ], [ 4.67952585200004, 52.065849305000086 ], [ 4.667813778000152, 52.065773011000147 ], [ 4.667846202000135, 52.063976288000106 ], [ 4.640013218000092, 52.064685821000069 ], [ 4.638385774000085, 52.073650360999977 ], [ 4.628118038000025, 52.074478149000129 ], [ 4.628086091000114, 52.076271058000032 ], [ 4.609033108000062, 52.077030182000158 ], [ 4.60925102300007, 52.06536483800005 ], [ 4.566921235000166, 52.058773041000052 ], [ 4.535885811000185, 52.072895050000113 ], [ 4.534957885000154, 52.074356079000154 ], [ 4.537826062000022, 52.07656097500012 ], [ 4.532823085000075, 52.080055236000135 ], [ 4.538593770000148, 52.083690644 ], [ 4.537857056000121, 52.119590759000062 ], [ 4.542220115000077, 52.121417999000073 ], [ 4.549331188, 52.132247924000069 ], [ 4.547825813000088, 52.134029388000044 ], [ 4.552135945000032, 52.138549804000149 ], [ 4.562542915000108, 52.131450654000048 ], [ 4.56833600900012, 52.135082244000102 ], [ 4.572594166000101, 52.142295837 ], [ 4.573846817000117, 52.153076172000169 ], [ 4.575333119000163, 52.152191163000055 ], [ 4.641180038000186, 52.161640167000087 ], [ 4.682244777000165, 52.162815094000052 ], [ 4.683636189000026, 52.167312622000054 ], [ 4.708836078000047, 52.152214050000055 ], [ 4.706038952000085, 52.144126893000191 ], [ 4.730721951000021, 52.159530640000071 ], [ 4.74388408700014, 52.162303925000117 ], [ 4.763443947000098, 52.131004333000135 ], [ 4.756297112000027, 52.119289399000195 ], [ 4.741837979000138, 52.106636047000052 ] ] ] } },
{ "type": "Feature", "properties": { "country": "France", "name": "Saverne", "type": "Arrondissement", "count": 2, "first_date": "2017-08-01", "last_date": "2017-08-04" }, "geometry": { "type": "Polygon", "coordinates": [ [ [ 7.510595798000054, 48.744018554000149 ], [ 7.506846905000089, 48.737522125000055 ], [ 7.509745121000094, 48.724727630000018 ], [ 7.49356412800006, 48.714553833000139 ], [ 7.478544234000026, 48.715461731000119 ], [ 7.471468925000181, 48.712169647000053 ], [ 7.468436241000063, 48.706317902000023 ], [ 7.471640588000071, 48.703998566000166 ], [ 7.482129574, 48.703147889000036 ], [ 7.488533020000148, 48.698158265000188 ], [ 7.499315740000043, 48.693149568000081 ], [ 7.518394471000079, 48.692516328000124 ], [ 7.521353245000114, 48.690071106000119 ], [ 7.518657208000036, 48.684074403000182 ], [ 7.49558448800002, 48.687900544000115 ], [ 7.491555214000073, 48.686141967000026 ], [ 7.496620178000114, 48.685707091999973 ], [ 7.500454903000048, 48.679679872000122 ], [ 7.485621453000022, 48.666168213000105 ], [ 7.478873730000089, 48.662342072000172 ], [ 7.488401891000024, 48.657367706000173 ], [ 7.47755050700016, 48.649120332000052 ], [ 7.467294217000074, 48.656703950000121 ], [ 7.447667599000113, 48.657936096000128 ], [ 7.415408611000146, 48.652584077000029 ], [ 7.398930073000088, 48.659862518000182 ], [ 7.387331010000025, 48.657444 ], [ 7.386858940000081, 48.650684358000149 ], [ 7.366847515000131, 48.640781404000052 ], [ 7.339555741000083, 48.649013520000096 ], [ 7.327373981000108, 48.643421173000036 ], [ 7.317291260000104, 48.644786834000172 ], [ 7.313147544000117, 48.661125182000035 ], [ 7.30435562200006, 48.660209657 ], [ 7.266275882000059, 48.662300110000047 ], [ 7.261695863000114, 48.671501161000094 ], [ 7.257236004000106, 48.672847749000141 ], [ 7.24226141000014, 48.692108154000096 ], [ 7.250464438999984, 48.695438385000045 ], [ 7.260134220000111, 48.694713593000131 ], [ 7.264726162000102, 48.700458528000183 ], [ 7.266116620000048, 48.710983276000036 ], [ 7.286884308000083, 48.73134231500012 ], [ 7.292436123000186, 48.751987458000087 ], [ 7.31333970999998, 48.767238617000146 ], [ 7.30858278200003, 48.767879487000073 ], [ 7.29069471400004, 48.786296845000152 ], [ 7.290898801000139, 48.7939071670001 ], [ 7.270145894000166, 48.802505492000193 ], [ 7.260850906000087, 48.797550202000195 ], [ 7.257742882000116, 48.804065705000085 ], [ 7.245234966000112, 48.810031890000175 ], [ 7.25033283300013, 48.814849853000112 ], [ 7.262460709000152, 48.818569183000136 ], [ 7.258104802000048, 48.822174072000109 ], [ 7.24533033300014, 48.816890716000103 ], [ 7.22712135300003, 48.828460694000114 ], [ 7.217748641000071, 48.828109742000038 ], [ 7.219991206000088, 48.819087981999985 ], [ 7.211982251000109, 48.826133729000048 ], [ 7.203428268000152, 48.826957703 ], [ 7.187198639000144, 48.834281921000127 ], [ 7.194087505000084, 48.839019775999986 ], [ 7.184903622000036, 48.850372315000072 ], [ 7.176958084000034, 48.847434998000153 ], [ 7.173508168000069, 48.842018129 ], [ 7.14885425500006, 48.844596862000117 ], [ 7.142117500000154, 48.83555603100001 ], [ 7.147360802000037, 48.822250367000095 ], [ 7.13980913100005, 48.817497255000092 ], [ 7.129834651000067, 48.815708161000032 ], [ 7.123206616000118, 48.810531616000105 ], [ 7.126799584000025, 48.801151276000041 ], [ 7.085536003000072, 48.79161834700011 ], [ 7.079244136000057, 48.786285400000168 ], [ 7.069058896000058, 48.793037414000025 ], [ 7.06678295200004, 48.799327851000101 ], [ 7.087958336000042, 48.80617141700003 ], [ 7.085040570000047, 48.811908723000101 ], [ 7.071568013000103, 48.815212250000116 ], [ 7.052434444000141, 48.814838410000107 ], [ 7.047117233000108, 48.820636749000187 ], [ 7.053819657000076, 48.835971833000144 ], [ 7.05206346500006, 48.846881867000093 ], [ 7.088380336000171, 48.848392487000012 ], [ 7.098772526000062, 48.854213715000128 ], [ 7.094145774000083, 48.862880707000102 ], [ 7.079252243000099, 48.863895416000162 ], [ 7.050544261000141, 48.858928681000123 ], [ 7.055009842000061, 48.864917755000079 ], [ 7.044962884000086, 48.872634888000107 ], [ 6.987973691000036, 48.891368866000107 ], [ 6.972304344000065, 48.890747070000145 ], [ 6.957379818000106, 48.894157410000048 ], [ 6.96357965500016, 48.907241822000174 ], [ 6.955067157000144, 48.919960021000065 ], [ 6.941467762000173, 48.924575805000075 ], [ 6.944401742000082, 48.934799194000163 ], [ 6.947270394000157, 48.934955596000123 ], [ 6.956554889000131, 48.927482606000126 ], [ 6.965975285000127, 48.92665863000019 ], [ 6.977410316000089, 48.933055877000072 ], [ 6.992516994000027, 48.960529327000188 ], [ 7.032219410000152, 48.956050872000105 ], [ 7.02762794500012, 48.969665528000178 ], [ 7.036623956000085, 48.973144531000173 ], [ 7.037658692000093, 48.976600648000044 ], [ 7.031687260000183, 48.986366273000101 ], [ 7.038297177000061, 48.995895387000189 ], [ 7.046847820000096, 48.999908447000053 ], [ 7.052350998000179, 49.008701324000072 ], [ 7.049426078000067, 49.017875672000116 ], [ 7.05491256800002, 49.030628204000152 ], [ 7.078660011000125, 49.050361634000069 ], [ 7.068600177000178, 49.063388825000118 ], [ 7.071032048000063, 49.069751740000186 ], [ 7.074754238000025, 49.072128296000187 ], [ 7.089115620000086, 49.070388795000042 ], [ 7.099342347000061, 49.077892304000102 ], [ 7.105295659000035, 49.07259368900003 ], [ 7.115058899000189, 49.070590972000161 ], [ 7.113306522000016, 49.064746856000113 ], [ 7.103218079000101, 49.064353942000139 ], [ 7.10197305600002, 49.061080934000017 ], [ 7.106357574000072, 49.045345307000048 ], [ 7.119477271000164, 49.03721618600008 ], [ 7.116049766000174, 49.031303406000063 ], [ 7.121934414000179, 49.023330688000101 ], [ 7.129950999000073, 49.005359650000173 ], [ 7.160391808000156, 49.005550384000117 ], [ 7.161458016000097, 49.002288819 ], [ 7.174240112000064, 49.006366730000195 ], [ 7.186213016000181, 48.993766785000105 ], [ 7.195847035000156, 48.993770600000175 ], [ 7.209311485000114, 48.980087281000181 ], [ 7.237987994000036, 48.987651825000057 ], [ 7.293926716000101, 48.972618104000048 ], [ 7.290432929000133, 48.967090607000046 ], [ 7.293287753000129, 48.964889526000093 ], [ 7.290202618000023, 48.956516266000051 ], [ 7.305474759000049, 48.956642150000164 ], [ 7.306460380000146, 48.953357696000182 ], [ 7.326852798000061, 48.943382264000149 ], [ 7.333561420000024, 48.948246002000189 ], [ 7.34336710000008, 48.948429108000084 ], [ 7.359096049000016, 48.956470489000083 ], [ 7.37991762200005, 48.95119857800006 ], [ 7.392312526000069, 48.952716828000121 ], [ 7.404510975000164, 48.958202363000055 ], [ 7.429246425999963, 48.960857392000094 ], [ 7.451631070000076, 48.967971801000147 ], [ 7.45780658700005, 48.962940215000174 ], [ 7.477938653000081, 48.961479187000066 ], [ 7.487019539000073, 48.950061799000082 ], [ 7.513190747000067, 48.943248750000066 ], [ 7.50325489, 48.931156158000192 ], [ 7.513329028999976, 48.923591614000088 ], [ 7.495610714000065, 48.917068481000115 ], [ 7.493367671000044, 48.914047241000048 ], [ 7.498880862000135, 48.90842437800012 ], [ 7.486630440000113, 48.903434754000102 ], [ 7.485558988000093, 48.897190094000166 ], [ 7.493947983000112, 48.893405914000084 ], [ 7.508754252000074, 48.894489288000159 ], [ 7.511785029000123, 48.891788483000084 ], [ 7.537588596000035, 48.897884369000167 ], [ 7.54441356600006, 48.893119813000112 ], [ 7.553128242000071, 48.896854401000041 ], [ 7.566659451000078, 48.892410278000114 ], [ 7.576507092000156, 48.894248963999985 ], [ 7.564815522, 48.880111694 ], [ 7.545429706000107, 48.87692260700004 ], [ 7.545087337000098, 48.871757507000041 ], [ 7.550626277000106, 48.866699218000122 ], [ 7.573337078000066, 48.86099624600007 ], [ 7.578636169000049, 48.852325439000026 ], [ 7.619477748, 48.848457336000138 ], [ 7.660636424000074, 48.847579957000107 ], [ 7.659060954999973, 48.841415406000181 ], [ 7.639055253000095, 48.832866670000158 ], [ 7.63784027100013, 48.829799651000144 ], [ 7.613165855000091, 48.837303163000172 ], [ 7.596282481000117, 48.832027436000033 ], [ 7.587307930000122, 48.833000184000014 ], [ 7.571736336000129, 48.828941346000136 ], [ 7.576201438000112, 48.819664001000149 ], [ 7.569846630000086, 48.814868927000077 ], [ 7.54752635900013, 48.819667816000049 ], [ 7.544987678000098, 48.825744629000042 ], [ 7.542543411000111, 48.827289581000116 ], [ 7.542564869000103, 48.812515259000179 ], [ 7.527155877000041, 48.808792114000084 ], [ 7.519356251000033, 48.801269532000106 ], [ 7.520675183000094, 48.798236847000055 ], [ 7.506459237, 48.796577454000158 ], [ 7.492238998000175, 48.80529403800017 ], [ 7.487143517, 48.803134919000172 ], [ 7.494858266000165, 48.795185089000142 ], [ 7.48949766200019, 48.786613465000073 ], [ 7.491471767, 48.783737183000085 ], [ 7.504116058000022, 48.779407502000083 ], [ 7.498079300000029, 48.767265321000025 ], [ 7.489931107000075, 48.769176483000081 ], [ 7.481803417000151, 48.76276779300008 ], [ 7.483364105000135, 48.753505706000112 ], [ 7.479842662000181, 48.747718812000016 ], [ 7.497046471000147, 48.74359512400008 ], [ 7.510595798000054, 48.744018554000149 ] ] ] } },
{ "type": "Feature", "properties": { "country": "Germany", "name": "Waldkirch", "type": "Verwaltungsgemeinschaft", "count": 1, "first_date": "2017-07-28", "last_date": "2017-07-28" }, "geometry": { "type": "Polygon", "coordinates": [ [ [ 8.136648177000154, 48.009147644000109 ], [ 8.130784988000073, 48.008155822000106 ], [ 8.12763977000003, 48.01169586300017 ], [ 8.122485161000156, 48.01047897400008 ], [ 8.119195937000143, 48.01697158800016 ], [ 8.121379852000075, 48.018096923000087 ], [ 8.117384910000112, 48.018112183000085 ], [ 8.116852760000143, 48.020240784000066 ], [ 8.120071411000083, 48.020488740000189 ], [ 8.112475395000104, 48.022895813000105 ], [ 8.112195014000065, 48.025363923000043 ], [ 8.109947204000036, 48.026916504000155 ], [ 8.110633851000102, 48.02853012200012 ], [ 8.10469722800002, 48.0320434570001 ], [ 8.104930878000118, 48.033584596000139 ], [ 8.100752830000147, 48.034572602000026 ], [ 8.098533631000123, 48.039947509 ], [ 8.094037056000104, 48.038932800000168 ], [ 8.093330382999966, 48.036922455000195 ], [ 8.090645789000064, 48.039165498000045 ], [ 8.092573167000069, 48.042533875000174 ], [ 8.091641426000137, 48.043483735000052 ], [ 8.077349663000064, 48.044204712000123 ], [ 8.075049401000172, 48.04734802300004 ], [ 8.073172570000054, 48.057952881000119 ], [ 8.066658973000131, 48.06297302300004 ], [ 8.057795525000074, 48.063411714000154 ], [ 8.052320481000038, 48.062076569000112 ], [ 8.048284531000036, 48.058525085000042 ], [ 8.034606933000077, 48.05757904100011 ], [ 8.020202636000079, 48.05828857400013 ], [ 8.014387131000035, 48.062400819000118 ], [ 8.004106522000029, 48.05928039500003 ], [ 7.996682644000032, 48.062797547000059 ], [ 7.982779502000028, 48.063110352000081 ], [ 7.976560116000087, 48.061679840000068 ], [ 7.971572876999971, 48.063426972000173 ], [ 7.962127209000016, 48.061851501000149 ], [ 7.958498002000056, 48.063800812000011 ], [ 7.955867291000061, 48.063560486000029 ], [ 7.951070786000116, 48.057449342000155 ], [ 7.946899891000101, 48.057674408000082 ], [ 7.928319930000157, 48.063808442000152 ], [ 7.924160480000069, 48.06354904300008 ], [ 7.921755315000098, 48.065155029999971 ], [ 7.924168586, 48.070583345000159 ], [ 7.923720360000061, 48.074527740000121 ], [ 7.917069913000034, 48.074668884000062 ], [ 7.913855552000086, 48.07683181800013 ], [ 7.89362812000013, 48.080142975000115 ], [ 7.895841598000118, 48.081890107000106 ], [ 7.89433908500007, 48.082099915000015 ], [ 7.894649505000189, 48.084690094000052 ], [ 7.904508114000066, 48.091461181000113 ], [ 7.914494037000054, 48.088962556000013 ], [ 7.916584968000109, 48.090820313000165 ], [ 7.918841361000034, 48.090549468000063 ], [ 7.923126222000121, 48.097183229000166 ], [ 7.928852558000131, 48.101688385000045 ], [ 7.936385631, 48.102207184000065 ], [ 7.940750598000136, 48.09754943900009 ], [ 7.942342757000176, 48.098171235000166 ], [ 7.941562653000119, 48.102848054000162 ], [ 7.938107491000039, 48.107059478999986 ], [ 7.942152023000176, 48.113998414000093 ], [ 7.93810176900007, 48.119037628000115 ], [ 7.939822674000084, 48.121074676000092 ], [ 7.934253693000187, 48.123023987000181 ], [ 7.936285973000111, 48.124492646000135 ], [ 7.936491013000023, 48.127265931000181 ], [ 7.945571899000186, 48.126777647999972 ], [ 7.952037334000181, 48.134239198000103 ], [ 7.95573806800013, 48.13465881500008 ], [ 7.95885324600016, 48.137042999000187 ], [ 7.955326558000024, 48.141838074000191 ], [ 7.957437992000109, 48.143882752000081 ], [ 7.957545757000048, 48.14934539800015 ], [ 7.956050397000126, 48.152008057999979 ], [ 7.958549499000128, 48.156185151000045 ], [ 7.959490298999981, 48.162963867000087 ], [ 7.964117528000145, 48.167350769000166 ], [ 7.965909004000025, 48.171989441999983 ], [ 7.971608161000063, 48.173343658000135 ], [ 7.975355149000109, 48.176055908000194 ], [ 7.979814053000098, 48.185882568000068 ], [ 7.976089954000088, 48.19030380200013 ], [ 7.982842, 48.194263000000149 ], [ 7.993249102000163, 48.191425640000034 ], [ 7.994388, 48.186035 ], [ 7.99964761800004, 48.184700012000064 ], [ 8.001584053000101, 48.173065185000098 ], [ 7.996218682, 48.169895171000178 ], [ 7.99165487300013, 48.16419601399997 ], [ 7.992333890000111, 48.161693574000083 ], [ 7.990527153000073, 48.161525726000036 ], [ 7.994608401999983, 48.155845643000191 ], [ 7.989158154000052, 48.148849487000064 ], [ 7.989225864000161, 48.146465301000148 ], [ 7.99679136400016, 48.142269134000117 ], [ 7.996814250000114, 48.139183044000049 ], [ 8.001496314000065, 48.13377761900017 ], [ 8.00604534200005, 48.131504059000179 ], [ 8.015513421000151, 48.13026046900012 ], [ 8.027318954, 48.125007630000084 ], [ 8.037821769000118, 48.129638672000112 ], [ 8.052969933000099, 48.124916076000147 ], [ 8.057746887000121, 48.120155335000163 ], [ 8.073183061000123, 48.123664857000108 ], [ 8.083007812000062, 48.12848663300008 ], [ 8.090793609000059, 48.12778473000003 ], [ 8.097091674000069, 48.130592347000061 ], [ 8.101172447000124, 48.128749848000098 ], [ 8.115233421000028, 48.127742768000076 ], [ 8.125373841000055, 48.131694794000055 ], [ 8.127428055000053, 48.130886078000117 ], [ 8.127146001000142, 48.125607000000116 ], [ 8.132555008000111, 48.11760330300001 ], [ 8.143185616000039, 48.112712861000034 ], [ 8.142679214999987, 48.110374452000087 ], [ 8.148011207000081, 48.104049683000028 ], [ 8.149466515000086, 48.104084015000183 ], [ 8.150389671000084, 48.100502014000028 ], [ 8.153478623000012, 48.099632263999979 ], [ 8.152053834000185, 48.0948791510001 ], [ 8.149537086000123, 48.094421387000068 ], [ 8.151153565000016, 48.093292237000071 ], [ 8.148744584000099, 48.088264466000169 ], [ 8.146317483000132, 48.087364196000124 ], [ 8.147983551000095, 48.085655213000052 ], [ 8.145392417000153, 48.085384369000167 ], [ 8.154148102000079, 48.078819276000104 ], [ 8.156482697000058, 48.079120635000095 ], [ 8.156003952000162, 48.077606201000037 ], [ 8.158987044000071, 48.077259063000042 ], [ 8.160503388000109, 48.078655243000128 ], [ 8.166074754000135, 48.075790406000124 ], [ 8.160605430000032, 48.069728852000082 ], [ 8.154014588000052, 48.069496153999978 ], [ 8.152839661000087, 48.067691804000106 ], [ 8.148546220000071, 48.067123413000047 ], [ 8.140381812000044, 48.07201004000018 ], [ 8.128956794000146, 48.073509217000151 ], [ 8.125617981, 48.071521759000177 ], [ 8.122379304, 48.071884156000067 ], [ 8.121948241000155, 48.070255280000083 ], [ 8.117668153000011, 48.068290710000099 ], [ 8.11754608200016, 48.066669464000086 ], [ 8.109056472000077, 48.06354522800001 ], [ 8.112945557000103, 48.058322908000093 ], [ 8.111905098000079, 48.057365418000131 ], [ 8.125280380000049, 48.052341462000129 ], [ 8.124596595000071, 48.043987274000074 ], [ 8.128803252000068, 48.041023255000027 ], [ 8.116581917000019, 48.036117555000033 ], [ 8.117543220000073, 48.030643463000104 ], [ 8.114533424000115, 48.028850557000055 ], [ 8.114686013000039, 48.026794433000134 ], [ 8.122587204000183, 48.024204254000097 ], [ 8.125239373000113, 48.021743774000129 ], [ 8.12405777000015, 48.019290924000188 ], [ 8.12744045300019, 48.015281678000122 ], [ 8.134230614000046, 48.014842988000055 ], [ 8.133107186000188, 48.012840272000062 ], [ 8.136648177000154, 48.009147644000109 ] ] ] } },
{ "type": "Feature", "properties": { "country": "France", "name": "Altkirch", "type": "Arrondissement", "count": 1, "first_date": "2017-07-25", "last_date": "2017-07-25" }, "geometry": { "type": "Polygon", "coordinates": [ [ [ 7.45348453500003, 47.473575592000032 ], [ 7.444630145000133, 47.461914063000108 ], [ 7.430066585000077, 47.459278107000159 ], [ 7.422546387000125, 47.447753907000049 ], [ 7.400343895000162, 47.435386658000027 ], [ 7.386297704000185, 47.43196869000019 ], [ 7.351147174000062, 47.434822083000142 ], [ 7.338911056000143, 47.440570831000059 ], [ 7.303975582000078, 47.438255310000045 ], [ 7.247142316, 47.42113495000018 ], [ 7.237950802000171, 47.430366517000039 ], [ 7.235901832000081, 47.436878205000085 ], [ 7.223327637000182, 47.439510346000134 ], [ 7.206223011000191, 47.434890747000111 ], [ 7.174731732000055, 47.442668914000194 ], [ 7.172162057000151, 47.445503234000057 ], [ 7.178251267000178, 47.458137513000111 ], [ 7.177992820000043, 47.468109131000062 ], [ 7.18772983600013, 47.48346328800011 ], [ 7.193308353000077, 47.488975526000047 ], [ 7.202312947000109, 47.491699219000054 ], [ 7.19816494100013, 47.493579865000072 ], [ 7.168905257000176, 47.489501953000172 ], [ 7.159130097000116, 47.490859985000043 ], [ 7.148515224000164, 47.497863770000038 ], [ 7.130345820000173, 47.503025055000137 ], [ 7.136617184000158, 47.50825881999998 ], [ 7.142173290000187, 47.525024415000132 ], [ 7.132778643999984, 47.539653778000059 ], [ 7.118775845000016, 47.547603608000031 ], [ 7.106215477000148, 47.551338196000131 ], [ 7.107531548000054, 47.558582306000176 ], [ 7.105093479, 47.567916869999976 ], [ 7.094360828999982, 47.573493957000039 ], [ 7.088896751000163, 47.583717346000128 ], [ 7.086424827000087, 47.585536956000055 ], [ 7.08538818400001, 47.593051911000032 ], [ 7.074359894000054, 47.598865508000074 ], [ 7.043115615000147, 47.599967957000104 ], [ 7.025416373000098, 47.592685699000072 ], [ 7.024635792000083, 47.589225769000166 ], [ 7.019561291000059, 47.588535309000065 ], [ 7.017367363000062, 47.59691238400012 ], [ 7.00921249400011, 47.59939193800011 ], [ 7.010014057000092, 47.604736328000172 ], [ 7.005052567000064, 47.619598389000032 ], [ 7.006659507000165, 47.626434327000027 ], [ 7.010525226000027, 47.630153657000108 ], [ 7.013694764000036, 47.629573822000168 ], [ 7.016566754, 47.645050050000123 ], [ 7.019805431000179, 47.650680541000099 ], [ 7.039244174000146, 47.650394440000184 ], [ 7.035236836000081, 47.659656524000184 ], [ 7.045281887000101, 47.670375824000189 ], [ 7.037637234000101, 47.675144195000087 ], [ 7.045745373000102, 47.683338166000112 ], [ 7.038634300000126, 47.687946320000037 ], [ 7.036342620000084, 47.692222595000089 ], [ 7.038652421000165, 47.69258499200015 ], [ 7.027565479000089, 47.705368041000099 ], [ 7.03741788800005, 47.72155761700003 ], [ 7.04691743799998, 47.721076965000066 ], [ 7.067869663000124, 47.714916229000153 ], [ 7.075947761000066, 47.705307006000112 ], [ 7.096405982000022, 47.713493347 ], [ 7.11504077799998, 47.710281372000111 ], [ 7.125778676000095, 47.70461273300009 ], [ 7.144529342000055, 47.706893920000141 ], [ 7.158980847, 47.698902131000125 ], [ 7.161504745000116, 47.70146942100007 ], [ 7.170274734000031, 47.701103211000145 ], [ 7.183759213000087, 47.692249299000139 ], [ 7.182051658000148, 47.685974122000061 ], [ 7.19277954100005, 47.68218994200015 ], [ 7.200181485000144, 47.681438447000062 ], [ 7.212769985000079, 47.694965364000097 ], [ 7.225691318000088, 47.69476699900008 ], [ 7.237998010000126, 47.690708162000078 ], [ 7.239853859000164, 47.694904328000177 ], [ 7.234202384000184, 47.700733184000171 ], [ 7.238638402000049, 47.713516236000032 ], [ 7.251127243000155, 47.722229004000098 ], [ 7.284869671000081, 47.718410492000146 ], [ 7.293097019000129, 47.701839448000044 ], [ 7.283924102000128, 47.695873261000145 ], [ 7.279274941000097, 47.688194274000125 ], [ 7.286546707000127, 47.680023194000114 ], [ 7.305346013000019, 47.671669007000162 ], [ 7.320192336000162, 47.667785644999981 ], [ 7.316880703000152, 47.655899048000151 ], [ 7.340747832000091, 47.641628265000065 ], [ 7.325498105000122, 47.63336181700015 ], [ 7.337946416000079, 47.616870880000192 ], [ 7.348617553000111, 47.614154817000099 ], [ 7.359031201, 47.614334108000094 ], [ 7.369633198000145, 47.608837128000175 ], [ 7.378264905000151, 47.606807708000133 ], [ 7.390537738000148, 47.610000609999986 ], [ 7.410128593000081, 47.58976745700005 ], [ 7.40493249900004, 47.577190400000063 ], [ 7.385917664000146, 47.567749023000033 ], [ 7.381120681000027, 47.562049866000052 ], [ 7.396183490000112, 47.553783418000137 ], [ 7.417466639999986, 47.554294587000072 ], [ 7.42523145600012, 47.546428681000123 ], [ 7.427011967000112, 47.536739349000072 ], [ 7.42295646700012, 47.526832580000075 ], [ 7.425573827000107, 47.523559570000145 ], [ 7.43712425300015, 47.523372650000169 ], [ 7.442584514000089, 47.509479522000106 ], [ 7.437007905000087, 47.508186341000112 ], [ 7.434762955000167, 47.497966767000094 ], [ 7.421224593000147, 47.480171204000044 ], [ 7.431159495999964, 47.481460572000117 ], [ 7.45348453500003, 47.473575592000032 ] ] ] } },
{ "type": "Feature", "properties": { "country": "Netherlands", "name": null, "type": null, "count": 1, "first_date": "2023-11-26", "last_date": "2023-11-26" }, "geometry": { "type": "MultiPolygon", "coordinates": [ [ [ [ 5.355244000000141, 52.400486 ], [ 5.337524, 52.406750000000159 ], [ 5.279921, 52.422832000000142 ], [ 5.262155000000178, 52.435371 ], [ 5.392002105000131, 52.490268708000144 ], [ 5.399394034000068, 52.490272523000044 ], [ 5.405303001, 52.492965699000081 ], [ 5.420076999000116, 52.504641999000057 ], [ 5.42451199900006, 52.504641999000057 ], [ 5.439299066999979, 52.510929071000135 ], [ 5.445212841000114, 52.51721191300004 ], [ 5.442255020000061, 52.519008637000184 ], [ 5.439294001000121, 52.525291149000054 ], [ 5.439292001000126, 52.528881000000183 ], [ 5.448169232, 52.536960601000146 ], [ 5.452609063000125, 52.535163879000152 ], [ 5.460008984000183, 52.545936976000064 ], [ 5.45853007200003, 52.550422781000066 ], [ 5.461491109000121, 52.55311584500015 ], [ 5.468893051000066, 52.554012298000146 ], [ 5.468891143000121, 52.552219391000051 ], [ 5.501460075000125, 52.554008485000111 ], [ 5.56225, 52.591667000000143 ], [ 5.578558961000056, 52.596141818000035 ], [ 5.593269824000174, 52.562915802000191 ], [ 5.593223094000052, 52.548557282000161 ], [ 5.597550869000088, 52.514446259000181 ], [ 5.59311111, 52.513553633000015 ], [ 5.597505092000119, 52.500083923000034 ], [ 5.612234957000055, 52.48480998500014 ], [ 5.570812348000118, 52.470493181000052 ], [ 5.591426722000108, 52.448032301000012 ], [ 5.579586663000043, 52.439071837000085 ], [ 5.572193160000154, 52.435485848000155 ], [ 5.594272999000168, 52.414821711 ], [ 5.594262123000135, 52.411231995000037 ], [ 5.583931, 52.410342999000193 ], [ 5.542564, 52.385246000000109 ], [ 5.538137999000128, 52.384353999000098 ], [ 5.452599356000121, 52.43554109500019 ], [ 5.443662999000139, 52.442665000000147 ], [ 5.428987639000184, 52.432841816 ], [ 5.402429000000154, 52.419364999000038 ], [ 5.355244000000141, 52.400486 ] ] ], [ [ [ 5.431032001000062, 52.528133 ], [ 5.433374999000137, 52.52708399900007 ], [ 5.43781299900013, 52.531573999000159 ], [ 5.439291875000094, 52.529777621 ], [ 5.436336040000072, 52.522598268000081 ], [ 5.430418999000153, 52.520802000000174 ], [ 5.430415153000183, 52.529777527000192 ], [ 5.431892, 52.537853001000087 ], [ 5.445204502000024, 52.55580677800009 ], [ 5.43211299900014, 52.536385 ], [ 5.431032001000062, 52.528133 ] ] ], [ [ [ 5.452609063000125, 52.562091828 ], [ 5.468880258000183, 52.565677531000119 ], [ 5.455569999000147, 52.562091999000131 ], [ 5.445204502000024, 52.55580677800009 ], [ 5.452609063000125, 52.562091828 ] ] ], [ [ [ 5.403651238, 52.650035857000148 ], [ 5.462861, 52.592693000000111 ], [ 5.473341942000047, 52.571067809000112 ], [ 5.473337631000106, 52.568373564000183 ], [ 5.468898600000102, 52.565683364000165 ], [ 5.471858977000181, 52.568374841000036 ], [ 5.471860885000126, 52.571067809000112 ], [ 5.461497784000073, 52.592605591000108 ], [ 5.403653144000032, 52.648239136000086 ], [ 5.365030766000075, 52.674243927000134 ], [ 5.310058118000143, 52.689441681000119 ], [ 5.304137230000151, 52.684051514000089 ], [ 5.296728133000045, 52.680450440000186 ], [ 5.284835421000139, 52.684024810000153 ], [ 5.296711922000043, 52.684936523000033 ], [ 5.302630568000041, 52.690330606000032 ], [ 5.290752, 52.690315000000169 ], [ 5.301140000000146, 52.692123000000151 ], [ 5.366515059000051, 52.674243962000048 ], [ 5.403651238, 52.650035857000148 ] ] ] ] } },
{ "type": "Feature", "properties": { "country": "Austria", "name": "Roßleithen", "type": "Gemeinde", "count": 1, "first_date": "2015-07-21", "last_date": "2015-07-21" }, "geometry": { "type": "Polygon", "coordinates": [ [ [ 14.306847641000161, 47.716812197000195 ], [ 14.295121311000116, 47.714810208000188 ], [ 14.294761624000159, 47.711772406000193 ], [ 14.291832878000093, 47.710497816000043 ], [ 14.28885516500003, 47.705754183000067 ], [ 14.292069449000053, 47.701859452000122 ], [ 14.291785727000047, 47.698105701000145 ], [ 14.295727642000145, 47.696476059000133 ], [ 14.29816044100005, 47.691542019000053 ], [ 14.2931067130001, 47.688338718000182 ], [ 14.293840752000165, 47.686118999000087 ], [ 14.29174159900009, 47.684818341000096 ], [ 14.291607661000057, 47.680002531000071 ], [ 14.286541284000123, 47.677230364000138 ], [ 14.273448156000029, 47.658598581000149 ], [ 14.267595324000183, 47.661526319000075 ], [ 14.256015604000083, 47.65739162 ], [ 14.247428097000181, 47.658159464000164 ], [ 14.243452524000134, 47.656995432000087 ], [ 14.247947417000148, 47.659769863000065 ], [ 14.245839714999988, 47.667621313999973 ], [ 14.254361878, 47.68026876000016 ], [ 14.256194127000185, 47.685581321000029 ], [ 14.267541158000142, 47.689815231000182 ], [ 14.271937172000094, 47.693100192000145 ], [ 14.269024931000104, 47.698765328999968 ], [ 14.273508841000023, 47.703262608000045 ], [ 14.263115274000029, 47.71407566400012 ], [ 14.261747373000105, 47.717181757 ], [ 14.262883450000061, 47.71852459400003 ], [ 14.251765725000041, 47.71955932700007 ], [ 14.242135413000142, 47.724230360000149 ], [ 14.258076445000142, 47.73030694300013 ], [ 14.26066669100004, 47.736592624000139 ], [ 14.258740586000101, 47.742734748000146 ], [ 14.260656267000059, 47.744918499999983 ], [ 14.26032750000013, 47.746997596000085 ], [ 14.254557303000126, 47.747186417000137 ], [ 14.249323258, 47.749739089000172 ], [ 14.259689597000033, 47.751341878000176 ], [ 14.257967965000034, 47.753776586000185 ], [ 14.26036269500014, 47.756780429000116 ], [ 14.259207079000078, 47.759715475000121 ], [ 14.251584292000075, 47.76447122400009 ], [ 14.251338421000071, 47.769360549000055 ], [ 14.256383529000061, 47.773327523000034 ], [ 14.27337404400015, 47.778913460000069 ], [ 14.28144654200014, 47.779862485000194 ], [ 14.289656309000065, 47.78827762200018 ], [ 14.309540352000113, 47.784923871000103 ], [ 14.312923849000185, 47.782814970000118 ], [ 14.329355898000074, 47.782672648000073 ], [ 14.33531127700013, 47.775272751000045 ], [ 14.344971415000032, 47.777120944999979 ], [ 14.351324042000158, 47.776408934000131 ], [ 14.374117421000051, 47.771002904000113 ], [ 14.390521424000099, 47.764131239999983 ], [ 14.374736472000166, 47.752398286000187 ], [ 14.368823020000093, 47.74995102400004 ], [ 14.368847996000056, 47.746087478000106 ], [ 14.371712640000112, 47.743307974000174 ], [ 14.367457835000039, 47.741431760000182 ], [ 14.361877169000138, 47.741489560000161 ], [ 14.353601052000045, 47.737481029000037 ], [ 14.349102626, 47.737158053000144 ], [ 14.346980570000142, 47.733735435000085 ], [ 14.331098511000107, 47.735850742000082 ], [ 14.324573439000062, 47.728742520000083 ], [ 14.319175923000046, 47.732461332000128 ], [ 14.315878082000097, 47.73202276700016 ], [ 14.313391196000055, 47.729472771000189 ], [ 14.312791476000143, 47.724091711000142 ], [ 14.320523950999984, 47.722663916000045 ], [ 14.318238395000094, 47.720896487000061 ], [ 14.313793289000159, 47.721061475000056 ], [ 14.316060585000173, 47.717773346 ], [ 14.3131931530001, 47.711471545000052 ], [ 14.306847641000161, 47.716812197000195 ] ] ] } },
{ "type": "Feature", "properties": { "country": "Austria", "name": "Spital am Pyhrn", "type": "Gemeinde", "count": 1, "first_date": "2015-07-21", "last_date": "2015-07-21" }, "geometry": { "type": "Polygon", "coordinates": [ [ [ 14.398358098000131, 47.653153641000131 ], [ 14.393519603000072, 47.648894311000106 ], [ 14.395873047000123, 47.638341793000109 ], [ 14.392425736000064, 47.636439176000124 ], [ 14.381743048000089, 47.634487004000107 ], [ 14.371785732000092, 47.62953030500006 ], [ 14.367701556000043, 47.630692249000049 ], [ 14.361339324000141, 47.629411658000095 ], [ 14.33537156400007, 47.618853348000073 ], [ 14.327278038000088, 47.608053358000177 ], [ 14.321794904000114, 47.608999337 ], [ 14.313524678000078, 47.606860998000116 ], [ 14.303725905000135, 47.610094557000025 ], [ 14.296012816000086, 47.608655205000161 ], [ 14.282830843, 47.615023995000058 ], [ 14.265285010000184, 47.610974918000124 ], [ 14.25620222200007, 47.613344082000083 ], [ 14.251036872000043, 47.619709141000101 ], [ 14.235436037000056, 47.62843178300011 ], [ 14.223967733000052, 47.642652344000112 ], [ 14.23342635400013, 47.651137004000134 ], [ 14.241693590000068, 47.653018281000129 ], [ 14.242996769000172, 47.656574508000119 ], [ 14.24549875800011, 47.657965366000042 ], [ 14.256015604000083, 47.65739162 ], [ 14.267595324000183, 47.661526319000075 ], [ 14.273448156000029, 47.658598581000149 ], [ 14.286541284000123, 47.677230364000138 ], [ 14.291607661000057, 47.680002531000071 ], [ 14.29174159900009, 47.684818341000096 ], [ 14.293840752000165, 47.686118999000087 ], [ 14.2931067130001, 47.688338718000182 ], [ 14.29816044100005, 47.691542019000053 ], [ 14.295727642000145, 47.696476059000133 ], [ 14.291785727000047, 47.698105701000145 ], [ 14.292069449000053, 47.701859452000122 ], [ 14.288945072999979, 47.705208568000103 ], [ 14.289597771, 47.707999678000135 ], [ 14.294761624000159, 47.711772406000193 ], [ 14.294785494000166, 47.714330018000055 ], [ 14.296634796000035, 47.715902227000186 ], [ 14.304264645000103, 47.71732629800016 ], [ 14.310944125000162, 47.714652802000103 ], [ 14.313166094000053, 47.710781666000116 ], [ 14.327280372000075, 47.711711252999976 ], [ 14.343538064000029, 47.707824120000168 ], [ 14.347974266999984, 47.695241424000187 ], [ 14.351547794000169, 47.692291891000139 ], [ 14.366845654000088, 47.691862940000078 ], [ 14.369246117000046, 47.695990220000169 ], [ 14.380285176000086, 47.700414975000058 ], [ 14.380825177000077, 47.702160874000185 ], [ 14.383710019000034, 47.701861003000147 ], [ 14.382260922000114, 47.70731925400014 ], [ 14.394245645000126, 47.709533888000067 ], [ 14.397494469000151, 47.709165323000036 ], [ 14.397188619000076, 47.707201439000073 ], [ 14.400650441000153, 47.705808783000123 ], [ 14.402511961000187, 47.703011608000054 ], [ 14.408702573000085, 47.707291237000049 ], [ 14.411457395000127, 47.705469187000119 ], [ 14.4135406420001, 47.700996486000122 ], [ 14.415613696000037, 47.701842830000146 ], [ 14.426837520000163, 47.693297036000047 ], [ 14.425329672000089, 47.690453332000175 ], [ 14.436017232000154, 47.688701703000106 ], [ 14.43623707, 47.676792072000126 ], [ 14.426666839000177, 47.672650249000185 ], [ 14.421750657000189, 47.657077401000038 ], [ 14.398358098000131, 47.653153641000131 ] ] ] } },
{ "type": "Feature", "properties": { "country": "Slovenia", "name": null, "type": null, "count": 1, "first_date": "2023-11-26", "last_date": "2023-11-26" }, "geometry": { "type": "Polygon", "coordinates": [ [ [ 13.459418296000138, 46.363918304000038 ], [ 13.480149270000027, 46.377849580000031 ], [ 13.501444817000106, 46.387058259000185 ], [ 13.544917107000117, 46.400726319000057 ], [ 13.564577103000147, 46.418006897000112 ], [ 13.576833725000142, 46.441040038000097 ], [ 13.594191551000165, 46.448463441000115 ], [ 13.621438980000164, 46.447113038000055 ], [ 13.644509316000153, 46.448673247999977 ], [ 13.666820527000084, 46.455669404000105 ], [ 13.670560837000153, 46.459434510000051 ], [ 13.685243606000029, 46.437553405000187 ], [ 13.685205458999974, 46.430438996000134 ], [ 13.680053712000131, 46.423324586000149 ], [ 13.690278054000032, 46.423336029000154 ], [ 13.690296172000103, 46.426891328000067 ], [ 13.715876579000053, 46.430473328000119 ], [ 13.715897558999984, 46.434028625000053 ], [ 13.726121903000035, 46.43404006999998 ], [ 13.73127079, 46.441154481000069 ], [ 13.741495132000068, 46.441165924000188 ], [ 13.741474153000013, 46.43761062700014 ], [ 13.751703262000035, 46.437622071000192 ], [ 13.756755829000042, 46.426959991000103 ], [ 13.787412643000152, 46.42343902600004 ], [ 13.792486190999966, 46.416332245000092 ], [ 13.802709580000055, 46.416343689000144 ], [ 13.802689552000174, 46.412788392000039 ], [ 13.812913895000179, 46.412796020000144 ], [ 13.817893981000111, 46.387916566000058 ], [ 13.828100205000112, 46.384368897000058 ], [ 13.838323593000098, 46.38438034100011 ], [ 13.838285447000089, 46.377269745000092 ], [ 13.822872162000124, 46.363033295000093 ], [ 13.81264686500009, 46.363021850000109 ], [ 13.81262874700019, 46.359466553 ], [ 13.79218101400005, 46.359443665000072 ], [ 13.776784897000084, 46.348762512000178 ], [ 13.746073723000109, 46.341617584000176 ], [ 13.740865707000125, 46.323833466000053 ], [ 13.745978356000137, 46.323841096000137 ], [ 13.745921136, 46.313175202000139 ], [ 13.725416183000107, 46.302486421000083 ], [ 13.725395202000072, 46.29893112200017 ], [ 13.689609527000073, 46.298892975000115 ], [ 13.689592362000155, 46.295337678000067 ], [ 13.669122695000169, 46.291759491 ], [ 13.669104577000098, 46.288204194000116 ], [ 13.65888118800018, 46.288192749000132 ], [ 13.643581391, 46.295288086000028 ], [ 13.643602372000032, 46.298843385000112 ], [ 13.623170852000101, 46.302379608000081 ], [ 13.607814789000088, 46.298805238000057 ], [ 13.607795716, 46.295249939000144 ], [ 13.577120781000076, 46.295219422000059 ], [ 13.577141762000167, 46.298774719000107 ], [ 13.551600456000187, 46.302303315000074 ], [ 13.551617621999981, 46.305858611000076 ], [ 13.531168938000064, 46.305835725000122 ], [ 13.526019097000187, 46.298721314000034 ], [ 13.520907402000091, 46.29871368400012 ], [ 13.520868301000178, 46.291603088000159 ], [ 13.531091690000039, 46.291614534000189 ], [ 13.531035424000038, 46.280948639000087 ], [ 13.525885583000161, 46.273830413000155 ], [ 13.515660286000127, 46.27382278500005 ], [ 13.459463120000123, 46.280872344999977 ], [ 13.459484101000157, 46.284427642000082 ], [ 13.433941842000024, 46.287956237000117 ], [ 13.433959961000028, 46.29151153600003 ], [ 13.413511277000055, 46.291492463000111 ], [ 13.413550377000092, 46.298603059000129 ], [ 13.403344154000024, 46.302146912000183 ], [ 13.399396896000098, 46.305175782000106 ], [ 13.402314184999966, 46.305809021000016 ], [ 13.428635598000085, 46.32955932700014 ], [ 13.447613715000159, 46.349243164000143 ], [ 13.459418296000138, 46.363918304000038 ] ] ] } },
{ "type": "Feature", "properties": { "country": "Netherlands", "name": null, "type": null, "count": 1, "first_date": "2023-11-26", "last_date": "2023-11-26" }, "geometry": { "type": "Polygon", "coordinates": [ [ [ 5.318961143000024, 52.202980040999989 ], [ 5.314579965000064, 52.194896697000161 ], [ 5.31458902300011, 52.192203521000067 ], [ 5.327809810000019, 52.189525605000028 ], [ 5.330760002999966, 52.185039520000032 ], [ 5.329296112000122, 52.183242798000038 ], [ 5.342508793000036, 52.18325805700016 ], [ 5.346926213000188, 52.177875519000111 ], [ 5.354269027000043, 52.176090241000054 ], [ 5.351343155000052, 52.171596528000123 ], [ 5.349895, 52.163516999000137 ], [ 5.34843397100002, 52.159927369000116 ], [ 5.344032765, 52.159923553000169 ], [ 5.341134072000102, 52.146453857000154 ], [ 5.335295200000132, 52.135677337000061 ], [ 5.338236807999976, 52.13209152200011 ], [ 5.336782933000052, 52.126701353999977 ], [ 5.311911107000071, 52.110515595000038 ], [ 5.297239780000041, 52.114986420000037 ], [ 5.286989212000094, 52.112277986000151 ], [ 5.276669026000093, 52.127521515000069 ], [ 5.269346238000139, 52.125717163 ], [ 5.259024144000136, 52.139163971000073 ], [ 5.261972905000164, 52.144500733000029 ], [ 5.248614789000158, 52.170558929000151 ], [ 5.252993106000133, 52.175952912000128 ], [ 5.277887821000149, 52.190357209000069 ], [ 5.308688164000102, 52.200275422000118 ], [ 5.313079834000064, 52.204769135000049 ], [ 5.317485809000175, 52.20477295000012 ], [ 5.318961143000024, 52.202980040999989 ] ] ] } },
{ "type": "Feature", "properties": { "country": "Netherlands", "name": null, "type": null, "count": 1, "first_date": "2023-11-26", "last_date": "2023-11-26" }, "geometry": { "type": "Polygon", "coordinates": [ [ [ 5.311911107000071, 52.110515595000038 ], [ 5.328056812000057, 52.102458953000109 ], [ 5.303164004999985, 52.097042084000179 ], [ 5.336894987999983, 52.084514617000082 ], [ 5.338374137000073, 52.079132080000136 ], [ 5.325213908000023, 52.071037293000131 ], [ 5.295955182000114, 52.087112427000079 ], [ 5.26373004900006, 52.067359924000073 ], [ 5.260746955000116, 52.062973023000097 ], [ 5.259530068000061, 52.064254761000143 ], [ 5.252051830000028, 52.059261322000054 ], [ 5.222770215000139, 52.060104371000079 ], [ 5.230062962000034, 52.065505982000161 ], [ 5.205105782000032, 52.077121736000095 ], [ 5.199244023000062, 52.078006745000039 ], [ 5.197732925000139, 52.086082458000021 ], [ 5.209456921000083, 52.085208892000082 ], [ 5.215263843000059, 52.090663910000046 ], [ 5.213800907000177, 52.094196321000027 ], [ 5.216713906000052, 52.097793579000097 ], [ 5.21522808200001, 52.101379395000151 ], [ 5.226937771000166, 52.104095460000053 ], [ 5.222492217000024, 52.113960267000152 ], [ 5.235670090000156, 52.116680145000146 ], [ 5.23256778700005, 52.150783540000191 ], [ 5.229557038000053, 52.166038513000046 ], [ 5.244223118000093, 52.167858125000123 ], [ 5.248614789000158, 52.170558929000151 ], [ 5.261972905000164, 52.144500733000029 ], [ 5.259024144000136, 52.139163971000073 ], [ 5.269346238000139, 52.125717163 ], [ 5.276669026000093, 52.127521515000069 ], [ 5.286989212000094, 52.112277986000151 ], [ 5.297239780000041, 52.114986420000037 ], [ 5.311911107000071, 52.110515595000038 ] ] ] } },
{ "type": "Feature", "properties": { "country": "Netherlands", "name": null, "type": null, "count": 1, "first_date": "2023-11-26", "last_date": "2023-11-26" }, "geometry": { "type": "Polygon", "coordinates": [ [ [ 5.321601869, 52.303512574000081 ], [ 5.337766171000055, 52.314300537000122 ], [ 5.355444907000162, 52.308933258000195 ], [ 5.384891032000155, 52.314311981000174 ], [ 5.306623935000118, 52.381584168000188 ], [ 5.343453885000088, 52.395088196000188 ], [ 5.350830078000115, 52.39599228000003 ], [ 5.355244000000141, 52.400486 ], [ 5.402429000000154, 52.419364999000038 ], [ 5.428987639000184, 52.432841816 ], [ 5.443662999000139, 52.442665000000147 ], [ 5.452599356000121, 52.43554109500019 ], [ 5.538137999000128, 52.384353999000098 ], [ 5.542564, 52.385246000000109 ], [ 5.583931, 52.410342999000193 ], [ 5.594262123000135, 52.411231995000037 ], [ 5.62818908800017, 52.408496856000113 ], [ 5.62367010100013, 52.384265901000106 ], [ 5.617736816000104, 52.375297546000127 ], [ 5.619193076000158, 52.370807648000095 ], [ 5.622138024000094, 52.369907380000029 ], [ 5.616228105000062, 52.366325378000113 ], [ 5.619173050000086, 52.365425110000047 ], [ 5.617695809000168, 52.364528656000118 ], [ 5.611806870000066, 52.366333008000026 ], [ 5.589684963000138, 52.362766266000165 ], [ 5.569060802000138, 52.367275237000115 ], [ 5.543965816000139, 52.350242614000081 ], [ 5.542487144, 52.347549438000044 ], [ 5.546887875000095, 52.337673188000167 ], [ 5.551300050000179, 52.334976196000127 ], [ 5.554248810000104, 52.335872651000102 ], [ 5.558663845000069, 52.334072114000094 ], [ 5.558660030000055, 52.332279205000191 ], [ 5.554228782000052, 52.327793122000173 ], [ 5.55715990200008, 52.321510315000182 ], [ 5.554196835000141, 52.313430787000129 ], [ 5.540903092000065, 52.291004181000119 ], [ 5.542370796000171, 52.289207459000124 ], [ 5.534986020000019, 52.274848939000094 ], [ 5.458491803000129, 52.259613037000179 ], [ 5.417321204000075, 52.253322602000082 ], [ 5.408498763000125, 52.253318787000012 ], [ 5.399673940000127, 52.256008148000092 ], [ 5.39084005300009, 52.264080049000142 ], [ 5.321601869, 52.303512574000081 ] ] ] } },
{ "type": "Feature", "properties": { "country": "France", "name": "Guebwiller", "type": "Arrondissement", "count": 4, "first_date": "2014-06-30", "last_date": "2025-04-24" }, "geometry": { "type": "Polygon", "coordinates": [ [ [ 7.234071256000163, 47.828052520000142 ], [ 7.226086617000021, 47.830646514000193 ], [ 7.222463607000122, 47.82985687200005 ], [ 7.189584731000025, 47.849975587000131 ], [ 7.175072671000123, 47.852214813000103 ], [ 7.170780660000162, 47.858261108000079 ], [ 7.156513999000026, 47.860939002000123 ], [ 7.131322861000058, 47.857646942000088 ], [ 7.123682, 47.867199000000141 ], [ 7.129706000000169, 47.883869 ], [ 7.112043999000093, 47.890208999000151 ], [ 7.098080000000152, 47.900414000000126 ], [ 7.099257940000086, 47.902301903000136 ], [ 7.087281227000062, 47.90531540000012 ], [ 7.079462528000022, 47.903335571000184 ], [ 7.069805146000135, 47.904975892000095 ], [ 7.065347672000087, 47.910995484000068 ], [ 7.050548076000041, 47.910446166000099 ], [ 7.037559987000179, 47.922588348000033 ], [ 7.042375088000028, 47.935283660000096 ], [ 7.038517475000162, 47.941326141000104 ], [ 7.033611297000107, 47.941532135000102 ], [ 7.028694152000128, 47.947944641000049 ], [ 7.037157536000166, 47.952701569 ], [ 7.050617219000173, 47.947856904 ], [ 7.075507641000058, 47.952682495000033 ], [ 7.086797715000046, 47.964103698000088 ], [ 7.126069070000142, 47.980621337000116 ], [ 7.128498554000089, 47.980796815000076 ], [ 7.133773326000039, 47.97683334400017 ], [ 7.147753924000085, 47.976440166000145 ], [ 7.165590047000137, 47.997257004000176 ], [ 7.180016999000088, 47.998539001000097 ], [ 7.182924000000185, 48.012386000000163 ], [ 7.190231, 48.018841 ], [ 7.197718620000046, 48.023323060000052 ], [ 7.215122700000165, 48.017173767000088 ], [ 7.214077949000114, 48.021934510000051 ], [ 7.217460632000154, 48.022750854000094 ], [ 7.219000817000108, 48.028923035 ], [ 7.235902786000167, 48.026081085000044 ], [ 7.279110431000163, 48.014972687000011 ], [ 7.293378830000108, 48.018165589000091 ], [ 7.321984290000103, 48.006725312000015 ], [ 7.342339039000024, 48.004856110000105 ], [ 7.346416473000033, 48.017387390000067 ], [ 7.365187645000105, 47.997737884000173 ], [ 7.374768734000156, 47.995380401000091 ], [ 7.405154705000143, 47.996166230000142 ], [ 7.417055130000051, 47.98959732000003 ], [ 7.444885254000042, 47.981391908000035 ], [ 7.448894500000108, 47.975742341000057 ], [ 7.447331906000159, 47.956974029000037 ], [ 7.473043441000073, 47.953643800000066 ], [ 7.489253998000095, 47.945262910000167 ], [ 7.525072097000134, 47.945213318000128 ], [ 7.523108005000154, 47.940753936000078 ], [ 7.512939931000119, 47.933673859000066 ], [ 7.487367153000037, 47.933437348000098 ], [ 7.483966351000049, 47.92129898200011 ], [ 7.519817353, 47.922302247000118 ], [ 7.560604095000031, 47.919075013000054 ], [ 7.580668449000143, 47.920742036000036 ], [ 7.582926750000013, 47.903415679000091 ], [ 7.580789565000032, 47.896461488000114 ], [ 7.574891, 47.890648000000169 ], [ 7.560463000000141, 47.883350000000121 ], [ 7.555775, 47.875599 ], [ 7.555963000000133, 47.866951 ], [ 7.563369274000081, 47.851169586000083 ], [ 7.554527281999981, 47.853794099000083 ], [ 7.542217255000139, 47.836250304000032 ], [ 7.503507136999986, 47.842224122000118 ], [ 7.469726563000108, 47.836215973000094 ], [ 7.461933613000099, 47.824893952000082 ], [ 7.441330433000189, 47.824539185000162 ], [ 7.426356316000124, 47.83406829900008 ], [ 7.422522069000024, 47.827892303000112 ], [ 7.395794391000152, 47.836193084000115 ], [ 7.394127846, 47.833038331000125 ], [ 7.374387264, 47.831638335999969 ], [ 7.329331397000033, 47.832653046000132 ], [ 7.311172486000089, 47.836360932000105 ], [ 7.306382657000029, 47.831443787000126 ], [ 7.288433075000057, 47.824821471000064 ], [ 7.281960010000148, 47.825050354000041 ], [ 7.275797844000067, 47.841442108000081 ], [ 7.271529198000053, 47.840141297000173 ], [ 7.265658856000186, 47.834892273000037 ], [ 7.26077413500019, 47.835239410000042 ], [ 7.258896827000115, 47.841709137000066 ], [ 7.250093937000088, 47.839279176000161 ], [ 7.234071256000163, 47.828052520000142 ] ] ] } },
{ "type": "Feature", "properties": { "country": "Netherlands", "name": null, "type": null, "count": 1, "first_date": "2023-11-26", "last_date": "2023-11-26" }, "geometry": { "type": "Polygon", "coordinates": [ [ [ 6.569904804000146, 52.946510315000126 ], [ 6.589860916000021, 52.966968536000081 ], [ 6.604945183000098, 52.972209931000066 ], [ 6.605135917000098, 52.979389191000053 ], [ 6.612702846000104, 52.982906343000082 ], [ 6.617356777000168, 52.989143372 ], [ 6.61600494400011, 52.994541168000069 ], [ 6.62227487500013, 53.005252838000104 ], [ 6.640564919000155, 53.017639160000044 ], [ 6.642182828000159, 53.022109984999986 ], [ 6.639215945999979, 53.023036958000034 ], [ 6.640786170000069, 53.02571487400013 ], [ 6.657269001999964, 53.026451111000029 ], [ 6.653128148, 53.039058686000033 ], [ 6.650207996000177, 53.041778563999969 ], [ 6.651805878000062, 53.045352936000143 ], [ 6.662559033000093, 53.055118561000029 ], [ 6.671566010000049, 53.055927277000137 ], [ 6.673213959000066, 53.061294556000064 ], [ 6.680714131000173, 53.064861298000096 ], [ 6.673441887000081, 53.06937027000015 ], [ 6.663260938000178, 53.080242157000043 ], [ 6.658819200000153, 53.079402924000135 ], [ 6.657319069000152, 53.082096101000161 ], [ 6.666356086000121, 53.083801270000095 ], [ 6.679738998, 53.080078126000046 ], [ 6.701921940000091, 53.069976808000035 ], [ 6.707842826999979, 53.065448761000141 ], [ 6.721389770000087, 53.069778443000075 ], [ 6.722863198000141, 53.068862916000057 ], [ 6.757678984999984, 53.081058502000189 ], [ 6.757764816000076, 53.083751678000056 ], [ 6.754795075000118, 53.084682464000196 ], [ 6.757846833000031, 53.086444855000082 ], [ 6.78656005800002, 53.094211578000113 ], [ 6.946471214000098, 52.99362182700014 ], [ 6.848754883000026, 52.977729798000155 ], [ 6.789877891000174, 52.961330414000031 ], [ 6.737453937000112, 52.954727172000105 ], [ 6.741427897999984, 52.937629701000048 ], [ 6.733909131000075, 52.937694549000071 ], [ 6.736305235999964, 52.915176392000035 ], [ 6.745667934000153, 52.879245758000025 ], [ 6.724477769000089, 52.868698121000136 ], [ 6.696332932000075, 52.87527084400017 ], [ 6.683753013000057, 52.905021668000074 ], [ 6.676417827000137, 52.90958023200011 ], [ 6.634700775000056, 52.912693025000181 ], [ 6.624413013000094, 52.918170929000098 ], [ 6.594673156999988, 52.919349670000031 ], [ 6.574339866000116, 52.944671631000062 ], [ 6.569904804000146, 52.946510315000126 ] ] ] } },
{ "type": "Feature", "properties": { "country": "Netherlands", "name": null, "type": null, "count": 1, "first_date": "2023-11-26", "last_date": "2023-11-26" }, "geometry": { "type": "Polygon", "coordinates": [ [ [ 6.640786170000069, 53.02571487400013 ], [ 6.639215945999979, 53.023036958000034 ], [ 6.642182828000159, 53.022109984999986 ], [ 6.640564919000155, 53.017639160000044 ], [ 6.62227487500013, 53.005252838000104 ], [ 6.61600494400011, 52.994541168000069 ], [ 6.617356777000168, 52.989143372 ], [ 6.612702846000104, 52.982906343000082 ], [ 6.605135917000098, 52.979389191000053 ], [ 6.604945183000098, 52.972209931000066 ], [ 6.589860916000021, 52.966968536000081 ], [ 6.569904804000146, 52.946510315000126 ], [ 6.552319049000175, 52.955589295000095 ], [ 6.544157982000058, 52.932384491 ], [ 6.526419163000071, 52.939720154000099 ], [ 6.528000832000089, 52.943298339000137 ], [ 6.505797862000122, 52.951568604000045 ], [ 6.501206874000047, 52.947120666000103 ], [ 6.492311955000105, 52.949890138000114 ], [ 6.502983093000182, 52.958774567000034 ], [ 6.495577813000125, 52.961528778000115 ], [ 6.504716874, 52.968631744 ], [ 6.494366169000045, 52.973205566000104 ], [ 6.505064010000126, 52.982986451000158 ], [ 6.502119064, 52.984806062000132 ], [ 6.50822687100009, 52.990139007000096 ], [ 6.50081777600019, 52.992897034000123 ], [ 6.496635915000127, 53.005496979000156 ], [ 6.522191048000082, 53.010662079000156 ], [ 6.517858982000121, 53.016979217000028 ], [ 6.511853218, 53.016136169999982 ], [ 6.504724026000076, 53.03055572500017 ], [ 6.510752201000116, 53.032299042000091 ], [ 6.509409904, 53.03859329200003 ], [ 6.514095783000016, 53.046630859000118 ], [ 6.520017148000136, 53.043888093000191 ], [ 6.533532142000183, 53.045562744000108 ], [ 6.542334079000057, 53.038303376000044 ], [ 6.555710793000173, 53.034595490000186 ], [ 6.561927795000145, 53.043510438000112 ], [ 6.559024811000086, 53.047126770000034 ], [ 6.565218926000057, 53.055149078000113 ], [ 6.563815118000036, 53.058753967000087 ], [ 6.578668117, 53.059505462000175 ], [ 6.580191135000121, 53.055011749000073 ], [ 6.583162785000127, 53.054084778000174 ], [ 6.584682941000153, 53.054969787000118 ], [ 6.584776878000184, 53.058559418000016 ], [ 6.595281125000042, 53.059356690000129 ], [ 6.596731186000056, 53.05754852300015 ], [ 6.610325813000145, 53.061908722000055 ], [ 6.61467409100004, 53.056484223000041 ], [ 6.617450237000071, 53.048377991000052 ], [ 6.615665913000043, 53.037624359000063 ], [ 6.612644196000019, 53.033142089000137 ], [ 6.640786170000069, 53.02571487400013 ] ] ] } },
{ "type": "Feature", "properties": { "country": "Netherlands", "name": null, "type": null, "count": 1, "first_date": "2023-11-26", "last_date": "2023-11-26" }, "geometry": { "type": "Polygon", "coordinates": [ [ [ 6.552319049000175, 52.955589295000095 ], [ 6.574339866000116, 52.944671631000062 ], [ 6.594673156999988, 52.919349670000031 ], [ 6.624413013000094, 52.918170929000098 ], [ 6.634700775000056, 52.912693025000181 ], [ 6.676417827000137, 52.90958023200011 ], [ 6.683753013000057, 52.905021668000074 ], [ 6.696332932000075, 52.87527084400017 ], [ 6.731879234000075, 52.866825103000053 ], [ 6.728740216000062, 52.861473085000114 ], [ 6.736085891000073, 52.857803345000036 ], [ 6.737470150000092, 52.85419845600012 ], [ 6.72986221400015, 52.848896026000148 ], [ 6.713419914000042, 52.847270967000043 ], [ 6.717576981000036, 52.836456300000066 ], [ 6.70537710200017, 52.826709748000098 ], [ 6.703914165000185, 52.827625274000184 ], [ 6.699368952999976, 52.824977875000116 ], [ 6.703554154000187, 52.815063478000184 ], [ 6.70042180900009, 52.809707642000035 ], [ 6.698958872999981, 52.810623170000156 ], [ 6.691440106000073, 52.808006287000069 ], [ 6.685282230000041, 52.800888061000137 ], [ 6.686719895000067, 52.799079896000194 ], [ 6.685182095000187, 52.797298433000151 ], [ 6.670399190000126, 52.801036835 ], [ 6.652143002000059, 52.786861419000047 ], [ 6.649082184000122, 52.782459260000053 ], [ 6.61702585200004, 52.755729675000111 ], [ 6.597237109000048, 52.736228944000175 ], [ 6.566254140000069, 52.745494843000074 ], [ 6.575703145000034, 52.766052246000015 ], [ 6.545936108000092, 52.765426637000076 ], [ 6.544516085999987, 52.768131256000117 ], [ 6.521988868000051, 52.762031555000192 ], [ 6.516279221000048, 52.76927948000008 ], [ 6.49997186600018, 52.77121353300015 ], [ 6.50478983, 52.786434174000135 ], [ 6.500498771000139, 52.793651582000109 ], [ 6.463438033999978, 52.800247193000075 ], [ 6.466539860000125, 52.805606842000032 ], [ 6.468216896000172, 52.813671112000065 ], [ 6.488124846000119, 52.836837768 ], [ 6.47177886999998, 52.83877182100008 ], [ 6.470520974000181, 52.848655702000144 ], [ 6.47201204400011, 52.848644256000114 ], [ 6.46913480700016, 52.853153230000146 ], [ 6.460110188000158, 52.849639893000131 ], [ 6.439270019000048, 52.85070800800014 ], [ 6.437900065000065, 52.856105803999981 ], [ 6.442391873000076, 52.856964111000025 ], [ 6.439654827000084, 52.867755890000069 ], [ 6.436776160000022, 52.87226867600009 ], [ 6.427948951000189, 52.877723694000053 ], [ 6.430992127000081, 52.880393982000044 ], [ 6.428049088000023, 52.88220977900005 ], [ 6.389431954000145, 52.889694215000077 ], [ 6.380290031000015, 52.880790710000156 ], [ 6.380176068000139, 52.875404358000026 ], [ 6.374345780000169, 52.881732942000156 ], [ 6.381974220000018, 52.889751435000051 ], [ 6.367153168000129, 52.894351960000108 ], [ 6.374802112999987, 52.903270721000069 ], [ 6.379278183000167, 52.903236389000028 ], [ 6.38991498900009, 52.912128449000193 ], [ 6.3913869860001, 52.911220551000042 ], [ 6.394430161000116, 52.913890838999976 ], [ 6.392975808000131, 52.915695191000054 ], [ 6.376694202000124, 52.922103881000112 ], [ 6.402304172000129, 52.932674409000185 ], [ 6.436041833000104, 52.971897125000112 ], [ 6.421399117000078, 52.985477448000097 ], [ 6.496635915000127, 53.005496979000156 ], [ 6.50081777600019, 52.992897034000123 ], [ 6.50822687100009, 52.990139007000096 ], [ 6.502119064, 52.984806062000132 ], [ 6.505064010000126, 52.982986451000158 ], [ 6.494366169000045, 52.973205566000104 ], [ 6.504716874, 52.968631744 ], [ 6.495577813000125, 52.961528778000115 ], [ 6.502983093000182, 52.958774567000034 ], [ 6.492311955000105, 52.949890138000114 ], [ 6.501206874000047, 52.947120666000103 ], [ 6.505797862000122, 52.951568604000045 ], [ 6.528000832000089, 52.943298339000137 ], [ 6.526419163000071, 52.939720154000099 ], [ 6.542665004000128, 52.932395936000148 ], [ 6.544157982000058, 52.932384491 ], [ 6.552319049000175, 52.955589295000095 ] ] ] } },
{ "type": "Feature", "properties": { "country": "Germany", "name": "Heimbach", "type": "Gemeinschaftsfreie Gemeinde", "count": 1, "first_date": "2014-04-23", "last_date": "2014-04-23" }, "geometry": { "type": "Polygon", "coordinates": [ [ [ 6.41047334700005, 50.642124176000095 ], [ 6.413623810000047, 50.641048432000048 ], [ 6.417062759000089, 50.636192322000056 ], [ 6.42308282800019, 50.636287689000085 ], [ 6.424423219000175, 50.636909486000093 ], [ 6.424169540000037, 50.6398201 ], [ 6.417331696000019, 50.64649963300019 ], [ 6.418368340000029, 50.64854049600018 ], [ 6.423896312000181, 50.649650573000088 ], [ 6.428457260000073, 50.646892548999972 ], [ 6.430490018000057, 50.652698516000157 ], [ 6.441635608000126, 50.659656525000059 ], [ 6.442071438000141, 50.658069610000098 ], [ 6.451639652000097, 50.66199874900002 ], [ 6.453475475000175, 50.660614014000146 ], [ 6.465385438000169, 50.663059234000116 ], [ 6.471341610000081, 50.660903931000064 ], [ 6.477092742000025, 50.663753509000117 ], [ 6.49461698500005, 50.660606384 ], [ 6.498130798000091, 50.658473969000056 ], [ 6.499355315000059, 50.655769348000035 ], [ 6.508435726000073, 50.655334472000106 ], [ 6.516958237000097, 50.652637483000149 ], [ 6.52249288600018, 50.654384613000104 ], [ 6.528165817000172, 50.660179139000093 ], [ 6.531108380000148, 50.659584046000191 ], [ 6.534027577000188, 50.661262512000121 ], [ 6.562309265000067, 50.659408570000039 ], [ 6.562404632000039, 50.657440186000088 ], [ 6.571906567000099, 50.652660369000102 ], [ 6.570471763000057, 50.648658752000188 ], [ 6.575726509000162, 50.644817352000132 ], [ 6.57387208900002, 50.643779755000025 ], [ 6.574881077000043, 50.640544891000047 ], [ 6.568271637000123, 50.637084962000017 ], [ 6.570618152000179, 50.635128022000117 ], [ 6.559689522000099, 50.626285553000059 ], [ 6.566428185000177, 50.621623992000139 ], [ 6.559434413000076, 50.613517762000185 ], [ 6.555214882000087, 50.611328125000114 ], [ 6.560880183000108, 50.604259491000164 ], [ 6.549849986000083, 50.60326004000018 ], [ 6.552653313000121, 50.599742889000026 ], [ 6.549456595000152, 50.598869324000134 ], [ 6.540906907000078, 50.606380463000164 ], [ 6.523533345000033, 50.598220826000158 ], [ 6.51760101300016, 50.600387574000194 ], [ 6.509681701000034, 50.600608825000108 ], [ 6.509841442000038, 50.60321808000009 ], [ 6.507403374000091, 50.602088929000161 ], [ 6.505421162, 50.603912355000034 ], [ 6.501190663000045, 50.601226807000103 ], [ 6.490922927000099, 50.60043716500013 ], [ 6.466072083000086, 50.612449647000176 ], [ 6.446859360000133, 50.616325379000045 ], [ 6.426100255000165, 50.617683410000041 ], [ 6.422010420999982, 50.619712830000083 ], [ 6.417372226, 50.612068177000026 ], [ 6.413408755000091, 50.600387574000194 ], [ 6.406158923000135, 50.605724335000048 ], [ 6.396060467000154, 50.607196809000015 ], [ 6.389227390000087, 50.605510712000068 ], [ 6.3869910250001, 50.609832765000192 ], [ 6.394634247999988, 50.613422393000178 ], [ 6.39547157200019, 50.617713929000161 ], [ 6.391880511000181, 50.620704652000086 ], [ 6.382951736000109, 50.6194458 ], [ 6.381681443000048, 50.622631072000161 ], [ 6.384151459000122, 50.624206543000184 ], [ 6.396795272000134, 50.625686645000087 ], [ 6.396465301000092, 50.628421783000078 ], [ 6.39258146200018, 50.632175447000179 ], [ 6.394282341000121, 50.633811951000041 ], [ 6.398408411999981, 50.633441926000046 ], [ 6.40445709300019, 50.62807846000004 ], [ 6.407867908000185, 50.628684998000097 ], [ 6.409981727000059, 50.633308410000041 ], [ 6.406030654000062, 50.640922547000059 ], [ 6.41047334700005, 50.642124176000095 ] ] ] } },
{ "type": "Feature", "properties": { "country": "Malawi", "name": "n.a. (1159)", "type": "Unknown", "count": 4, "first_date": "2013-10-07", "last_date": "2013-10-24" }, "geometry": { "type": "Polygon", "coordinates": [ [ [ 34.044521331000055, -14.089173317999951 ], [ 34.044715880000069, -14.081907271999967 ], [ 34.031429290000119, -14.081889151999974 ], [ 34.034343719000105, -14.07666301699993 ], [ 34.043281555000135, -14.069508550999956 ], [ 34.044033051000156, -14.065364836999947 ], [ 34.056720733000077, -14.058206558999871 ], [ 34.059406281000065, -14.048116683999922 ], [ 34.060111999000014, -14.0304965979999 ], [ 34.063125610000043, -14.028992652999875 ], [ 34.066230773000029, -14.02418136499989 ], [ 34.073104858000079, -14.024662016999969 ], [ 34.070823669000106, -14.028676032999897 ], [ 34.069713591999971, -14.036073684999963 ], [ 34.07943725500013, -14.047321318999934 ], [ 34.069435119000161, -14.058547972999975 ], [ 34.065521240000066, -14.060269355999935 ], [ 34.066825866000158, -14.069857597999942 ], [ 34.068687439000087, -14.071541785999955 ], [ 34.063823700000114, -14.07412624299991 ], [ 34.061443329000042, -14.089773177999859 ], [ 34.053539276000038, -14.091880796999874 ], [ 34.044521331000055, -14.089173317999951 ] ] ] } },
{ "type": "Feature", "properties": { "country": "Malawi", "name": "n.a. (1162)", "type": "Unknown", "count": 13, "first_date": "2013-09-10", "last_date": "2013-10-24" }, "geometry": { "type": "Polygon", "coordinates": [ [ [ 34.073104858000079, -14.024662016999969 ], [ 34.078990936000025, -14.026277542999935 ], [ 34.078456879000157, -14.035709379999901 ], [ 34.085002898000084, -14.038441657999954 ], [ 34.084678650000114, -14.041434287999834 ], [ 34.089324951000037, -14.039030074999971 ], [ 34.096023559000059, -14.041248321999888 ], [ 34.096363068000187, -14.058529853999971 ], [ 34.099227905000134, -14.058300017999898 ], [ 34.089984894, -14.074155806999954 ], [ 34.0748214730001, -14.088758467999924 ], [ 34.072998048000159, -14.087659836999876 ], [ 34.071529389000034, -14.080326080999953 ], [ 34.074615479000101, -14.074428558999955 ], [ 34.069759369000167, -14.073435782999979 ], [ 34.066825866000158, -14.069857597999942 ], [ 34.065284729000098, -14.06377029499987 ], [ 34.065521240000066, -14.060269355999935 ], [ 34.069435119000161, -14.058547972999975 ], [ 34.07943725500013, -14.047321318999934 ], [ 34.069713591999971, -14.036073684999963 ], [ 34.070823669000106, -14.028676032999897 ], [ 34.073104858000079, -14.024662016999969 ] ] ] } },
{ "type": "Feature", "properties": { "country": "Malawi", "name": "n.a. (1166)", "type": "Unknown", "count": 17, "first_date": "2013-09-10", "last_date": "2013-10-24" }, "geometry": { "type": "Polygon", "coordinates": [ [ [ 34.096363068000187, -14.058529853999971 ], [ 34.095840453000164, -14.031991957999878 ], [ 34.099266052000189, -14.028236389999961 ], [ 34.11405181900011, -14.027239797999982 ], [ 34.119132995000086, -14.030393600999901 ], [ 34.117187501000046, -14.040561674999935 ], [ 34.111892700000055, -14.051827429999832 ], [ 34.11112976000004, -14.058726310999816 ], [ 34.096363068000187, -14.058529853999971 ] ] ] } },
{ "type": "Feature", "properties": { "country": "Malawi", "name": "n.a. (1134)", "type": "Unknown", "count": 10, "first_date": "2013-09-10", "last_date": "2013-10-21" }, "geometry": { "type": "Polygon", "coordinates": [ [ [ 34.079406738000159, -13.99634647299996 ], [ 34.083152771000073, -13.998021125999969 ], [ 34.086769103000108, -14.002919195999937 ], [ 34.09289932300004, -14.007413863999943 ], [ 34.097221375000061, -14.008049963999838 ], [ 34.10829925500019, -14.014642714999979 ], [ 34.112873077000131, -14.015194892999943 ], [ 34.108448029000101, -14.016684530999896 ], [ 34.106273652000027, -14.023625373999892 ], [ 34.102947236000148, -14.026703834999978 ], [ 34.104984284000125, -14.028828619999899 ], [ 34.099266052000189, -14.028236389999961 ], [ 34.095840453000164, -14.031991957999878 ], [ 34.096023559000059, -14.041248321999888 ], [ 34.089324951000037, -14.039030074999971 ], [ 34.084678650000114, -14.041434287999834 ], [ 34.085002898000084, -14.038441657999954 ], [ 34.078456879000157, -14.035709379999901 ], [ 34.078990936000025, -14.026277542999935 ], [ 34.066230773000029, -14.02418136499989 ], [ 34.06904220500013, -14.019245147999925 ], [ 34.064876557000105, -14.014929770999913 ], [ 34.059898377000138, -14.013040542999931 ], [ 34.065349579000156, -14.004163741999889 ], [ 34.069789887000184, -14.004372596999929 ], [ 34.074619294000172, -14.00800609699985 ], [ 34.079406738000159, -13.99634647299996 ] ] ] } },
{ "type": "Feature", "properties": { "country": "Netherlands", "name": null, "type": null, "count": 1, "first_date": "2023-11-26", "last_date": "2023-11-26" }, "geometry": { "type": "Polygon", "coordinates": [ [ [ 5.484892845000161, 52.166259765000063 ], [ 5.484892845000161, 52.164466859000186 ], [ 5.47755384400017, 52.163570404000041 ], [ 5.479020118000165, 52.161773682000046 ], [ 5.484890938000092, 52.161773682000046 ], [ 5.489288807000094, 52.158180237000181 ], [ 5.487814903000185, 52.15100097800007 ], [ 5.481947900000137, 52.152797699000132 ], [ 5.46581220600018, 52.152797699000132 ], [ 5.452577114000064, 52.159992219000173 ], [ 5.44380521800008, 52.161773682000046 ], [ 5.423266888000171, 52.155487061000088 ], [ 5.418870927000171, 52.14830398600003 ], [ 5.402752876000136, 52.133934021000073 ], [ 5.379295825000042, 52.131229401000098 ], [ 5.360219956000094, 52.137496948000091 ], [ 5.338266850000025, 52.120422363000159 ], [ 5.316314221000027, 52.108726502000081 ], [ 5.311911107000071, 52.110515595000038 ], [ 5.336782933000052, 52.126701353999977 ], [ 5.338236807999976, 52.13209152200011 ], [ 5.335295200000132, 52.135677337000061 ], [ 5.341134072000102, 52.146453857000154 ], [ 5.344032765, 52.159923553000169 ], [ 5.34843397100002, 52.159927369000116 ], [ 5.351343155000052, 52.171596528000123 ], [ 5.354269027000043, 52.176090241000054 ], [ 5.346926213000188, 52.177875519000111 ], [ 5.342508793000036, 52.18325805700016 ], [ 5.329296112000122, 52.183242798000038 ], [ 5.330760002999966, 52.185039520000032 ], [ 5.327809810000019, 52.189525605000028 ], [ 5.31458902300011, 52.192203521000067 ], [ 5.314579965000064, 52.194896697000161 ], [ 5.318961143000024, 52.202980040999989 ], [ 5.335113049000086, 52.20389556900011 ], [ 5.33216094900007, 52.209278106 ], [ 5.335084916000142, 52.214664459000119 ], [ 5.377697945000023, 52.20752334600013 ], [ 5.398272037000027, 52.205776215000071 ], [ 5.401186943000141, 52.219207764000032 ], [ 5.412888049000173, 52.213851928000111 ], [ 5.414411068000163, 52.219211579000103 ], [ 5.439390183000057, 52.205757141000106 ], [ 5.445265771000038, 52.204860687000178 ], [ 5.445268154000132, 52.190498351000031 ], [ 5.443799971999965, 52.184215547000122 ], [ 5.445270061000031, 52.1734428420001 ], [ 5.443801880000137, 52.1734428420001 ], [ 5.445270061000031, 52.171646118000126 ], [ 5.452609063000125, 52.168056489000037 ], [ 5.484892845000161, 52.166259765000063 ] ] ] } },
{ "type": "Feature", "properties": { "country": "Netherlands", "name": null, "type": null, "count": 1, "first_date": "2023-11-26", "last_date": "2023-11-26" }, "geometry": { "type": "Polygon", "coordinates": [ [ [ 5.481947900000137, 52.152797699000132 ], [ 5.505414010000152, 52.147407532000102 ], [ 5.502477169000088, 52.142021179000039 ], [ 5.520067214000051, 52.136627197000166 ], [ 5.518595220000122, 52.132141114000149 ], [ 5.503928185000063, 52.130352020000089 ], [ 5.500990867000041, 52.124965668000073 ], [ 5.502450943000042, 52.11957931500018 ], [ 5.511247158000174, 52.120475770000041 ], [ 5.514171123000096, 52.11418914800015 ], [ 5.509774209000057, 52.11419296300005 ], [ 5.505380153000146, 52.116886139000144 ], [ 5.492186070000116, 52.115993500000059 ], [ 5.484858989000031, 52.117790222000053 ], [ 5.481925964000084, 52.114200593000135 ], [ 5.477519990000076, 52.101634980000085 ], [ 5.47312402700004, 52.100738525000054 ], [ 5.462870121000037, 52.106124878000116 ], [ 5.449679851000042, 52.107917786000144 ], [ 5.442352772000163, 52.099838258000091 ], [ 5.435028076000037, 52.096248627000193 ], [ 5.426237106999963, 52.097141266000051 ], [ 5.415977001000158, 52.103420257999971 ], [ 5.410111904000075, 52.10431671200007 ], [ 5.405732154000077, 52.091747284000121 ], [ 5.406583786, 52.089984894000168 ], [ 5.345657826000092, 52.095294952000074 ], [ 5.338325977000181, 52.097084046000134 ], [ 5.316314221000027, 52.108726502000081 ], [ 5.338266850000025, 52.120422363000159 ], [ 5.360219956000094, 52.137496948000091 ], [ 5.379295825000042, 52.131229401000098 ], [ 5.402752876000136, 52.133934021000073 ], [ 5.418870927000171, 52.14830398600003 ], [ 5.423266888000171, 52.155487061000088 ], [ 5.429133893000028, 52.158180237000181 ], [ 5.448207854000032, 52.161773682000046 ], [ 5.46581220600018, 52.152797699000132 ], [ 5.481947900000137, 52.152797699000132 ] ] ] } },
{ "type": "Feature", "properties": { "country": "Netherlands", "name": null, "type": null, "count": 1, "first_date": "2023-11-26", "last_date": "2023-11-26" }, "geometry": { "type": "Polygon", "coordinates": [ [ [ 5.690734863999978, 52.241443634000063 ], [ 5.687710762000052, 52.225292206000063 ], [ 5.677421092000088, 52.224411010000154 ], [ 5.664174079000134, 52.219947816000172 ], [ 5.639149189000079, 52.208316803000173 ], [ 5.614048958000126, 52.20565414400005 ], [ 5.556883811999967, 52.203025818000185 ], [ 5.542226792000179, 52.218296051000038 ], [ 5.531952858000068, 52.223690034000185 ], [ 5.518746852000049, 52.236263276000102 ], [ 5.51580715200015, 52.235366821000071 ], [ 5.517274856000085, 52.234466554000107 ], [ 5.512863159, 52.231777191000049 ], [ 5.501132011000152, 52.236259460000099 ], [ 5.495231152000144, 52.236270906000186 ], [ 5.484944820000123, 52.239864349000072 ], [ 5.483489037000027, 52.257816315000184 ], [ 5.493785857000034, 52.263198853000063 ], [ 5.507022858000084, 52.264991760000157 ], [ 5.53349590300013, 52.264080049000142 ], [ 5.546760082000048, 52.277534485000103 ], [ 5.548242092000123, 52.282920837000063 ], [ 5.554146766000031, 52.291889190000063 ], [ 5.561494827000047, 52.287395477000132 ], [ 5.593840123, 52.279285431 ], [ 5.61737203600012, 52.277462006000064 ], [ 5.617364883000107, 52.275669097000105 ], [ 5.627663136000024, 52.275653839000086 ], [ 5.645300864999967, 52.27203750700005 ], [ 5.655643939000129, 52.267486573000042 ], [ 5.668765069000017, 52.257637025000122 ], [ 5.680507181999985, 52.25312805100009 ], [ 5.687799931000086, 52.242343903000062 ], [ 5.690734863999978, 52.241443634000063 ] ] ] } },
{ "type": "Feature", "properties": { "country": "Netherlands", "name": null, "type": null, "count": 1, "first_date": "2023-11-26", "last_date": "2023-11-26" }, "geometry": { "type": "Polygon", "coordinates": [ [ [ 5.639149189000079, 52.208316803000173 ], [ 5.640598774000068, 52.203826905000085 ], [ 5.631744862000062, 52.193069459000128 ], [ 5.614130974000147, 52.194889069000055 ], [ 5.60386180800009, 52.19759368900003 ], [ 5.583294869000042, 52.194923401000096 ], [ 5.581821918000117, 52.193130494000116 ], [ 5.583288194000147, 52.192230225000174 ], [ 5.58327198, 52.186847687000125 ], [ 5.570056916000112, 52.185962676000031 ], [ 5.571512222000138, 52.181472778000114 ], [ 5.574442864000105, 52.179676056000176 ], [ 5.555349827000157, 52.175201417000039 ], [ 5.549424172000045, 52.175247191999972 ], [ 5.54215192800018, 52.180599212000175 ], [ 5.540695190000065, 52.185985565000067 ], [ 5.545101167000041, 52.186878204000095 ], [ 5.546573163000176, 52.188674928000069 ], [ 5.545104980000076, 52.189571380000189 ], [ 5.52749204700018, 52.192276002000142 ], [ 5.518677234000165, 52.188690186000088 ], [ 5.506931781000048, 52.188694001000158 ], [ 5.49077510900014, 52.181518555000082 ], [ 5.490766048000182, 52.171646118000126 ], [ 5.484892845000161, 52.166259765000063 ], [ 5.452609063000125, 52.168056489000037 ], [ 5.445270061000031, 52.171646118000126 ], [ 5.443801880000137, 52.1734428420001 ], [ 5.445270061000031, 52.1734428420001 ], [ 5.443799971999965, 52.184215547000122 ], [ 5.445268154000132, 52.190498351000031 ], [ 5.445265771000038, 52.204860687000178 ], [ 5.439390183000057, 52.205757141000106 ], [ 5.414411068000163, 52.219211579000103 ], [ 5.412888049000173, 52.213851928000111 ], [ 5.398246765000067, 52.221000671000127 ], [ 5.408505916000081, 52.247035980000021 ], [ 5.420268060000183, 52.24524307400003 ], [ 5.440845965999983, 52.252429963000054 ], [ 5.467311859000176, 52.256023407000157 ], [ 5.473194122000052, 52.25871658300008 ], [ 5.47613906800018, 52.262306213000102 ], [ 5.479076863000159, 52.257816315000184 ], [ 5.483489037000027, 52.257816315000184 ], [ 5.484944820000123, 52.239864349000072 ], [ 5.495231152000144, 52.236270906000186 ], [ 5.501132011000152, 52.236259460000099 ], [ 5.512863159, 52.231777191000049 ], [ 5.517274856000085, 52.234466554000107 ], [ 5.51580715200015, 52.235366821000071 ], [ 5.518746852000049, 52.236263276000102 ], [ 5.531952858000068, 52.223690034000185 ], [ 5.542226792000179, 52.218296051000038 ], [ 5.556883811999967, 52.203025818000185 ], [ 5.614048958000126, 52.20565414400005 ], [ 5.639149189000079, 52.208316803000173 ] ] ] } },
{ "type": "Feature", "properties": { "country": "Netherlands", "name": null, "type": null, "count": 1, "first_date": "2023-11-26", "last_date": "2023-11-26" }, "geometry": { "type": "Polygon", "coordinates": [ [ [ 6.538790225000071, 53.195392610000056 ], [ 6.514869212000178, 53.200088502000085 ], [ 6.504286766000121, 53.197490693000191 ], [ 6.501305104000153, 53.198410034000119 ], [ 6.501371860000177, 53.201103210000042 ], [ 6.492421150000155, 53.203872682000053 ], [ 6.471282005000035, 53.199562073000152 ], [ 6.474392890000104, 53.204025269000169 ], [ 6.47295522800016, 53.206729889000087 ], [ 6.488906859999986, 53.24518585300018 ], [ 6.489016056000139, 53.24967193599997 ], [ 6.496514797000032, 53.248710633000144 ], [ 6.496470928000065, 53.246913909000114 ], [ 6.503944875000172, 53.245056152000188 ], [ 6.510004997000124, 53.246799469000109 ], [ 6.519183159000136, 53.253002167000091 ], [ 6.516220093000129, 53.254821777000188 ], [ 6.516263007000134, 53.256614686000148 ], [ 6.538848237000082, 53.257313016000182 ], [ 6.547942999000156, 53.25992600100011 ], [ 6.546484999000143, 53.26173400100015 ], [ 6.549539001000028, 53.263500000000136 ], [ 6.558587073000126, 53.264316559000122 ], [ 6.56002283000015, 53.261611938000101 ], [ 6.575112820000129, 53.263267518000077 ], [ 6.575041976000136, 53.260578072000158 ], [ 6.594646999000133, 53.261210999000014 ], [ 6.59596000199997, 53.254997029000151 ], [ 6.615462775000083, 53.25302102600017 ], [ 6.615415000000155, 53.251225 ], [ 6.625942, 53.251125000000116 ], [ 6.627399001000072, 53.249317000000133 ], [ 6.645492956000112, 53.25093500100013 ], [ 6.64271, 53.259040999000092 ], [ 6.635360003000073, 53.265392049000127 ], [ 6.63541, 53.267184999000165 ], [ 6.663688933000117, 53.308181907000119 ], [ 6.68611097400003, 53.303482055000075 ], [ 6.697977067000124, 53.297077179000041 ], [ 6.717916966000189, 53.309436799000196 ], [ 6.738863946000151, 53.304729463000115 ], [ 6.742066861000183, 53.310977936000086 ], [ 6.746637820000103, 53.31272506800002 ], [ 6.75414085400007, 53.311748505000139 ], [ 6.758604050000088, 53.309906006 ], [ 6.753976821000094, 53.306365967000147 ], [ 6.7627658830001, 53.298194885000157 ], [ 6.770184041000107, 53.294525147000058 ], [ 6.773303985000155, 53.298080444000163 ], [ 6.7821431160001, 53.29170227000003 ], [ 6.782003880000161, 53.287216187000183 ], [ 6.778965950000156, 53.286354065000069 ], [ 6.781865121000124, 53.282730102000187 ], [ 6.708868501000154, 53.251627628000165 ], [ 6.718317712000101, 53.242988984000192 ], [ 6.724323859000094, 53.240380852000044 ], [ 6.712426715000049, 53.228143894000084 ], [ 6.70656173600014, 53.214748240000176 ], [ 6.683650857000146, 53.207556898000064 ], [ 6.691042611000114, 53.202548919000037 ], [ 6.690316442000153, 53.198555095000131 ], [ 6.670588016000124, 53.199260711000079 ], [ 6.648310185000071, 53.189880371000072 ], [ 6.655744076000133, 53.187114717000043 ], [ 6.64818716100001, 53.185394286000019 ], [ 6.666430949000187, 53.180641174000073 ], [ 6.671804906000091, 53.170803070000147 ], [ 6.686637878000113, 53.164371491000111 ], [ 6.698334217000024, 53.153480531000127 ], [ 6.699731827000164, 53.14987564200004 ], [ 6.69520282700006, 53.149024964000148 ], [ 6.695153237000056, 53.147232056000121 ], [ 6.698050023000121, 53.143611908000082 ], [ 6.703401089000181, 53.121120454000049 ], [ 6.685275077000028, 53.117702484000063 ], [ 6.644589901000131, 53.105587006000178 ], [ 6.646050929000012, 53.108234406 ], [ 6.644701958000041, 53.113632203000179 ], [ 6.635778905000109, 53.11640930100009 ], [ 6.640350819000048, 53.11906051800014 ], [ 6.631503104999979, 53.124530792000144 ], [ 6.622854232000179, 53.135330200000169 ], [ 6.609537125000088, 53.144485474000078 ], [ 6.5960612290001, 53.145507812000119 ], [ 6.590530872000045, 53.163509368000121 ], [ 6.572358130999987, 53.157394409000119 ], [ 6.566679955000041, 53.170013428000175 ], [ 6.556447030000072, 53.18087387200012 ], [ 6.550373078, 53.178237916000171 ], [ 6.543002128000182, 53.183689119000064 ], [ 6.537265777000073, 53.19450759800003 ], [ 6.538790225000071, 53.195392610000056 ] ] ] } },
{ "type": "Feature", "properties": { "country": "Netherlands", "name": null, "type": null, "count": 1, "first_date": "2023-11-26", "last_date": "2023-11-26" }, "geometry": { "type": "Polygon", "coordinates": [ [ [ 4.728408813000101, 52.211578369 ], [ 4.737308979000034, 52.206249237000122 ], [ 4.745993136000095, 52.214378357000044 ], [ 4.765032768000026, 52.218082429000106 ], [ 4.778160096000136, 52.224441529000103 ], [ 4.779586793000135, 52.227142333000074 ], [ 4.788391113000102, 52.228088380000145 ], [ 4.797234058000186, 52.226345063000053 ], [ 4.797273159000156, 52.223651887000131 ], [ 4.804711817999987, 52.217411042000037 ], [ 4.804946899000186, 52.201255798000091 ], [ 4.816696167000146, 52.201316833000078 ], [ 4.816720963000023, 52.199523926000154 ], [ 4.825582028000042, 52.195980073000101 ], [ 4.82562112800008, 52.193286897 ], [ 4.840439797000045, 52.183490753000058 ], [ 4.8478288660001, 52.179939271000194 ], [ 4.858115195000039, 52.179096222000169 ], [ 4.895024777, 52.162220001000094 ], [ 4.877499104000094, 52.155853272000115 ], [ 4.877717971000152, 52.138797761000149 ], [ 4.858677864000128, 52.136909485000047 ], [ 4.841032982000172, 52.140407562 ], [ 4.836581230999968, 52.143974304000096 ], [ 4.816101074000187, 52.140277863000051 ], [ 4.810311795000189, 52.134857179000051 ], [ 4.811816216000011, 52.132175446000133 ], [ 4.810402870000132, 52.12857437200006 ], [ 4.804588795000029, 52.124954225000124 ], [ 4.795807838000144, 52.124008178000111 ], [ 4.794394969, 52.120407104000037 ], [ 4.781269074000136, 52.115844728000184 ], [ 4.77104902300016, 52.113094329000091 ], [ 4.765173912000137, 52.113956452000082 ], [ 4.762298108000039, 52.110351563000165 ], [ 4.741837979000138, 52.106636047000052 ], [ 4.756297112000027, 52.119289399000195 ], [ 4.763443947000098, 52.131004333000135 ], [ 4.74388408700014, 52.162303925000117 ], [ 4.730721951000021, 52.159530640000071 ], [ 4.706038952000085, 52.144126893000191 ], [ 4.708836078000047, 52.152214050000055 ], [ 4.683636189000026, 52.167312622000054 ], [ 4.692025185000091, 52.19160080000006 ], [ 4.697944165000081, 52.188945771000192 ], [ 4.709418775000074, 52.205177307000099 ], [ 4.722653864999984, 52.201641083000084 ], [ 4.725484848, 52.210662841000101 ], [ 4.728408813000101, 52.211578369 ] ] ] } },
{ "type": "Feature", "properties": { "country": "France", "name": "Paris, 7e arrondissement", "type": "Arrondissement", "count": 1, "first_date": "2011-04-01", "last_date": "2011-04-01" }, "geometry": { "type": "Polygon", "coordinates": [ [ [ 2.316633463000073, 48.846759796000015 ], [ 2.307341098000109, 48.847702027000082 ], [ 2.289783715000169, 48.858123779000152 ], [ 2.301556109000103, 48.863479614000028 ], [ 2.320781470000156, 48.863079071000186 ], [ 2.332852363000143, 48.859306336000031 ], [ 2.329309940000087, 48.852836608000132 ], [ 2.316633463000073, 48.846759796000015 ] ] ] } },
{ "type": "Feature", "properties": { "country": "Netherlands", "name": null, "type": null, "count": 1, "first_date": "2023-11-26", "last_date": "2023-11-26" }, "geometry": { "type": "Polygon", "coordinates": [ [ [ 6.225806237000143, 52.748138429000107 ], [ 6.242031097000165, 52.740856171000132 ], [ 6.223797798000135, 52.718536377000078 ], [ 6.225015164000126, 52.703269959000124 ], [ 6.233925820000024, 52.703212739000151 ], [ 6.239932061000047, 52.706764221000185 ], [ 6.245854854000129, 52.705825806000121 ], [ 6.25630283300012, 52.708450317000086 ], [ 6.265148163000106, 52.704803466000044 ], [ 6.283008099000085, 52.706478119000167 ], [ 6.287342072000115, 52.700164796000138 ], [ 6.284338952000155, 52.698390960999973 ], [ 6.284287930000062, 52.695697784000174 ], [ 6.294752120000055, 52.699214936000033 ], [ 6.293093205, 52.690250397000057 ], [ 6.284185887000035, 52.690311432000044 ], [ 6.284132957000111, 52.687625886000035 ], [ 6.29001998800004, 52.684886932999973 ], [ 6.278093813999988, 52.682277680000027 ], [ 6.280892848000121, 52.67328262400008 ], [ 6.276441097000145, 52.673313141 ], [ 6.273474216000068, 52.668186188000107 ], [ 6.268968104000066, 52.670669556000064 ], [ 6.260047913000164, 52.669830322000053 ], [ 6.255643845000122, 52.672554017000095 ], [ 6.25716209400008, 52.674339294000106 ], [ 6.255710125000121, 52.676143646000185 ], [ 6.251307011000108, 52.678863526000157 ], [ 6.240915775000076, 52.678932191000058 ], [ 6.226165771000012, 52.684413911000092 ], [ 6.209805965000157, 52.684497834000069 ], [ 6.203835010000034, 52.680961609000121 ], [ 6.200789929000052, 52.676494599000193 ], [ 6.194913864000171, 52.68012237500011 ], [ 6.193473816000051, 52.682823181000117 ], [ 6.187520980000102, 52.681961060000106 ], [ 6.191898823000031, 52.677444459000071 ], [ 6.190370083000175, 52.674762726000154 ], [ 6.171147823000069, 52.679367066000054 ], [ 6.17718505800002, 52.686531067000146 ], [ 6.163942813000119, 52.692871094000054 ], [ 6.149516107000125, 52.718029023000042 ], [ 6.127705097000103, 52.750518797999973 ], [ 6.129248142000108, 52.754100799000184 ], [ 6.133751868000104, 52.75676727300015 ], [ 6.163595199000099, 52.762878418000184 ], [ 6.175567150000063, 52.767295837000177 ], [ 6.180120946000102, 52.772655488000169 ], [ 6.194674968000129, 52.753719331000013 ], [ 6.209126950000041, 52.729396821000194 ], [ 6.225806237000143, 52.748138429000107 ] ] ] } },
{ "type": "Feature", "properties": { "country": "Netherlands", "name": null, "type": null, "count": 1, "first_date": "2023-11-26", "last_date": "2023-11-26" }, "geometry": { "type": "Polygon", "coordinates": [ [ [ 6.268968104000066, 52.670669556000064 ], [ 6.277771949000112, 52.665225984000131 ], [ 6.280739784000104, 52.665203095000095 ], [ 6.285262108000154, 52.668766022000113 ], [ 6.291196823000121, 52.668724059999988 ], [ 6.297029019000036, 52.663295746000131 ], [ 6.302947999000082, 52.662357330000077 ], [ 6.306002140000089, 52.666824341000108 ], [ 6.317873956000028, 52.666740417000085 ], [ 6.323863029000051, 52.669391632000156 ], [ 6.331302165000068, 52.670234681000011 ], [ 6.334270001000107, 52.670211793000078 ], [ 6.335717202000069, 52.66840744100017 ], [ 6.337148189000061, 52.665702819000046 ], [ 6.334125995000136, 52.663032531000113 ], [ 6.334053039000139, 52.65944290300007 ], [ 6.335518838000155, 52.658535003000111 ], [ 6.334016800000029, 52.657649994000167 ], [ 6.310586929000067, 52.597679139000149 ], [ 6.276352883000129, 52.595203400000173 ], [ 6.209600925000075, 52.584888459000183 ], [ 6.184464931999969, 52.587738038000168 ], [ 6.15479278600003, 52.585220337000123 ], [ 6.138442040000029, 52.58172225900006 ], [ 6.129776954000022, 52.596130371000072 ], [ 6.113587856000038, 52.603401184000063 ], [ 6.110663891000172, 52.606109619000108 ], [ 6.113639831000171, 52.606990815000188 ], [ 6.110756873000014, 52.612392426000099 ], [ 6.113760949000095, 52.615066529000103 ], [ 6.113801956000032, 52.617759705000026 ], [ 6.110960007000131, 52.625854491999974 ], [ 6.106511116000036, 52.625877380000134 ], [ 6.103625774000022, 52.631278991000045 ], [ 6.105188847000136, 52.636653900000056 ], [ 6.109704018000059, 52.641120912000133 ], [ 6.111430167000151, 52.657264711000153 ], [ 6.127875804999974, 52.665252685000098 ], [ 6.126432895000164, 52.667953492000038 ], [ 6.142857075, 52.674144745000092 ], [ 6.142899989000171, 52.676837921000129 ], [ 6.159344197000109, 52.683921815000076 ], [ 6.162414073999969, 52.690185546000066 ], [ 6.166899204000174, 52.691955567000093 ], [ 6.17718505800002, 52.686531067000146 ], [ 6.171147823000069, 52.679367066000054 ], [ 6.190370083000175, 52.674762726000154 ], [ 6.191898823000031, 52.677444459000071 ], [ 6.187520980000102, 52.681961060000106 ], [ 6.193473816000051, 52.682823181000117 ], [ 6.194913864000171, 52.68012237500011 ], [ 6.200789929000052, 52.676494599000193 ], [ 6.203835010000034, 52.680961609000121 ], [ 6.209805965000157, 52.684497834000069 ], [ 6.226165771000012, 52.684413911000092 ], [ 6.240915775000076, 52.678932191000058 ], [ 6.251307011000108, 52.678863526000157 ], [ 6.255710125000121, 52.676143646000185 ], [ 6.25716209400008, 52.674339294000106 ], [ 6.255643845000122, 52.672554017000095 ], [ 6.260047913000164, 52.669830322000053 ], [ 6.268968104000066, 52.670669556000064 ] ] ] } },
{ "type": "Feature", "properties": { "country": "Netherlands", "name": null, "type": null, "count": 1, "first_date": "2023-11-26", "last_date": "2023-11-26" }, "geometry": { "type": "Polygon", "coordinates": [ [ [ 6.180120946000102, 52.772655488000169 ], [ 6.175567150000063, 52.767295837000177 ], [ 6.163595199000099, 52.762878418000184 ], [ 6.133751868000104, 52.75676727300015 ], [ 6.129248142000108, 52.754100799000184 ], [ 6.127705097000103, 52.750518797999973 ], [ 6.149516107000125, 52.718029023000042 ], [ 6.163942813000119, 52.692871094000054 ], [ 6.166899204000174, 52.691955567000093 ], [ 6.162414073999969, 52.690185546000066 ], [ 6.159344197000109, 52.683921815000076 ], [ 6.142899989000171, 52.676837921000129 ], [ 6.142857075, 52.674144745000092 ], [ 6.129416942000034, 52.668834686000082 ], [ 6.116017819000149, 52.666213990000131 ], [ 6.110027789000128, 52.662658691000047 ], [ 6.104117870000039, 52.664485932000161 ], [ 6.092233180000107, 52.66365051300005 ], [ 6.062366963000159, 52.650341034000064 ], [ 6.046037198000022, 52.649524688000042 ], [ 6.032589913000038, 52.642406464000089 ], [ 6.02813005400003, 52.641532899000026 ], [ 6.010478019000118, 52.653282167000157 ], [ 5.991234780000184, 52.656959534000066 ], [ 5.973822116000065, 52.666843415000073 ], [ 5.947529792000125, 52.670059205000086 ], [ 5.942506789000106, 52.668838501000153 ], [ 5.940660953000133, 52.674732209000183 ], [ 5.955904007000129, 52.685852051000097 ], [ 5.958908080000072, 52.685062409000125 ], [ 5.969377995000116, 52.690250397000057 ], [ 5.972376824000037, 52.693847657000163 ], [ 5.972555160000013, 52.698417664000146 ], [ 5.964947223000024, 52.704204560000051 ], [ 5.958870888000035, 52.712001801000156 ], [ 5.948876858, 52.714801789000148 ], [ 5.94825983100003, 52.718582154000046 ], [ 5.928727151000032, 52.751544954000167 ], [ 5.912230968000188, 52.761531829000035 ], [ 5.905242919999978, 52.762138368000194 ], [ 5.885497093000026, 52.773281097000165 ], [ 5.868022919000168, 52.780464172 ], [ 5.856007098000134, 52.784053802000187 ], [ 5.824691773000154, 52.784217835000163 ], [ 5.824687003000122, 52.787815094 ], [ 5.809967996000012, 52.796825408000188 ], [ 5.80112504900012, 52.805797576000032 ], [ 5.815962792000107, 52.81377029500004 ], [ 5.826416969000093, 52.817325591000042 ], [ 5.826403141000185, 52.815532685 ], [ 5.830844879000153, 52.81282806300004 ], [ 5.839764117000072, 52.811004640000078 ], [ 5.842720031000056, 52.808300018000125 ], [ 5.8426952370001, 52.805610657000102 ], [ 5.866507053000134, 52.80463409400005 ], [ 5.885825158000102, 52.800979615000074 ], [ 5.888829231000045, 52.803661346000183 ], [ 5.899270058000184, 52.805416108000088 ], [ 5.905251981000106, 52.808086396000192 ], [ 5.906778812000084, 52.811672211000143 ], [ 5.918728828000098, 52.815216065000129 ], [ 5.921754837000094, 52.819694520000041 ], [ 5.930633068000077, 52.823207855000192 ], [ 5.929319859000032, 52.830432893000079 ], [ 5.933818817000144, 52.833106996000083 ], [ 5.953237057000081, 52.837516785000162 ], [ 5.962123871000188, 52.832992553000111 ], [ 5.963623046000123, 52.833885192000139 ], [ 5.962175846000093, 52.837482453000177 ], [ 5.965178014000173, 52.839263917000153 ], [ 5.978752137000185, 52.841655731000174 ], [ 5.982991219000098, 52.833801271000084 ], [ 5.990351201000124, 52.826591493000194 ], [ 5.993262766999976, 52.821193695000147 ], [ 5.996242047000123, 52.821178437000128 ], [ 6.005122185000175, 52.816654205000077 ], [ 6.015592099000116, 52.820194245000039 ], [ 6.031997204999982, 52.821914674000027 ], [ 6.037810802000081, 52.814762116000111 ], [ 6.066314220000152, 52.826232911000034 ], [ 6.061909199000127, 52.830741882000154 ], [ 6.059016228000132, 52.83703994800004 ], [ 6.067983151000135, 52.838790894000169 ], [ 6.087350846000106, 52.838691712000127 ], [ 6.094867228999988, 52.84313964800009 ], [ 6.126324177000072, 52.853740693000134 ], [ 6.136657239000044, 52.847400666000055 ], [ 6.138091087000021, 52.843799592000153 ], [ 6.179334164000181, 52.814842225000064 ], [ 6.188271045000079, 52.811138154000105 ], [ 6.208757878000029, 52.794021607000104 ], [ 6.201177120000068, 52.785991668000122 ], [ 6.180120946000102, 52.772655488000169 ] ] ] } },
{ "type": "Feature", "properties": { "country": "Austria", "name": "Sanktindorf am Ossiacher See", "type": "Gemeinde", "count": 1, "first_date": "2024-07-25", "last_date": "2024-07-25" }, "geometry": { "type": "Polygon", "coordinates": [ [ [ 14.027997482000103, 46.696789712000054 ], [ 14.021615020000127, 46.696316757000091 ], [ 14.014071462000175, 46.692085820000045 ], [ 13.99481954700002, 46.688852054 ], [ 13.980935979000094, 46.682080486000189 ], [ 13.975379953000072, 46.673631857000032 ], [ 13.969696908000174, 46.670090738000056 ], [ 13.952442421000057, 46.664117558000044 ], [ 13.960026528000071, 46.675446597000075 ], [ 13.955863941000018, 46.674624799000128 ], [ 13.956644844999971, 46.676005592000081 ], [ 13.943624808000152, 46.682253726000113 ], [ 13.942766702000029, 46.68397208 ], [ 13.938887107000085, 46.6834867930001 ], [ 13.938325373000168, 46.688182890000064 ], [ 13.926120406999985, 46.688575689000174 ], [ 13.921012020000035, 46.695474462000107 ], [ 13.931177387000105, 46.704467624000131 ], [ 13.933844063000095, 46.702411939000115 ], [ 13.93752756300006, 46.703232263000132 ], [ 13.943675153000129, 46.707407332000173 ], [ 13.953930883000112, 46.709136012000045 ], [ 13.95798068400012, 46.71164665200007 ], [ 13.95793145500005, 46.714858592000098 ], [ 13.972658967000029, 46.716332850000072 ], [ 13.974658697999985, 46.719430272000182 ], [ 13.986339105000184, 46.717839732000016 ], [ 13.990177220000078, 46.718904830000042 ], [ 13.995076912000115, 46.714522131000081 ], [ 14.001010608000058, 46.715152516000103 ], [ 14.005524817000094, 46.705089625000141 ], [ 14.011132651000082, 46.702518006999981 ], [ 14.016710206000027, 46.704930327000113 ], [ 14.015990556000133, 46.706304502000023 ], [ 14.022648404000165, 46.707640466999976 ], [ 14.034503119000021, 46.706407969000168 ], [ 14.037431354000148, 46.705189616000155 ], [ 14.036609781000095, 46.703205269000193 ], [ 14.04261042100012, 46.701346224000133 ], [ 14.055111055000054, 46.705607153000187 ], [ 14.051334713000017, 46.708467599000073 ], [ 14.05147261999997, 46.710137289000158 ], [ 14.041162410000084, 46.709877281000161 ], [ 14.038043032000132, 46.713238823000097 ], [ 14.031056086000035, 46.712919730000067 ], [ 14.028893274000154, 46.720700925000074 ], [ 14.032957577000047, 46.722051653999984 ], [ 14.032808548000105, 46.723539766000044 ], [ 14.052157176000151, 46.726378614000112 ], [ 14.055603242000188, 46.724453404000144 ], [ 14.05833647500009, 46.725985343000161 ], [ 14.057831265000061, 46.724191822000137 ], [ 14.061088238000139, 46.724885219000043 ], [ 14.06302246100006, 46.723967389000165 ], [ 14.06148145700007, 46.724142384000174 ], [ 14.063061923000078, 46.723469083000111 ], [ 14.063641149999967, 46.719699803000026 ], [ 14.061736520000125, 46.717533132000085 ], [ 14.055954421000024, 46.717617510000139 ], [ 14.056276831000048, 46.715832066000189 ], [ 14.063262376000068, 46.712878738000086 ], [ 14.068701459000067, 46.714605550000158 ], [ 14.068976353999972, 46.710568418000037 ], [ 14.060623625000176, 46.705537342000184 ], [ 14.062118475000034, 46.702224610000144 ], [ 14.060680942000033, 46.701353071000085 ], [ 14.057036900000128, 46.701786875000096 ], [ 14.057375531000162, 46.703747719000148 ], [ 14.055543681000131, 46.704116553000119 ], [ 14.052544038000178, 46.702651084000081 ], [ 14.054076164000094, 46.699769433000142 ], [ 14.046269646999974, 46.699188300000117 ], [ 14.042842610000037, 46.694513330000177 ], [ 14.027997482000103, 46.696789712000054 ] ] ] } },
{ "type": "Feature", "properties": { "country": "Slovenia", "name": null, "type": null, "count": 1, "first_date": "2023-11-26", "last_date": "2023-11-26" }, "geometry": { "type": "Polygon", "coordinates": [ [ [ 14.039893151000172, 45.840602875000059 ], [ 14.085959435000177, 45.851318359000061 ], [ 14.09107112900017, 45.851325990000078 ], [ 14.091110229000037, 45.858436585000163 ], [ 14.096221924000076, 45.858440400000063 ], [ 14.101372720000143, 45.86555862400013 ], [ 14.111597061000111, 45.865566254000044 ], [ 14.116747856000075, 45.872684478000167 ], [ 14.116765976000124, 45.87623977700008 ], [ 14.137216567000166, 45.876262666000116 ], [ 14.152532577000159, 45.872722625000051 ], [ 14.152552605000039, 45.876277924000135 ], [ 14.178132057000141, 45.879859924000016 ], [ 14.178113938000138, 45.876304627000138 ], [ 14.188338280000039, 45.87631607100019 ], [ 14.193410873000062, 45.869209290000072 ], [ 14.208749770999987, 45.869224548000091 ], [ 14.20869255100007, 45.858558656000071 ], [ 14.234252929000036, 45.858585357000038 ], [ 14.234234811000135, 45.855030061000036 ], [ 14.2597932810001, 45.855056762000061 ], [ 14.259775162000096, 45.851501465000126 ], [ 14.270001412000113, 45.851512909000178 ], [ 14.269924163000042, 45.837291716999971 ], [ 14.264812469000049, 45.837284089000093 ], [ 14.264790535000031, 45.83372879000018 ], [ 14.259678841000039, 45.833724975000109 ], [ 14.254413604000035, 45.805274964000091 ], [ 14.239060402000177, 45.801704407000159 ], [ 14.25430011800006, 45.783943176999969 ], [ 14.254280090000179, 45.780387878000056 ], [ 14.259393692000174, 45.780391693000126 ], [ 14.259355545000119, 45.773281098000041 ], [ 14.264468192999971, 45.773284913000055 ], [ 14.279728890000115, 45.759078980000027 ], [ 14.300176621000105, 45.75910186800013 ], [ 14.30013847400005, 45.751991272000112 ], [ 14.289914132000149, 45.751979827000127 ], [ 14.289896011000167, 45.748424530000079 ], [ 14.259163856000157, 45.737724304000039 ], [ 14.254052162000164, 45.737720489000026 ], [ 14.254034043000161, 45.734165192000091 ], [ 14.243788719000122, 45.73059845 ], [ 14.243770600000119, 45.727043151000089 ], [ 14.218190194000158, 45.723461151000038 ], [ 14.218172073000176, 45.719905854000103 ], [ 14.207946777000188, 45.719894409000176 ], [ 14.202872276000164, 45.727001191 ], [ 14.197759629000188, 45.726993561000086 ], [ 14.177215576000037, 45.709194184000069 ], [ 14.131185532000018, 45.705593108000187 ], [ 14.100551606000067, 45.712669372000164 ], [ 14.100570680000033, 45.716224671000077 ], [ 14.085233689000177, 45.716209411000079 ], [ 14.080179214, 45.72687149 ], [ 14.08019733499998, 45.730426789000148 ], [ 14.0699729910001, 45.730415344000164 ], [ 14.070030211000073, 45.741081239000096 ], [ 14.059864997000091, 45.751739503000181 ], [ 14.039414406000049, 45.751716614000145 ], [ 14.039432525000052, 45.755271911000023 ], [ 14.029229164000014, 45.758815765000179 ], [ 14.029303550000179, 45.773036956000055 ], [ 14.039527892000024, 45.773048402000143 ], [ 14.039683342000103, 45.801494599000193 ], [ 14.049907683000072, 45.801506043000074 ], [ 14.049925804000054, 45.805061341000112 ], [ 14.055038451000087, 45.805065155000023 ], [ 14.055112839000174, 45.819286346000126 ], [ 14.050001145000181, 45.819282533000091 ], [ 14.050040245000048, 45.82639312900011 ], [ 14.044927597000139, 45.826385498000093 ], [ 14.039854050000031, 45.833492279000041 ], [ 14.039893151000172, 45.840602875000059 ] ] ] } },
{ "type": "Feature", "properties": { "country": "Slovenia", "name": null, "type": null, "count": 1, "first_date": "2023-11-26", "last_date": "2023-11-26" }, "geometry": { "type": "Polygon", "coordinates": [ [ [ 13.440534591000073, 46.213947297000061 ], [ 13.42198276400012, 46.212673187000121 ], [ 13.413634300000012, 46.217971803000125 ], [ 13.421420098000112, 46.228740692000031 ], [ 13.420519828000067, 46.236949920000029 ], [ 13.404821395000113, 46.252750397000057 ], [ 13.395719528000143, 46.276950837000072 ], [ 13.382119179000085, 46.293251038000051 ], [ 13.402324676000035, 46.302928924000014 ], [ 13.413550377000092, 46.298603059000129 ], [ 13.413511277000055, 46.291492463000111 ], [ 13.433959961000028, 46.29151153600003 ], [ 13.433941842000024, 46.287956237000117 ], [ 13.459484101000157, 46.284427642000082 ], [ 13.459463120000123, 46.280872344999977 ], [ 13.515660286000127, 46.27382278500005 ], [ 13.525885583000161, 46.273830413000155 ], [ 13.531035424000038, 46.280948639000087 ], [ 13.531091690000039, 46.291614534000189 ], [ 13.520868301000178, 46.291603088000159 ], [ 13.520907402000091, 46.29871368400012 ], [ 13.526019097000187, 46.298721314000034 ], [ 13.531168938000064, 46.305835725000122 ], [ 13.551617621999981, 46.305858611000076 ], [ 13.551600456000187, 46.302303315000074 ], [ 13.577141762000167, 46.298774719000107 ], [ 13.577120781000076, 46.295219422000059 ], [ 13.607795716, 46.295249939000144 ], [ 13.607814789000088, 46.298805238000057 ], [ 13.623170852000101, 46.302379608000081 ], [ 13.643602372000032, 46.298843385000112 ], [ 13.643581391, 46.295288086000028 ], [ 13.65888118800018, 46.288192749000132 ], [ 13.669104577000098, 46.288204194000116 ], [ 13.669122695000169, 46.291759491 ], [ 13.689592362000155, 46.295337678000067 ], [ 13.689609527000073, 46.298892975000115 ], [ 13.725395202000072, 46.29893112200017 ], [ 13.730488778000165, 46.295379638000156 ], [ 13.730431558000021, 46.284713745000033 ], [ 13.715096474000063, 46.284698487000014 ], [ 13.694587708000086, 46.27400970399998 ], [ 13.689418793000073, 46.26333618100017 ], [ 13.68430709900008, 46.2633323660001 ], [ 13.68423175800018, 46.249111175 ], [ 13.689248084999974, 46.231338502000028 ], [ 13.653463364000061, 46.23130035500003 ], [ 13.653443336, 46.227745056000117 ], [ 13.63808822600015, 46.224174499000185 ], [ 13.62275028200014, 46.224155425000163 ], [ 13.622713088000069, 46.217044830000077 ], [ 13.61750316600012, 46.199264526000093 ], [ 13.62259674, 46.195713043000183 ], [ 13.61761283900006, 46.189079284000115 ], [ 13.598584175000155, 46.187683106 ], [ 13.555333138000094, 46.196224214000097 ], [ 13.5446872710001, 46.20832061800013 ], [ 13.521545410000158, 46.219593048999968 ], [ 13.48833465600012, 46.230529786000091 ], [ 13.46301937200019, 46.236835479000035 ], [ 13.450160027000152, 46.22972488400012 ], [ 13.440534591000073, 46.213947297000061 ] ] ] } },
{ "type": "Feature", "properties": { "country": "Germany", "name": "Schechen", "type": "Einheitsgemeinde", "count": 1, "first_date": "2024-08-10", "last_date": "2024-08-10" }, "geometry": { "type": "Polygon", "coordinates": [ [ [ 12.138233184, 47.886749268000187 ], [ 12.135245324000095, 47.886863709000124 ], [ 12.127892494000093, 47.881996155000081 ], [ 12.126233101000025, 47.884376527000029 ], [ 12.117642404000037, 47.885681153000178 ], [ 12.114450454000064, 47.883556366000107 ], [ 12.103203774000178, 47.884727478000059 ], [ 12.101943970000036, 47.88832092399997 ], [ 12.098831177000136, 47.889610290000121 ], [ 12.100347518000092, 47.891040802000134 ], [ 12.097493172000156, 47.893379211000081 ], [ 12.093420029000015, 47.892601013 ], [ 12.094685555000126, 47.894947052000077 ], [ 12.091151237000076, 47.895606995000037 ], [ 12.092508316000021, 47.89892196600016 ], [ 12.090872764000039, 47.901191712000184 ], [ 12.082225799000184, 47.902889252000136 ], [ 12.084868431000189, 47.906021119000172 ], [ 12.084011078, 47.908927916999971 ], [ 12.086910248000095, 47.912975312000128 ], [ 12.090895653000075, 47.913669587000072 ], [ 12.094663620000176, 47.917045593000182 ], [ 12.093417168000087, 47.919471741 ], [ 12.095171928000127, 47.920101166000165 ], [ 12.093029023000042, 47.920902253000065 ], [ 12.094002724, 47.921459197000161 ], [ 12.09252357400004, 47.92607498100017 ], [ 12.102579118000165, 47.928398132000098 ], [ 12.099895477000075, 47.930793762000064 ], [ 12.101936340000066, 47.932643891000112 ], [ 12.098469735000037, 47.935489655000026 ], [ 12.09647846200005, 47.935157776000153 ], [ 12.099470139000061, 47.936645509000073 ], [ 12.09435463, 47.937751770000034 ], [ 12.094523430000095, 47.946273805000033 ], [ 12.100945474000184, 47.946258544000102 ], [ 12.100851059000092, 47.953239441000107 ], [ 12.096353531000091, 47.954483032000098 ], [ 12.101860999000166, 47.95592880200013 ], [ 12.104878425999971, 47.959796906000122 ], [ 12.117886543000054, 47.961063385000159 ], [ 12.115984916, 47.961399079000046 ], [ 12.114543913999967, 47.964988709000068 ], [ 12.121725083000058, 47.969020843000067 ], [ 12.125074387000097, 47.967472076000092 ], [ 12.127017021000029, 47.968692780000026 ], [ 12.126804351000033, 47.966747284000178 ], [ 12.131741524000063, 47.966957092000143 ], [ 12.13112068300012, 47.964252472000169 ], [ 12.135738372, 47.961639405000028 ], [ 12.156598092000024, 47.963539124000135 ], [ 12.151820183000041, 47.938228608000031 ], [ 12.14469146600004, 47.934329987000183 ], [ 12.139081956000098, 47.927421568999989 ], [ 12.140010834, 47.924480439000035 ], [ 12.138557434, 47.921379091000119 ], [ 12.13523864800004, 47.915016175000119 ], [ 12.132090567999967, 47.912834168000188 ], [ 12.132594109000024, 47.907028198000091 ], [ 12.137896538000064, 47.904853821000074 ], [ 12.136694909000028, 47.901016236000032 ], [ 12.132588387000055, 47.896652222000114 ], [ 12.138248444000055, 47.89609146100014 ], [ 12.138233184, 47.886749268000187 ] ] ] } },
{ "type": "Feature", "properties": { "country": "Germany", "name": "Vogtareuth", "type": "Einheitsgemeinde", "count": 1, "first_date": "2024-08-10", "last_date": "2024-08-10" }, "geometry": { "type": "Polygon", "coordinates": [ [ [ 12.15634346000013, 47.957427978 ], [ 12.1583356860001, 47.957279206000123 ], [ 12.161429405000035, 47.960559844000159 ], [ 12.158772469000098, 47.963947296000129 ], [ 12.159144401000162, 47.966251374000194 ], [ 12.164796829000124, 47.965969085000154 ], [ 12.169399262000127, 47.963111879 ], [ 12.169761658000141, 47.96075058100007 ], [ 12.170485497000072, 47.961971283000139 ], [ 12.179538727000022, 47.958946229000162 ], [ 12.192234994000103, 47.963726045000044 ], [ 12.202338218000079, 47.963367463000054 ], [ 12.209460259000025, 47.965682984000011 ], [ 12.209701538000047, 47.967254638000043 ], [ 12.217723846000126, 47.971172334000187 ], [ 12.213953972000127, 47.974037171000191 ], [ 12.21823215500018, 47.974617005000027 ], [ 12.224653242999977, 47.972927094000056 ], [ 12.224884987000166, 47.971141815000067 ], [ 12.227203370000041, 47.970104217000028 ], [ 12.226045608000163, 47.969409944 ], [ 12.22985267700011, 47.97001266500007 ], [ 12.233491896999965, 47.967601777000084 ], [ 12.23034095700001, 47.963607787 ], [ 12.230275154000026, 47.957992554000043 ], [ 12.222828865000054, 47.95826339700011 ], [ 12.221218110000052, 47.956634523 ], [ 12.220922471000051, 47.959327699000085 ], [ 12.21585845900006, 47.958312989000149 ], [ 12.215850831000182, 47.957073211000079 ], [ 12.211918831000048, 47.956016541000054 ], [ 12.213249206000114, 47.954570771000135 ], [ 12.212116241000047, 47.952831269000114 ], [ 12.21479606600019, 47.950496673000032 ], [ 12.202272415000039, 47.944320678000167 ], [ 12.203517913000042, 47.939353943000185 ], [ 12.200813294, 47.934829711000134 ], [ 12.208292007000182, 47.931316376000098 ], [ 12.205896377000045, 47.927257539000095 ], [ 12.200832367000089, 47.927169800000058 ], [ 12.195904731000041, 47.921775817000082 ], [ 12.200541496000085, 47.918704988000059 ], [ 12.199463845000025, 47.916202546000136 ], [ 12.20340919500012, 47.916709900000058 ], [ 12.204943657000058, 47.913997650000169 ], [ 12.210872650000113, 47.915008545000035 ], [ 12.209649085000024, 47.911220550000053 ], [ 12.206048966000139, 47.911911012000189 ], [ 12.205654145000096, 47.910144807000108 ], [ 12.200057030000153, 47.909557342000085 ], [ 12.194756507000079, 47.90512466399997 ], [ 12.191709519000028, 47.90600586000005 ], [ 12.188651084000185, 47.904190063000044 ], [ 12.188282966000088, 47.901721955000085 ], [ 12.17491912800017, 47.90011215200019 ], [ 12.171962739000094, 47.895706178000182 ], [ 12.164516448000086, 47.893302918000074 ], [ 12.15781879400015, 47.894996642000081 ], [ 12.157345772000099, 47.896316529000103 ], [ 12.151746748999983, 47.896293640000124 ], [ 12.151890754000135, 47.897899628000118 ], [ 12.149465560000181, 47.898132324000187 ], [ 12.147583007000094, 47.89580536 ], [ 12.145202637000182, 47.895771026000034 ], [ 12.144865989000039, 47.897708894000118 ], [ 12.140157698999985, 47.897422791000167 ], [ 12.139939308000123, 47.895919800000058 ], [ 12.132588387000055, 47.896652222000114 ], [ 12.136694909000028, 47.901016236000032 ], [ 12.137896538000064, 47.904853821000074 ], [ 12.132594109000024, 47.907028198000091 ], [ 12.132090567999967, 47.912834168000188 ], [ 12.13523864800004, 47.915016175000119 ], [ 12.138557434, 47.921379091000119 ], [ 12.140010834, 47.924480439000035 ], [ 12.139081956000098, 47.927421568999989 ], [ 12.14469146600004, 47.934329987000183 ], [ 12.151820183000041, 47.938228608000031 ], [ 12.15634346000013, 47.957427978 ] ] ] } },
{ "type": "Feature", "properties": { "country": "Germany", "name": "Heidelberg", "type": "Einheitsgemeinde", "count": 1, "first_date": "2024-08-13", "last_date": "2024-08-13" }, "geometry": { "type": "Polygon", "coordinates": [ [ [ 8.57491111700017, 49.412780762000068 ], [ 8.573136331000057, 49.423648834000119 ], [ 8.579571725000164, 49.42624282800017 ], [ 8.590424670000061, 49.42739882900014 ], [ 8.592233878, 49.429428025000163 ], [ 8.60085787600002, 49.425919049000072 ], [ 8.601515843000186, 49.428096744000072 ], [ 8.610233036000182, 49.424656024000114 ], [ 8.614928000000134, 49.427704 ], [ 8.628306802000054, 49.442962737000016 ], [ 8.639528274000043, 49.440818786000193 ], [ 8.646309852000172, 49.437088013000164 ], [ 8.655030251000085, 49.439956665000182 ], [ 8.656517028000053, 49.43862152000014 ], [ 8.66970920600005, 49.441509248000102 ], [ 8.67364692600006, 49.440773011000033 ], [ 8.680270196000038, 49.44358062800012 ], [ 8.690064430000064, 49.443321228000116 ], [ 8.709739685000045, 49.446380616000113 ], [ 8.709519387000114, 49.447826386000031 ], [ 8.715173721999975, 49.452396393000072 ], [ 8.718137741000021, 49.452129363000154 ], [ 8.722970962000147, 49.448703765000062 ], [ 8.736394880999967, 49.449214936000146 ], [ 8.739679337000155, 49.446601869000062 ], [ 8.746050834000187, 49.447105408000084 ], [ 8.744625091999978, 49.450222016000168 ], [ 8.74596595700018, 49.455554961000075 ], [ 8.74164390500016, 49.457489014000146 ], [ 8.745597840000187, 49.459480285000154 ], [ 8.754857063999964, 49.459587098000043 ], [ 8.757762910000054, 49.456726074000073 ], [ 8.763265610000076, 49.456485748000091 ], [ 8.767942429000072, 49.45427322400019 ], [ 8.76181125700009, 49.450534821000019 ], [ 8.76183033000018, 49.448104859000068 ], [ 8.766170501000033, 49.444122315000072 ], [ 8.766469003, 49.437377930000082 ], [ 8.777817727000013, 49.432971955000141 ], [ 8.786963463, 49.432643890000065 ], [ 8.789295197000058, 49.430313111000032 ], [ 8.79120922200002, 49.42305374100016 ], [ 8.789503097000022, 49.417907715000183 ], [ 8.79412841900006, 49.40728759700005 ], [ 8.793745040999966, 49.405292510999971 ], [ 8.78907585200011, 49.402057647000049 ], [ 8.77792453700016, 49.402374267000141 ], [ 8.775388718000045, 49.396194457000036 ], [ 8.776673316000085, 49.394557953000174 ], [ 8.773608207000052, 49.389724731000115 ], [ 8.768742562000114, 49.387031555000021 ], [ 8.763297081000132, 49.388191224000138 ], [ 8.762952805000054, 49.386287690000017 ], [ 8.768901824000125, 49.379180908000194 ], [ 8.755019189000166, 49.377410889000032 ], [ 8.745668411000054, 49.373088837000182 ], [ 8.740587235000135, 49.374874115000068 ], [ 8.730083465, 49.371963502000028 ], [ 8.725838661000182, 49.375343322999981 ], [ 8.724081039000055, 49.37367630000017 ], [ 8.725564956000028, 49.370056152000132 ], [ 8.730133057000046, 49.368003846000136 ], [ 8.72415828700008, 49.357444764000093 ], [ 8.711030007000033, 49.355220795000037 ], [ 8.707850456000131, 49.357017516000099 ], [ 8.676389867000069, 49.360218037000152 ], [ 8.674185001000069, 49.361693999000067 ], [ 8.673567, 49.357596999000179 ], [ 8.664369000000136, 49.357539999000096 ], [ 8.665176391000045, 49.353702546000079 ], [ 8.657197, 49.355236053000056 ], [ 8.655857087000072, 49.353889465000179 ], [ 8.657717704000106, 49.352428436000025 ], [ 8.655167580000125, 49.352493287000129 ], [ 8.650684357000046, 49.353725434000012 ], [ 8.654449463000162, 49.356117249000135 ], [ 8.659162522000088, 49.362537385000053 ], [ 8.64994049, 49.365898131999984 ], [ 8.650837899000123, 49.367279052000072 ], [ 8.646428108, 49.37051010100015 ], [ 8.642887115000065, 49.368713379000155 ], [ 8.640250206000076, 49.369911193000121 ], [ 8.633866309000098, 49.356182099000193 ], [ 8.634014129000036, 49.352378846000192 ], [ 8.625675201000035, 49.352161408000143 ], [ 8.620378494000079, 49.354122163000056 ], [ 8.624525071000107, 49.359077453000111 ], [ 8.601321221000092, 49.365974426000093 ], [ 8.604825973000175, 49.370399476000102 ], [ 8.606205940000052, 49.370040894000113 ], [ 8.607315063000044, 49.376968384000065 ], [ 8.624244691000172, 49.380687713000043 ], [ 8.623738289000187, 49.381660461000081 ], [ 8.63194084100013, 49.386909485000047 ], [ 8.639844894000134, 49.386432647000049 ], [ 8.64760589600013, 49.388542176000044 ], [ 8.643471717000125, 49.393505096000183 ], [ 8.635867117999965, 49.392299652000077 ], [ 8.634578705000081, 49.404167176000044 ], [ 8.631699562000108, 49.412586213000054 ], [ 8.630752563000044, 49.413532257000156 ], [ 8.622782707000169, 49.408901215000128 ], [ 8.611558914000113, 49.405391693000183 ], [ 8.603593826000065, 49.409057617000144 ], [ 8.57491111700017, 49.412780762000068 ] ] ] } },
{ "type": "Feature", "properties": { "country": "Germany", "name": "Neckargemünd", "type": "Verwaltungsverband", "count": 1, "first_date": "2024-08-13", "last_date": "2024-08-13" }, "geometry": { "type": "Polygon", "coordinates": [ [ [ 8.752546310000128, 49.376445771000078 ], [ 8.768901824000125, 49.379180908000194 ], [ 8.762952805000054, 49.386287690000017 ], [ 8.763297081000132, 49.388191224000138 ], [ 8.768742562000114, 49.387031555000021 ], [ 8.773608207000052, 49.389724731000115 ], [ 8.776673316000085, 49.394557953000174 ], [ 8.775388718000045, 49.396194457000036 ], [ 8.77792453700016, 49.402374267000141 ], [ 8.785843848000013, 49.401420594000172 ], [ 8.790121079000187, 49.402511598000046 ], [ 8.793745040999966, 49.405292510999971 ], [ 8.793216706000067, 49.410461425999983 ], [ 8.801542281000138, 49.410945893000019 ], [ 8.804291725000098, 49.406894684000122 ], [ 8.808293343000059, 49.406421661000138 ], [ 8.803540230000181, 49.403572083000086 ], [ 8.808394432000171, 49.401988984000127 ], [ 8.814612389000104, 49.396850585000152 ], [ 8.821770669000159, 49.394844056000125 ], [ 8.826439858000015, 49.400089264000144 ], [ 8.829316140000174, 49.408176423000043 ], [ 8.836912156000039, 49.406234742000038 ], [ 8.843825340000024, 49.397716523000042 ], [ 8.850466729, 49.395412445000147 ], [ 8.862084387999971, 49.401576997000063 ], [ 8.872745513000041, 49.412445069000114 ], [ 8.882578849000083, 49.416114808000032 ], [ 8.891464233000022, 49.404067993000126 ], [ 8.891034127000182, 49.398807527000031 ], [ 8.880632400000081, 49.385936737000065 ], [ 8.87379932500005, 49.382167817000152 ], [ 8.858048439000129, 49.378501893000021 ], [ 8.854684829000178, 49.369678497000052 ], [ 8.85641193500004, 49.362297059000014 ], [ 8.859859466000103, 49.356159211000033 ], [ 8.85332107500011, 49.350807190000182 ], [ 8.842161179000072, 49.354099274000077 ], [ 8.840913773000068, 49.352317810999978 ], [ 8.831258774000162, 49.351535797000111 ], [ 8.827128410000171, 49.353858948000038 ], [ 8.822012901000107, 49.348106384000175 ], [ 8.816358566000076, 49.346366882000098 ], [ 8.807722091000016, 49.350311280000142 ], [ 8.798397064000028, 49.350322723000147 ], [ 8.790232658999969, 49.347141266000051 ], [ 8.783472062000044, 49.34209823700013 ], [ 8.777864456999964, 49.341796875000114 ], [ 8.77513027100008, 49.338928223000039 ], [ 8.77940368600008, 49.339176178000059 ], [ 8.774621963000129, 49.334682465000128 ], [ 8.769693248000067, 49.333896828000036 ], [ 8.745261192000044, 49.358219147000113 ], [ 8.73702, 49.355316000000187 ], [ 8.737746000000129, 49.350533 ], [ 8.736289, 49.348946000000183 ], [ 8.725817, 49.34909400000015 ], [ 8.720586, 49.347519 ], [ 8.729782, 49.352486000000169 ], [ 8.729328000000123, 49.356583 ], [ 8.725837948000049, 49.360442928 ], [ 8.730133057000046, 49.368003846000136 ], [ 8.725564956000028, 49.370056152000132 ], [ 8.724081039000055, 49.37367630000017 ], [ 8.725838661000182, 49.375343322999981 ], [ 8.730083465, 49.371963502000028 ], [ 8.740587235000135, 49.374874115000068 ], [ 8.744002342000158, 49.373062133000076 ], [ 8.749348640000051, 49.373813629000097 ], [ 8.752546310000128, 49.376445771000078 ] ] ] } },
{ "type": "Feature", "properties": { "country": "Netherlands", "name": null, "type": null, "count": 1, "first_date": "2023-11-26", "last_date": "2023-11-26" }, "geometry": { "type": "MultiPolygon", "coordinates": [ [ [ [ 4.705833912000173, 52.975971223000045 ], [ 4.708803722000084, 52.973875750000104 ], [ 4.693055153000046, 52.971527100000117 ], [ 4.685513857000103, 52.968193054000153 ], [ 4.680390086000102, 52.958737338000049 ], [ 4.669167996000112, 52.961807251000153 ], [ 4.663155583999981, 52.965258500000175 ], [ 4.661525294000114, 52.97131386600006 ], [ 4.663944107000134, 52.97735977300016 ], [ 4.664683828000136, 52.976528169000119 ], [ 4.665484572000139, 52.981561407000186 ], [ 4.67549921400007, 52.98715097600018 ], [ 4.68830863900007, 52.985753583000132 ], [ 4.688611030000175, 52.980140686000141 ], [ 4.705833912000173, 52.975971223000045 ] ] ], [ [ [ 4.859168000000182, 53.18264 ], [ 4.874167, 53.171528 ], [ 4.874167, 53.168194 ], [ 4.876945, 53.166248 ], [ 4.875833, 53.160137000000134 ], [ 4.880277, 53.155418000000111 ], [ 4.886390000000119, 53.156528000000151 ], [ 4.88972200000012, 53.154583000000116 ], [ 4.908055000000161, 53.135971 ], [ 4.908055000000161, 53.131805 ], [ 4.905277000000183, 53.130974 ], [ 4.905277000000183, 53.128750000000196 ], [ 4.901945000000183, 53.128193000000124 ], [ 4.903055000000165, 53.125973000000101 ], [ 4.900276000000133, 53.124863000000119 ], [ 4.898610000000133, 53.119583 ], [ 4.898610000000133, 53.112362000000132 ], [ 4.896944000000133, 53.109585 ], [ 4.896944000000133, 53.100418 ], [ 4.899167, 53.096527 ], [ 4.896944000000133, 53.090137000000141 ], [ 4.898057000000165, 53.079861 ], [ 4.888612000000137, 53.072639 ], [ 4.873611, 53.070137000000159 ], [ 4.871945, 53.06625 ], [ 4.871945, 53.055138000000113 ], [ 4.868056, 53.05236100000019 ], [ 4.863056, 53.051807000000167 ], [ 4.862500000000182, 53.046249 ], [ 4.848055000000159, 53.034306 ], [ 4.835278, 53.030140000000131 ], [ 4.819167, 53.029583 ], [ 4.790279, 53.007084000000134 ], [ 4.796389, 53.007084000000134 ], [ 4.795833, 53.005138 ], [ 4.791388, 53.002361000000121 ], [ 4.78027800000018, 53.002083 ], [ 4.77194500000013, 53.005974 ], [ 4.750277, 53.010693000000117 ], [ 4.748611, 53.008472 ], [ 4.755834, 53.002918000000193 ], [ 4.764723000000117, 53.001526000000126 ], [ 4.767501000000152, 52.995972000000165 ], [ 4.758056, 52.993752000000143 ], [ 4.746945, 52.993473000000165 ], [ 4.741389, 52.98902900000013 ], [ 4.730834000000129, 52.985695000000192 ], [ 4.717501, 52.993195 ], [ 4.715277, 52.997917000000143 ], [ 4.716389000000106, 53.000137000000166 ], [ 4.711389000000111, 53.005138 ], [ 4.70972300000011, 53.011250000000189 ], [ 4.70972300000011, 53.031528 ], [ 4.711945, 53.040974 ], [ 4.720277, 53.058472000000108 ], [ 4.719723, 53.060139000000163 ], [ 4.730834000000129, 53.077362 ], [ 4.765279000000135, 53.112915 ], [ 4.828611, 53.169582 ], [ 4.851389, 53.181805 ], [ 4.859168000000182, 53.18264 ] ] ] ] } },
{ "type": "Feature", "properties": { "country": "Germany", "name": "Oberhausen", "type": "Gemeinschaftsfreie Gemeinde", "count": 1, "first_date": "2024-10-28", "last_date": "2024-10-28" }, "geometry": { "type": "Polygon", "coordinates": [ [ [ 6.833152294000172, 51.579647065000131 ], [ 6.856596947000128, 51.56805801400003 ], [ 6.867640017999975, 51.567527772000062 ], [ 6.867315292000114, 51.563789369000062 ], [ 6.859779834000165, 51.557460785000103 ], [ 6.868612766000183, 51.552528381000059 ], [ 6.877636433000134, 51.543998719000058 ], [ 6.879560471000161, 51.537776947000054 ], [ 6.885230542000045, 51.536209107000161 ], [ 6.885117531000049, 51.529407501000151 ], [ 6.886422635000031, 51.526966096000194 ], [ 6.893266201000131, 51.523845672000107 ], [ 6.892301560000021, 51.522159576000035 ], [ 6.894111156000179, 51.520080566000161 ], [ 6.89392709700013, 51.516365052000083 ], [ 6.902260780000177, 51.512088776000098 ], [ 6.900415898000119, 51.510921479000046 ], [ 6.909774780000134, 51.504985809000118 ], [ 6.909573078000165, 51.503143310000155 ], [ 6.926387310000109, 51.503688813000053 ], [ 6.930495738000047, 51.498931885000104 ], [ 6.920709609000085, 51.496364594000056 ], [ 6.922484875000066, 51.491924286000028 ], [ 6.912235737000117, 51.490325929000051 ], [ 6.912379742000041, 51.488113403000114 ], [ 6.900143623000019, 51.487209319999977 ], [ 6.89883852000014, 51.482330322000053 ], [ 6.897588253000151, 51.482456208000031 ], [ 6.89450788400012, 51.477226257999973 ], [ 6.899921895000148, 51.471286774000077 ], [ 6.89610862700016, 51.468971253000063 ], [ 6.889785289999963, 51.467769622000048 ], [ 6.870539666000127, 51.458194733000141 ], [ 6.846037388000127, 51.458076478000066 ], [ 6.842935085000022, 51.451225282 ], [ 6.827203750000024, 51.448913574000073 ], [ 6.819170474000089, 51.45616912800017 ], [ 6.808978081000078, 51.455966949000015 ], [ 6.815907001000141, 51.460704804000102 ], [ 6.819965839000076, 51.469783784000072 ], [ 6.809656143000041, 51.4744148260001 ], [ 6.810363769000162, 51.483734130000073 ], [ 6.816036702000133, 51.483695984000065 ], [ 6.821615219000137, 51.485916137 ], [ 6.823020934000169, 51.496814728000174 ], [ 6.820058823000124, 51.50693511999998 ], [ 6.813966750000134, 51.506942750000121 ], [ 6.795705794000185, 51.515426635000154 ], [ 6.78901958400013, 51.516796112000179 ], [ 6.784120084000108, 51.52167129500009 ], [ 6.77970886200012, 51.523891449000075 ], [ 6.777319907999981, 51.52272415200008 ], [ 6.777072906000171, 51.524517059000175 ], [ 6.780626773000165, 51.525566101000095 ], [ 6.782514571000036, 51.527935029000162 ], [ 6.781787872000052, 51.530128479000098 ], [ 6.78338432400011, 51.530563355000027 ], [ 6.784019947000047, 51.533233642000084 ], [ 6.782990933000178, 51.53596115199997 ], [ 6.785057545000086, 51.53705596900005 ], [ 6.783068657000058, 51.538394929 ], [ 6.781860351000091, 51.544361114000083 ], [ 6.785362244000169, 51.548923492000085 ], [ 6.797817708000139, 51.556217194000169 ], [ 6.805786609000165, 51.558097840000187 ], [ 6.804966450000052, 51.56030273500005 ], [ 6.821997166000187, 51.565536499000018 ], [ 6.814406871000187, 51.574127198000042 ], [ 6.833152294000172, 51.579647065000131 ] ] ] } },
{ "type": "Feature", "properties": { "country": "Netherlands", "name": null, "type": null, "count": 1, "first_date": "2023-11-26", "last_date": "2023-11-26" }, "geometry": { "type": "Polygon", "coordinates": [ [ [ 6.144649995, 51.524435076000032 ], [ 6.172880171999964, 51.51243209800009 ], [ 6.178564071000153, 51.506111146000194 ], [ 6.175415993000115, 51.489971160000096 ], [ 6.188131809000083, 51.471946716000161 ], [ 6.188046932000077, 51.46655655 ], [ 6.185100079000051, 51.462982178000061 ], [ 6.166069985000036, 51.446937561000084 ], [ 6.163111209000022, 51.442466736000085 ], [ 6.163037778000103, 51.43705368000019 ], [ 6.167204856000069, 51.427181245000043 ], [ 6.167107106000174, 51.420898438000052 ], [ 6.159807204000117, 51.415557861000195 ], [ 6.158281803000136, 51.410179138000046 ], [ 6.162414073999969, 51.397586823000097 ], [ 6.160957813000039, 51.396697999000082 ], [ 6.150860787, 51.39675903400007 ], [ 6.143972874000042, 51.418342591000055 ], [ 6.14106082800015, 51.41656494200015 ], [ 6.132401943000048, 51.416614533000086 ], [ 6.125277996000079, 51.422939301000042 ], [ 6.110818863000191, 51.421222686000021 ], [ 6.086295127000028, 51.422252653999976 ], [ 6.086146832000111, 51.411479950000057 ], [ 6.081768990000114, 51.407913207000092 ], [ 6.080263137000088, 51.403434755000092 ], [ 6.081621170000119, 51.39714431800013 ], [ 6.015066147000141, 51.381317139000032 ], [ 5.993404866000105, 51.37961959900008 ], [ 5.966015816000038, 51.379741669000055 ], [ 5.955980778000026, 51.385169984000072 ], [ 5.940124988000093, 51.386131287000126 ], [ 5.911605836000149, 51.418560029000105 ], [ 5.883009911000102, 51.447395325000116 ], [ 5.980025767000086, 51.469448091000118 ], [ 6.001784801999975, 51.476531983000029 ], [ 6.022037028000057, 51.47823333700012 ], [ 6.03364515200019, 51.481769563000114 ], [ 6.039424896000014, 51.481739044000165 ], [ 6.048202037000181, 51.489776611000025 ], [ 6.058343887000149, 51.491519928000116 ], [ 6.07131719500012, 51.488761903000125 ], [ 6.077113152000152, 51.489627838999979 ], [ 6.082982064000078, 51.496795655000142 ], [ 6.074502944000187, 51.510288239000033 ], [ 6.073153973000046, 51.517478944 ], [ 6.075879417000124, 51.524798862000125 ], [ 6.107666244000029, 51.522709892000137 ], [ 6.107465043000161, 51.520461694000062 ], [ 6.121746287000178, 51.511643269000103 ], [ 6.126165962000186, 51.514154818000122 ], [ 6.131687321000072, 51.513216663000037 ], [ 6.144649995, 51.524435076000032 ] ] ] } },
{ "type": "Feature", "properties": { "country": "Netherlands", "name": null, "type": null, "count": 1, "first_date": "2023-11-26", "last_date": "2023-11-26" }, "geometry": { "type": "Polygon", "coordinates": [ [ [ 6.056356907000065, 51.559757233000084 ], [ 6.069361211000114, 51.557895660000156 ], [ 6.080854892000161, 51.551551818000178 ], [ 6.089501857000187, 51.548812867000095 ], [ 6.119790077000118, 51.54866027800017 ], [ 6.122764110999981, 51.546833039000092 ], [ 6.126945972000044, 51.53603744600008 ], [ 6.144649995, 51.524435076000032 ], [ 6.131687321000072, 51.513216663000037 ], [ 6.126165962000186, 51.514154818000122 ], [ 6.121746287000178, 51.511643269000103 ], [ 6.107465043000161, 51.520461694000062 ], [ 6.107666244000029, 51.522709892000137 ], [ 6.075879417000124, 51.524798862000125 ], [ 6.073153973000046, 51.517478944 ], [ 6.074502944000187, 51.510288239000033 ], [ 6.082982064000078, 51.496795655000142 ], [ 6.077113152000152, 51.489627838999979 ], [ 6.07131719500012, 51.488761903000125 ], [ 6.058343887000149, 51.491519928000116 ], [ 6.048202037000181, 51.489776611000025 ], [ 6.039424896000014, 51.481739044000165 ], [ 6.03364515200019, 51.481769563000114 ], [ 6.022037028000057, 51.47823333700012 ], [ 6.001784801999975, 51.476531983000029 ], [ 5.980025767000086, 51.469448091000118 ], [ 5.883018971000183, 51.448291779000044 ], [ 5.880164147000187, 51.451892853000118 ], [ 5.868984222000051, 51.493225097000106 ], [ 5.860422135000078, 51.505821228 ], [ 5.846496105000028, 51.567806245000099 ], [ 5.900010110000096, 51.561336516999972 ], [ 5.914404870000112, 51.55320358300014 ], [ 5.94337511000009, 51.554885864000141 ], [ 5.982553958000096, 51.562797547000059 ], [ 6.011619090000124, 51.571643830000085 ], [ 6.026021005000075, 51.565292359000068 ], [ 6.040349961000118, 51.5535507190001 ], [ 6.041842937000183, 51.557136535000097 ], [ 6.056356907000065, 51.559757233000084 ] ] ] } },
{ "type": "Feature", "properties": { "country": "Netherlands", "name": null, "type": null, "count": 1, "first_date": "2023-11-26", "last_date": "2023-11-26" }, "geometry": { "type": "Polygon", "coordinates": [ [ [ 5.492072104999977, 51.984043122000116 ], [ 5.478919028000178, 51.983146667000085 ], [ 5.442382813000052, 51.985839844000111 ], [ 5.42338800400006, 51.976860047000059 ], [ 5.404396056, 51.974159241000052 ], [ 5.397093774000155, 51.971462250000116 ], [ 5.394169807000083, 51.973255159000018 ], [ 5.394166947000031, 51.975051880000137 ], [ 5.383920192000119, 51.986713409000174 ], [ 5.405840874000035, 51.988521577000029 ], [ 5.420450211000059, 51.997505188 ], [ 5.404362202000073, 52.003780364000193 ], [ 5.386819840000044, 52.002872467000088 ], [ 5.35608482400005, 52.016315461000033 ], [ 5.350225925000132, 52.020797729000151 ], [ 5.329741000000126, 52.023468017000141 ], [ 5.319487095, 52.027946472000053 ], [ 5.296145916000114, 52.009063722000178 ], [ 5.28444290200008, 52.010845185000051 ], [ 5.277112961000171, 52.015319825000063 ], [ 5.268298148999975, 52.025180817000091 ], [ 5.275599956000121, 52.027885436000133 ], [ 5.274129867000056, 52.029678345000093 ], [ 5.262411118000045, 52.033248902000196 ], [ 5.253592967000088, 52.042209625000055 ], [ 5.25356817300019, 52.047595977000014 ], [ 5.256468772000119, 52.053848268000195 ], [ 5.252051830000028, 52.059261322000054 ], [ 5.259530068000061, 52.064254761000143 ], [ 5.260746955000116, 52.062973023000097 ], [ 5.26373004900006, 52.067359924000073 ], [ 5.295955182000114, 52.087112427000079 ], [ 5.325213908000023, 52.071037293000131 ], [ 5.338374137000073, 52.079132080000136 ], [ 5.336894987999983, 52.084514617000082 ], [ 5.386705875000132, 52.079170227000191 ], [ 5.394064904000174, 52.075584411000136 ], [ 5.411604881000073, 52.075595857000053 ], [ 5.41307306300007, 52.072902680000027 ], [ 5.404288769000118, 52.069309235000162 ], [ 5.407225131000075, 52.064819337000131 ], [ 5.417467118000104, 52.071109772 ], [ 5.427715779000096, 52.073802948000093 ], [ 5.442359925000119, 52.072910309000065 ], [ 5.44382476800007, 52.07111358700007 ], [ 5.442361832000188, 52.062137603999986 ], [ 5.440898896000135, 52.060344697000062 ], [ 5.436507226000174, 52.05944442800012 ], [ 5.43504381200006, 52.057647706000125 ], [ 5.435046194999984, 52.053161621000129 ], [ 5.440903187, 52.048675538000111 ], [ 5.454074859000059, 52.044189453000115 ], [ 5.458466052000063, 52.050472260000106 ], [ 5.467247964000137, 52.04957199200004 ], [ 5.483349801000031, 52.053161621000129 ], [ 5.490671159000101, 52.056751251000094 ], [ 5.503846169000042, 52.057643891000055 ], [ 5.521409034000044, 52.054943084000172 ], [ 5.522862912000051, 52.04866027900016 ], [ 5.534557820000146, 52.040576936000036 ], [ 5.492072104999977, 51.984043122000116 ] ] ] } },
{ "type": "Feature", "properties": { "country": "France", "name": "Thann", "type": "Arrondissement", "count": 2, "first_date": "2025-04-21", "last_date": "2025-04-24" }, "geometry": { "type": "Polygon", "coordinates": [ [ [ 7.158980847, 47.698902131000125 ], [ 7.144529342000055, 47.706893920000141 ], [ 7.125778676000095, 47.70461273300009 ], [ 7.11504077799998, 47.710281372000111 ], [ 7.096405982000022, 47.713493347 ], [ 7.075947761000066, 47.705307006000112 ], [ 7.067869663000124, 47.714916229000153 ], [ 7.04691743799998, 47.721076965000066 ], [ 7.03741788800005, 47.72155761700003 ], [ 7.020600795000121, 47.734439851000104 ], [ 7.015778064000131, 47.743465424000192 ], [ 7.011684895000144, 47.741630555000029 ], [ 6.974351883000054, 47.751602173000094 ], [ 6.938450336000074, 47.771156311000141 ], [ 6.923451900000089, 47.770065308000028 ], [ 6.922358514, 47.77209091300017 ], [ 6.907546043000025, 47.777713776000098 ], [ 6.902091980000023, 47.776447297000061 ], [ 6.864959716999977, 47.784606934000067 ], [ 6.849117756999988, 47.801258087000122 ], [ 6.848835946000065, 47.808078767000154 ], [ 6.842990875000055, 47.813632965000124 ], [ 6.846179962, 47.822944641 ], [ 6.860045909000064, 47.824848175000113 ], [ 6.867449284000031, 47.829319000000112 ], [ 6.896086216000128, 47.832973481000067 ], [ 6.907204151000144, 47.84603119000019 ], [ 6.920047761000035, 47.850288392000152 ], [ 6.918906212000024, 47.858039855000186 ], [ 6.907604218000131, 47.864570619000176 ], [ 6.907124520000082, 47.881156921000127 ], [ 6.898328303000142, 47.888694764000036 ], [ 6.918457984000042, 47.898414612000067 ], [ 6.917035580000118, 47.901649476000046 ], [ 6.924760819000085, 47.905906678 ], [ 6.927513123000097, 47.912132263000103 ], [ 6.92216062500006, 47.917320250999978 ], [ 6.91234636300004, 47.918376923000039 ], [ 6.92484808100005, 47.929187774000013 ], [ 6.920379639000146, 47.94599914500003 ], [ 6.931042671000114, 47.971149445000151 ], [ 6.943765640000038, 47.980384826000034 ], [ 6.943508625, 47.99873733600009 ], [ 6.951932907000185, 48.002426148000097 ], [ 6.961448669000049, 48.000411987000177 ], [ 6.972197532000109, 48.007503509 ], [ 6.981539250000139, 48.009422302000075 ], [ 6.983187675000181, 47.98242187600016 ], [ 6.994537831000116, 47.967422486000089 ], [ 7.007650853000143, 47.957008363000057 ], [ 7.028694152000128, 47.947944641000049 ], [ 7.033611297000107, 47.941532135000102 ], [ 7.038517475000162, 47.941326141000104 ], [ 7.042375088000028, 47.935283660000096 ], [ 7.037559987000179, 47.922588348000033 ], [ 7.050548076000041, 47.910446166000099 ], [ 7.065347672000087, 47.910995484000068 ], [ 7.069805146000135, 47.904975892000095 ], [ 7.079462528000022, 47.903335571000184 ], [ 7.087281227000062, 47.90531540000012 ], [ 7.099257940000086, 47.902301903000136 ], [ 7.098080000000152, 47.900414000000126 ], [ 7.112043999000093, 47.890208999000151 ], [ 7.129706000000169, 47.883869 ], [ 7.123682, 47.867199000000141 ], [ 7.131322861000058, 47.857646942000088 ], [ 7.156513999000026, 47.860939002000123 ], [ 7.170780660000162, 47.858261108000079 ], [ 7.175072671000123, 47.852214813000103 ], [ 7.189584731000025, 47.849975587000131 ], [ 7.222463607000122, 47.82985687200005 ], [ 7.226086617000021, 47.830646514000193 ], [ 7.234071256000163, 47.828052520000142 ], [ 7.250093937000088, 47.839279176000161 ], [ 7.258896827000115, 47.841709137000066 ], [ 7.26077413500019, 47.835239410000042 ], [ 7.265658856000186, 47.834892273000037 ], [ 7.271529198000053, 47.840141297000173 ], [ 7.275797844000067, 47.841442108000081 ], [ 7.281960010000148, 47.825050354000041 ], [ 7.288433075000057, 47.824821471000064 ], [ 7.285401344000149, 47.8144493100001 ], [ 7.262589455000125, 47.792308808000143 ], [ 7.252855301000125, 47.786659241000166 ], [ 7.257987022000066, 47.778766633000089 ], [ 7.252169609000077, 47.771568298000034 ], [ 7.237728595000135, 47.770378113000049 ], [ 7.201059819000022, 47.775173187000121 ], [ 7.192846773999975, 47.76749801700015 ], [ 7.18354511300015, 47.768722535 ], [ 7.181761264999977, 47.762020111000027 ], [ 7.188142776000177, 47.756824493000011 ], [ 7.189390659000139, 47.746704101000034 ], [ 7.206192970000075, 47.734416962000068 ], [ 7.18981504400017, 47.730709076000096 ], [ 7.187337398000125, 47.723331451000092 ], [ 7.198001385000055, 47.711532593000129 ], [ 7.20452499400011, 47.707386018000136 ], [ 7.202886104000015, 47.701339722000114 ], [ 7.212769985000079, 47.694965364000097 ], [ 7.200181485000144, 47.681438447000062 ], [ 7.19277954100005, 47.68218994200015 ], [ 7.182051658000148, 47.685974122000061 ], [ 7.183759213000087, 47.692249299000139 ], [ 7.170274734000031, 47.701103211000145 ], [ 7.161504745000116, 47.70146942100007 ], [ 7.158980847, 47.698902131000125 ] ] ] } },
{ "type": "Feature", "properties": { "country": "Germany", "name": "Altensteig", "type": "Verwaltungsgemeinschaft", "count": 3, "first_date": "2025-04-27", "last_date": "2025-05-02" }, "geometry": { "type": "Polygon", "coordinates": [ [ [ 8.639974595000126, 48.56167221200019 ], [ 8.634304047000057, 48.554752350000172 ], [ 8.631191253999987, 48.556083680000029 ], [ 8.632734299000049, 48.552917482000055 ], [ 8.628902436000146, 48.551799774000131 ], [ 8.628545762000158, 48.548736573000099 ], [ 8.627691270000128, 48.549827577000087 ], [ 8.624013899999966, 48.548217774000022 ], [ 8.626401902000055, 48.546009063000156 ], [ 8.618884086999969, 48.542114258000083 ], [ 8.614081382000052, 48.541950225000051 ], [ 8.614506722000101, 48.546031952000192 ], [ 8.606999398000141, 48.549232484000186 ], [ 8.602750778000143, 48.547008515000073 ], [ 8.602258683, 48.54989624000018 ], [ 8.597616195000114, 48.553955078000115 ], [ 8.594998360000147, 48.554359437000073 ], [ 8.589444160000141, 48.551567078000062 ], [ 8.586731910000083, 48.544719695000083 ], [ 8.577786446000118, 48.547603608000031 ], [ 8.575678825000068, 48.545040130000189 ], [ 8.561167717000103, 48.548854829000106 ], [ 8.559400559000039, 48.549743653000064 ], [ 8.561101914000062, 48.555789949000143 ], [ 8.57706356000017, 48.562545776000036 ], [ 8.578233720000185, 48.566802979999977 ], [ 8.575845718000153, 48.578109742000095 ], [ 8.568774223999981, 48.575054169000168 ], [ 8.562505723000129, 48.569072724000023 ], [ 8.543609620000097, 48.582996369000057 ], [ 8.542645455000184, 48.586074830000086 ], [ 8.535274506000064, 48.587303163000058 ], [ 8.530003547000092, 48.592578888 ], [ 8.522668838000129, 48.591197968000131 ], [ 8.501083374000075, 48.594127655000193 ], [ 8.494694710000147, 48.59779358000003 ], [ 8.492112159000044, 48.60417556800013 ], [ 8.475114823000013, 48.611423493000189 ], [ 8.471446991000107, 48.611869812000123 ], [ 8.467730522000011, 48.605655670000033 ], [ 8.455207825000116, 48.615447999000139 ], [ 8.454767227000104, 48.616889954000158 ], [ 8.459027291000154, 48.618839263000041 ], [ 8.451196670000172, 48.620807648000095 ], [ 8.449556350000137, 48.622379304000106 ], [ 8.449202538000179, 48.627246857000102 ], [ 8.45967960400003, 48.627883912000129 ], [ 8.461264611000161, 48.630870820000155 ], [ 8.459840774000043, 48.633750915000178 ], [ 8.464354516000128, 48.637802124000075 ], [ 8.473247528000172, 48.641975403000174 ], [ 8.471817971000064, 48.643711091000057 ], [ 8.477603912000177, 48.653759002000186 ], [ 8.482843400000093, 48.65184784000013 ], [ 8.492279052000072, 48.655464172000052 ], [ 8.496452332000047, 48.658992767000029 ], [ 8.507255554000039, 48.652164460000051 ], [ 8.514939309000169, 48.650177002000078 ], [ 8.516705514000023, 48.653816223000035 ], [ 8.523509980000085, 48.653415681000126 ], [ 8.531610490000105, 48.655574799000021 ], [ 8.538167954000187, 48.661323547000165 ], [ 8.54416847300007, 48.662364960000104 ], [ 8.543831825000098, 48.65924453700012 ], [ 8.549792289000152, 48.65723800700016 ], [ 8.554396629999985, 48.652782441000113 ], [ 8.558393478000141, 48.655704498000034 ], [ 8.564975738000101, 48.651340484000059 ], [ 8.568307877000052, 48.640918733000092 ], [ 8.57445812300017, 48.636077881000176 ], [ 8.575631142000134, 48.631484986000032 ], [ 8.580637932000172, 48.626327514000138 ], [ 8.582308768000019, 48.618339540000193 ], [ 8.585507393000114, 48.614978790000123 ], [ 8.591786385000034, 48.613296509000122 ], [ 8.595271111000045, 48.618213654000101 ], [ 8.597641944000031, 48.617256164000082 ], [ 8.603980064000041, 48.618938446000186 ], [ 8.604979515000082, 48.622543335000103 ], [ 8.608642577000126, 48.626392365000072 ], [ 8.6111564630001, 48.62419509900019 ], [ 8.61578846000009, 48.627586366 ], [ 8.617551804000186, 48.632526397000106 ], [ 8.620404243, 48.634555817000148 ], [ 8.632718085000135, 48.631263733000083 ], [ 8.632619858000055, 48.634887695000089 ], [ 8.635644912000089, 48.637401581000063 ], [ 8.651733399000136, 48.630096436000031 ], [ 8.650405884000179, 48.628608704000044 ], [ 8.656208991000085, 48.622993470000154 ], [ 8.654252052000061, 48.622367859000178 ], [ 8.658947944000147, 48.621627809000017 ], [ 8.658802985000136, 48.614681244 ], [ 8.654304504000152, 48.612735748000148 ], [ 8.643814088000113, 48.613567353000121 ], [ 8.634350777, 48.611312866000048 ], [ 8.633182525000166, 48.606021880000128 ], [ 8.635806082999977, 48.596313478000127 ], [ 8.645386696000173, 48.59611511300011 ], [ 8.648139953000168, 48.59862518400007 ], [ 8.65306186600003, 48.596847535000165 ], [ 8.654119491000017, 48.592548371000078 ], [ 8.65729618000006, 48.590297699000189 ], [ 8.65477085100008, 48.589672089000089 ], [ 8.653830527000082, 48.58514022900016 ], [ 8.661342621000131, 48.582592010000042 ], [ 8.661045075000175, 48.579341888000101 ], [ 8.670122146000097, 48.575874330000033 ], [ 8.669999122000036, 48.571563721000189 ], [ 8.677083016000154, 48.568786621000072 ], [ 8.671282768000026, 48.565891267000154 ], [ 8.673735620000116, 48.561191559000122 ], [ 8.669931412000096, 48.559276582000052 ], [ 8.661427498000137, 48.562725067000031 ], [ 8.647541047000175, 48.564399720000097 ], [ 8.639974595000126, 48.56167221200019 ] ] ] } },
{ "type": "Feature", "properties": { "country": "Germany", "name": "Bad Wildbad", "type": "Verwaltungsgemeinschaft", "count": 3, "first_date": "2025-04-27", "last_date": "2025-05-02" }, "geometry": { "type": "Polygon", "coordinates": [ [ [ 8.492279052000072, 48.655464172000052 ], [ 8.482843400000093, 48.65184784000013 ], [ 8.477603912000177, 48.653759002000186 ], [ 8.471817971000064, 48.643711091000057 ], [ 8.473247528000172, 48.641975403000174 ], [ 8.464354516000128, 48.637802124000075 ], [ 8.459840774000043, 48.633750915000178 ], [ 8.461264611000161, 48.630870820000155 ], [ 8.45967960400003, 48.627883912000129 ], [ 8.449202538000179, 48.627246857000102 ], [ 8.449556350000137, 48.622379304000106 ], [ 8.451196670000172, 48.620807648000095 ], [ 8.459027291000154, 48.618839263000041 ], [ 8.454767227000104, 48.616889954000158 ], [ 8.453217506000044, 48.618892671000026 ], [ 8.444906235000076, 48.621322632000101 ], [ 8.443453789000159, 48.624549866000109 ], [ 8.433691023999984, 48.626628876000041 ], [ 8.430150986, 48.63104248000019 ], [ 8.421278953000183, 48.636688232000097 ], [ 8.418525696000017, 48.636959077000029 ], [ 8.41835498800009, 48.634914399000138 ], [ 8.411571503000062, 48.634532929000045 ], [ 8.407175064000057, 48.635459900000114 ], [ 8.40543556199998, 48.637405396000133 ], [ 8.41424560500019, 48.636123658000145 ], [ 8.409324647000176, 48.639457702000129 ], [ 8.41440010000008, 48.640434265000181 ], [ 8.413782119000018, 48.642185212000186 ], [ 8.417147636000038, 48.646335602000022 ], [ 8.422233582000047, 48.644550323000033 ], [ 8.429967880000163, 48.644622804000107 ], [ 8.431329728000037, 48.64837265 ], [ 8.435368538000034, 48.65108108600009 ], [ 8.43615245899997, 48.653419494000161 ], [ 8.435655594000025, 48.655857086000026 ], [ 8.430264473000079, 48.658103943000071 ], [ 8.430729865000046, 48.660243988000104 ], [ 8.437945366000122, 48.661106109000116 ], [ 8.443752288000042, 48.658004761000029 ], [ 8.447519301999989, 48.662048340000183 ], [ 8.447212219999983, 48.664840699000194 ], [ 8.445407868000075, 48.666076660000044 ], [ 8.448430062000057, 48.685249328000111 ], [ 8.443256377000182, 48.692584992000093 ], [ 8.439278603, 48.695064545000037 ], [ 8.449831963000122, 48.700019837000013 ], [ 8.452904702000069, 48.697727203000056 ], [ 8.458757401000184, 48.697521210000161 ], [ 8.46701049800015, 48.700351715000124 ], [ 8.460248946000036, 48.706363677000184 ], [ 8.458273888000065, 48.717132569000171 ], [ 8.462083817000064, 48.71932602000004 ], [ 8.471751213000061, 48.71965408300008 ], [ 8.475862503000087, 48.724426269000048 ], [ 8.474899292000032, 48.73415374700005 ], [ 8.473614692000183, 48.735229492000144 ], [ 8.47958374000001, 48.740180969000107 ], [ 8.485142708000069, 48.754497528000115 ], [ 8.484560013000078, 48.756702423000036 ], [ 8.491236685999979, 48.764011383000081 ], [ 8.496181487000115, 48.772983551000152 ], [ 8.504787445000034, 48.777442933000145 ], [ 8.514924050000047, 48.778995512999984 ], [ 8.530066490000081, 48.785007477000079 ], [ 8.541231156000151, 48.784690857000157 ], [ 8.545582772000103, 48.786109924000073 ], [ 8.55240726500017, 48.79354477000004 ], [ 8.559677125, 48.810268403000066 ], [ 8.578689576000045, 48.8144493100001 ], [ 8.58778953500007, 48.818260193000185 ], [ 8.588924408000139, 48.815723419000051 ], [ 8.595100403000174, 48.812114715000064 ], [ 8.595032692000132, 48.808650970000087 ], [ 8.601832390000027, 48.807525635000161 ], [ 8.600616456000125, 48.805164337000178 ], [ 8.603074074000062, 48.803966523000042 ], [ 8.608478547000061, 48.803688050000176 ], [ 8.602492332000054, 48.80003356900005 ], [ 8.604901314000074, 48.799022674000184 ], [ 8.602164269000184, 48.799369813 ], [ 8.599733352000044, 48.795711517000029 ], [ 8.594552994000082, 48.795185089000142 ], [ 8.596365929000058, 48.792343141 ], [ 8.595398904000092, 48.788532257000043 ], [ 8.58895397200007, 48.78729629500009 ], [ 8.586847306000038, 48.7851295480001 ], [ 8.586057664000066, 48.779949188000103 ], [ 8.59372806600004, 48.778732301000048 ], [ 8.595807076000085, 48.776004791000162 ], [ 8.601604462000125, 48.773815155000193 ], [ 8.601587296000162, 48.771865844000104 ], [ 8.61008834800009, 48.767539979000048 ], [ 8.617228507000164, 48.768680572000164 ], [ 8.624404907999974, 48.772041322000064 ], [ 8.621994972999971, 48.761268615000176 ], [ 8.615983009000104, 48.756980896000073 ], [ 8.605231285000116, 48.756015779000052 ], [ 8.602642059000118, 48.754028321000135 ], [ 8.601541519000023, 48.750160217000143 ], [ 8.590524673000118, 48.746643067000093 ], [ 8.590013504000183, 48.744411468000123 ], [ 8.576507569000114, 48.736812592000035 ], [ 8.569657325000151, 48.726078033000135 ], [ 8.563001633000113, 48.721130372000118 ], [ 8.560819626000125, 48.717548371000134 ], [ 8.562103271000012, 48.701370240000131 ], [ 8.560941697000032, 48.698112488000049 ], [ 8.565873146000115, 48.688922882000156 ], [ 8.562578201000065, 48.681243897000115 ], [ 8.561771393000129, 48.673187255000187 ], [ 8.556713103999982, 48.667827606000174 ], [ 8.549640655000076, 48.666095733000134 ], [ 8.54416847300007, 48.662364960000104 ], [ 8.538167954000187, 48.661323547000165 ], [ 8.531610490000105, 48.655574799000021 ], [ 8.523509980000085, 48.653415681000126 ], [ 8.516705514000023, 48.653816223000035 ], [ 8.514939309000169, 48.650177002000078 ], [ 8.507255554000039, 48.652164460000051 ], [ 8.496452332000047, 48.658992767000029 ], [ 8.492279052000072, 48.655464172000052 ] ] ] } },
{ "type": "Feature", "properties": { "country": "Germany", "name": "Teinachtal", "type": "Verwaltungsverband", "count": 3, "first_date": "2025-04-27", "last_date": "2025-05-02" }, "geometry": { "type": "Polygon", "coordinates": [ [ [ 8.643247604000123, 48.634109497000168 ], [ 8.635644912000089, 48.637401581000063 ], [ 8.632619858000055, 48.634887695000089 ], [ 8.632718085000135, 48.631263733000083 ], [ 8.620404243, 48.634555817000148 ], [ 8.617551804000186, 48.632526397000106 ], [ 8.61578846000009, 48.627586366 ], [ 8.6111564630001, 48.62419509900019 ], [ 8.608642577000126, 48.626392365000072 ], [ 8.604979515000082, 48.622543335000103 ], [ 8.603980064000041, 48.618938446000186 ], [ 8.597641944000031, 48.617256164000082 ], [ 8.595271111000045, 48.618213654000101 ], [ 8.591786385000034, 48.613296509000122 ], [ 8.585507393000114, 48.614978790000123 ], [ 8.582308768000019, 48.618339540000193 ], [ 8.580637932000172, 48.626327514000138 ], [ 8.575631142000134, 48.631484986000032 ], [ 8.57445812300017, 48.636077881000176 ], [ 8.568307877000052, 48.640918733000092 ], [ 8.564975738000101, 48.651340484000059 ], [ 8.558393478000141, 48.655704498000034 ], [ 8.554396629999985, 48.652782441000113 ], [ 8.549792289000152, 48.65723800700016 ], [ 8.543831825000098, 48.65924453700012 ], [ 8.54416847300007, 48.662364960000104 ], [ 8.549640655000076, 48.666095733000134 ], [ 8.555893898000079, 48.667301179000049 ], [ 8.561771393000129, 48.673187255000187 ], [ 8.562578201000065, 48.681243897000115 ], [ 8.565873146000115, 48.688922882000156 ], [ 8.560941697000032, 48.698112488000049 ], [ 8.562103271000012, 48.701370240000131 ], [ 8.560819626000125, 48.717548371000134 ], [ 8.57121181500014, 48.72873306300005 ], [ 8.57234096600007, 48.725280761000079 ], [ 8.579348564000043, 48.721370698000101 ], [ 8.60015106200018, 48.716823577000184 ], [ 8.606705666000153, 48.711872100000051 ], [ 8.630243302000054, 48.707782746000078 ], [ 8.632332802000121, 48.708221436000144 ], [ 8.634613037000065, 48.711498260000042 ], [ 8.638744355000085, 48.71154022200011 ], [ 8.641409875000022, 48.713645936000091 ], [ 8.650454521000029, 48.724231720000034 ], [ 8.658076286000096, 48.726177216000053 ], [ 8.675011635000089, 48.719097139000041 ], [ 8.673428535000028, 48.718189239000026 ], [ 8.674806595000177, 48.716953278000176 ], [ 8.671167374000049, 48.71541595399998 ], [ 8.675828933000048, 48.711086273000149 ], [ 8.676696778000178, 48.708229065000182 ], [ 8.675209045999964, 48.705860138000162 ], [ 8.679217339000047, 48.703712463000045 ], [ 8.695353508000153, 48.700664519999975 ], [ 8.700301170000103, 48.702121736000151 ], [ 8.704272271000093, 48.706466675000172 ], [ 8.713942529000178, 48.699974060000045 ], [ 8.730359078, 48.696971894000171 ], [ 8.733955384000012, 48.688484192000089 ], [ 8.727192880000075, 48.682800293000071 ], [ 8.725365639000131, 48.677768707000155 ], [ 8.727868079000075, 48.673969269000054 ], [ 8.733661651000148, 48.67112731900005 ], [ 8.727897643000176, 48.669029235000039 ], [ 8.725627899000131, 48.666477203000056 ], [ 8.723578453000016, 48.654918671000132 ], [ 8.703555107000113, 48.654830932000039 ], [ 8.700045585000169, 48.653560638000101 ], [ 8.700565337000171, 48.650871277000078 ], [ 8.698639869000033, 48.650451660000101 ], [ 8.64969539599997, 48.645553590000191 ], [ 8.641727447, 48.641983033000088 ], [ 8.642933846000119, 48.64131164600019 ], [ 8.641068459000053, 48.639671327000087 ], [ 8.642764091000174, 48.639347077000082 ], [ 8.639068603000112, 48.636966705000134 ], [ 8.643247604000123, 48.634109497000168 ] ] ] } },
{ "type": "Feature", "properties": { "country": "Netherlands", "name": null, "type": null, "count": 1, "first_date": "2023-11-26", "last_date": "2023-11-26" }, "geometry": { "type": "Polygon", "coordinates": [ [ [ 5.797829148000176, 53.056865196 ], [ 5.797642751000126, 53.05891501900004 ], [ 5.773251863000155, 53.046994397000162 ], [ 5.764065458000061, 53.046348459000171 ], [ 5.768957151000052, 53.047776912000131 ], [ 5.765202334000151, 53.062197067 ], [ 5.775062321000178, 53.070168172000081 ], [ 5.774538270000107, 53.072955932000184 ], [ 5.76616610700006, 53.081644216000143 ], [ 5.774164277000125, 53.085136386000102 ], [ 5.771877412000038, 53.090159721000134 ], [ 5.787039360000051, 53.099682509000047 ], [ 5.7613006200001, 53.112295799000094 ], [ 5.761561870000037, 53.120773316000111 ], [ 5.760087013000145, 53.124435425000172 ], [ 5.746718214000055, 53.126914951000174 ], [ 5.737392276000094, 53.122234710000043 ], [ 5.731237836000105, 53.121691474000045 ], [ 5.726237509000043, 53.124412629000062 ], [ 5.719003859000168, 53.120907499000111 ], [ 5.710346633000086, 53.120704774000103 ], [ 5.702106078000099, 53.117461683000101 ], [ 5.698406629000146, 53.118735932000106 ], [ 5.694977173000098, 53.125669757000139 ], [ 5.688870038000061, 53.130369551000172 ], [ 5.676747734000173, 53.127815356000156 ], [ 5.655528301000118, 53.114100076000057 ], [ 5.641638300000068, 53.124256397000067 ], [ 5.637523499000054, 53.125656119000098 ], [ 5.637952945000052, 53.128246131000139 ], [ 5.633332990000156, 53.133562467000047 ], [ 5.639777612000159, 53.137286373000109 ], [ 5.647448758000166, 53.139080027000034 ], [ 5.643562948000181, 53.140559447000044 ], [ 5.640551217000109, 53.144060828000136 ], [ 5.65252261400002, 53.149805874000094 ], [ 5.656977890000064, 53.149402979000058 ], [ 5.663209533000099, 53.151582450000035 ], [ 5.662204475000067, 53.155511005000108 ], [ 5.657433491, 53.156198114000176 ], [ 5.660646629000155, 53.164486664000151 ], [ 5.65944201800005, 53.165571075000059 ], [ 5.665820121000081, 53.168601989000194 ], [ 5.667335987000115, 53.17129135100015 ], [ 5.682409763000123, 53.175750732000097 ], [ 5.683888913000146, 53.178440095000099 ], [ 5.691411973000129, 53.181118011000137 ], [ 5.701899052000044, 53.176612855000087 ], [ 5.704880237000054, 53.173015594000049 ], [ 5.710881233000066, 53.172107696000069 ], [ 5.712394238000115, 53.173900605000028 ], [ 5.71840000200018, 53.17388534700018 ], [ 5.730353833000095, 53.16488647500006 ], [ 5.742413045000092, 53.172039033000033 ], [ 5.750007153000126, 53.184585571000184 ], [ 5.745502948000023, 53.184574128000065 ], [ 5.745536803999983, 53.189979554000161 ], [ 5.750092983000116, 53.197147369000049 ], [ 5.742636203000075, 53.205242156 ], [ 5.741134168000031, 53.205245972000171 ], [ 5.739665984000055, 53.21063232400013 ], [ 5.748678207000125, 53.210582734000127 ], [ 5.751714229000129, 53.214191438000114 ], [ 5.739697933000173, 53.215118409000127 ], [ 5.738289832000078, 53.229480744 ], [ 5.742806911000173, 53.230365753000171 ], [ 5.735312938000163, 53.233974457000159 ], [ 5.739849090000121, 53.237552643000072 ], [ 5.748888015999967, 53.240222931000062 ], [ 5.738409995000154, 53.247425080000085 ], [ 5.741423129000054, 53.248317720000045 ], [ 5.741436959000168, 53.250110626000037 ], [ 5.735484123, 53.259998322000172 ], [ 5.740022183000178, 53.263576506999982 ], [ 5.726527213, 53.270786285000042 ], [ 5.725039006000088, 53.273479461000136 ], [ 5.72657918800013, 53.278861999000128 ], [ 5.735704898000051, 53.293197633000034 ], [ 5.768829823000033, 53.293117524000081 ], [ 5.806374073000143, 53.281352998000102 ], [ 5.816895008000131, 53.279525757000158 ], [ 5.818391800000143, 53.278625488000046 ], [ 5.815368176000106, 53.276840211000035 ], [ 5.816864967000015, 53.275936127000193 ], [ 5.843938828000091, 53.274059296000019 ], [ 5.837862968000081, 53.267799378000063 ], [ 5.836213113000042, 53.25165176400003 ], [ 5.83917999200014, 53.247154235000153 ], [ 5.836142062000135, 53.243576050000115 ], [ 5.837627887000053, 53.24177551300005 ], [ 5.864706039000168, 53.242584228999988 ], [ 5.858571053000048, 53.230041503000166 ], [ 5.885661125000127, 53.232643128 ], [ 5.887083054000072, 53.224563599000078 ], [ 5.902087212000026, 53.221817018000081 ], [ 5.903570175000084, 53.220016479000037 ], [ 5.89455223200008, 53.220046997000111 ], [ 5.894524098000034, 53.217357636000088 ], [ 5.903505802000154, 53.213733674000082 ], [ 5.911029816000109, 53.214603425000178 ], [ 5.912477017000185, 53.21013259800003 ], [ 5.862823963000039, 53.203109741000048 ], [ 5.867245197000102, 53.194118500000172 ], [ 5.856698036000068, 53.190563201000089 ], [ 5.867020129000139, 53.170787812000128 ], [ 5.921040058000187, 53.167903901000159 ], [ 5.931549073000099, 53.16786193900009 ], [ 5.939002037000023, 53.16967392000015 ], [ 5.937471866000124, 53.160659790000068 ], [ 5.929878235000047, 53.152614593000067 ], [ 5.914773942000068, 53.143695832000105 ], [ 5.92813921100003, 53.13108062800012 ], [ 5.94456720300002, 53.124736786000142 ], [ 5.949025154000026, 53.121128082000155 ], [ 5.956325054000047, 53.104049681999982 ], [ 5.951817035000033, 53.103168488000108 ], [ 5.939886094000087, 53.108600617000036 ], [ 5.91889715200017, 53.108680725999989 ], [ 5.887385846000086, 53.10610580600013 ], [ 5.891755103000037, 53.093524934000129 ], [ 5.884226798000157, 53.089962007000111 ], [ 5.888721943000064, 53.08994674600018 ], [ 5.888702870000145, 53.088153840000189 ], [ 5.882675170000027, 53.084583282000153 ], [ 5.838428185, 53.080540779000046 ], [ 5.814674895, 53.073489554999981 ], [ 5.797829148000176, 53.056865196 ] ] ] } },
{ "type": "Feature", "properties": { "country": "Netherlands", "name": null, "type": null, "count": 1, "first_date": "2023-11-26", "last_date": "2023-11-26" }, "geometry": { "type": "Polygon", "coordinates": [ [ [ 5.768957151000052, 53.047776912000131 ], [ 5.756536007000136, 53.046367646000078 ], [ 5.761022090000154, 53.045459747 ], [ 5.741450787000076, 53.029354097000066 ], [ 5.738362788000074, 53.015003204000038 ], [ 5.754726887, 53.006877899000187 ], [ 5.747272015000135, 53.005107880000196 ], [ 5.748742103999973, 53.001514435000161 ], [ 5.735277176000011, 53.000648499000079 ], [ 5.727783202000126, 52.997974396000075 ], [ 5.721706867000137, 52.994312287000071 ], [ 5.714241982000033, 52.984542847000114 ], [ 5.711245060000067, 52.983650208000086 ], [ 5.69631719500012, 52.987270355000021 ], [ 5.693296909000139, 52.981891633000146 ], [ 5.696241856000029, 52.973808289000146 ], [ 5.693091869000057, 52.94509506300011 ], [ 5.69450998300016, 52.932552338000164 ], [ 5.648239135000097, 52.93530273500005 ], [ 5.645188809000103, 52.920948029000044 ], [ 5.598890782000012, 52.914726258000087 ], [ 5.578073024000105, 52.941673278000053 ], [ 5.569128037000098, 52.947067261000029 ], [ 5.51532220900009, 52.925563813 ], [ 5.480967999000143, 52.902240753000115 ], [ 5.497368813000037, 52.889671326000041 ], [ 5.494380950000163, 52.885185241000045 ], [ 5.506308079000178, 52.879795074000185 ], [ 5.500333786000112, 52.873516082000094 ], [ 5.48094606300009, 52.868137360000048 ], [ 5.47647380799998, 52.872623445000045 ], [ 5.469018937000044, 52.870830536000085 ], [ 5.437704086999986, 52.874416351000036 ], [ 5.430247785000176, 52.872619630000145 ], [ 5.437705994000055, 52.869033814000147 ], [ 5.445162774000153, 52.850189209000121 ], [ 5.430262088, 52.847492218000184 ], [ 5.419827939000129, 52.849285125999984 ], [ 5.401935101000049, 52.85645675700016 ], [ 5.388507844000117, 52.86542511000016 ], [ 5.367619990000037, 52.872589111000195 ], [ 5.364634038000077, 52.874382020000155 ], [ 5.363132000000178, 52.880661010999972 ], [ 5.358646870000143, 52.885147094 ], [ 5.364600181000014, 52.892330171000083 ], [ 5.373540878000028, 52.897720336000077 ], [ 5.391437054000164, 52.904014588000052 ], [ 5.404866218, 52.904918671000132 ], [ 5.410830020000162, 52.90940856900005 ], [ 5.413804054000025, 52.921077728000171 ], [ 5.410817147000103, 52.923770904000094 ], [ 5.404831886000181, 52.938125610000156 ], [ 5.400345801000185, 52.941715240000121 ], [ 5.40781021100014, 52.946205140000188 ], [ 5.412291051000182, 52.945308686000089 ], [ 5.413784026000144, 52.947105408000084 ], [ 5.413776875, 52.954284669000174 ], [ 5.410785198000042, 52.95966720600012 ], [ 5.414230824000185, 52.95966720600012 ], [ 5.41675806, 52.962360382000156 ], [ 5.403278828000111, 52.990177156000129 ], [ 5.403267861000188, 53.000946045000035 ], [ 5.401772976000075, 53.000045776000036 ], [ 5.40027618300013, 53.001842500000066 ], [ 5.410737038000093, 53.010822296000185 ], [ 5.409238815000037, 53.011718750000057 ], [ 5.412224770000137, 53.020694733000141 ], [ 5.409233093000125, 53.019794464000029 ], [ 5.400249959000064, 53.024276734000125 ], [ 5.400244236000049, 53.029663086000141 ], [ 5.406230927000024, 53.029663086000141 ], [ 5.40622186700017, 53.036842347000061 ], [ 5.409212112000091, 53.041332245000092 ], [ 5.40921020400009, 53.044921875999989 ], [ 5.407710076000114, 53.045818328000109 ], [ 5.403234004000126, 53.031459808000079 ], [ 5.397249221000152, 53.032352447000164 ], [ 5.392745018000028, 53.042221069999982 ], [ 5.388250827000093, 53.044013976000031 ], [ 5.37777090100019, 53.044006348000096 ], [ 5.383756161000122, 53.046703340000136 ], [ 5.38224983300006, 53.05298233100018 ], [ 5.37775516500011, 53.053878784000176 ], [ 5.380338191000135, 53.053878784000176 ], [ 5.367237092000153, 53.073612213000047 ], [ 5.37172699000007, 53.075412750000055 ], [ 5.380724907000172, 53.07003402800018 ], [ 5.385214805000032, 53.071830750000174 ], [ 5.389713763000145, 53.06824493400012 ], [ 5.39935016700008, 53.05389022900016 ], [ 5.403211118000058, 53.053894044 ], [ 5.407705784000143, 53.051204681000172 ], [ 5.398712157000034, 53.060173036000151 ], [ 5.394207954000137, 53.068248749000134 ], [ 5.395700931000079, 53.070941925000056 ], [ 5.394198895000159, 53.075428008000074 ], [ 5.386693954000123, 53.084396363000053 ], [ 5.383687973000178, 53.090675355000144 ], [ 5.376198769000098, 53.088874818000136 ], [ 5.355247020000036, 53.07629775900017 ], [ 5.34327220900019, 53.071796418000133 ], [ 5.343283176999989, 53.067310333000137 ], [ 5.340701104000175, 53.072944642000095 ], [ 5.338747977000082, 53.072723389000032 ], [ 5.340289117000054, 53.066410065000071 ], [ 5.337283134000131, 53.070896148000088 ], [ 5.331287860000032, 53.071784972999978 ], [ 5.299851895000074, 53.06546401900016 ], [ 5.216209888000094, 53.022247314000083 ], [ 5.21622419300013, 53.01955795300006 ], [ 5.205767156000093, 53.016841888000158 ], [ 5.169982631000153, 52.997913219000111 ], [ 5.167500973000188, 52.999863 ], [ 5.200832844, 53.017360687000178 ], [ 5.200276851000126, 53.021804810000049 ], [ 5.205832959000077, 53.022640229 ], [ 5.202498913000113, 53.020973206000178 ], [ 5.203054904000169, 53.018470764000085 ], [ 5.291389943000127, 53.065971375 ], [ 5.300831795000136, 53.069026948000158 ], [ 5.333055020000074, 53.073749542000087 ], [ 5.332500935000155, 53.077362061000144 ], [ 5.335833073000174, 53.077362061000144 ], [ 5.338055135000161, 53.074859619000051 ], [ 5.345277786000111, 53.075973510999972 ], [ 5.373055935000139, 53.0909729010001 ], [ 5.380832195000153, 53.092639922000103 ], [ 5.385279178000133, 53.105972290000068 ], [ 5.389722824000103, 53.110416413000166 ], [ 5.398056031000067, 53.113193513000112 ], [ 5.398056031000067, 53.114860536000094 ], [ 5.401390075000108, 53.115970613 ], [ 5.40583419799998, 53.121250153000062 ], [ 5.410278797000103, 53.130695343000127 ], [ 5.413054944000066, 53.142917633000138 ], [ 5.415278911000144, 53.144859314000087 ], [ 5.412500858000044, 53.146251679000102 ], [ 5.413610935000122, 53.15146255600007 ], [ 5.439120770000102, 53.152618408000137 ], [ 5.455630778999989, 53.149032592000083 ], [ 5.458631040000171, 53.14633941600016 ], [ 5.467635154, 53.14633941600016 ], [ 5.46613311699997, 53.143646240000123 ], [ 5.472134113000038, 53.142749786000195 ], [ 5.476637841000183, 53.145442964000097 ], [ 5.482638834999989, 53.144542694 ], [ 5.482636930000126, 53.141849518000129 ], [ 5.49013710100013, 53.140056609000169 ], [ 5.485633850000113, 53.137363433000132 ], [ 5.488633156000105, 53.136466981000183 ], [ 5.493134022, 53.137363433000132 ], [ 5.496138095000163, 53.140052796000134 ], [ 5.502139091000174, 53.140052796000134 ], [ 5.50663805, 53.137355805000027 ], [ 5.505134106000128, 53.135562896000067 ], [ 5.509633065000116, 53.133766174000073 ], [ 5.517140864000055, 53.137351990000127 ], [ 5.517147064000028, 53.142738342000143 ], [ 5.51414823600004, 53.143634797000118 ], [ 5.515649796000105, 53.144531251000046 ], [ 5.535161971000093, 53.147216797000056 ], [ 5.542657852000104, 53.143619538 ], [ 5.542651176999982, 53.140930175000165 ], [ 5.551641941000128, 53.136436462000063 ], [ 5.55463504800008, 53.132843018000074 ], [ 5.559134007000068, 53.131942749000132 ], [ 5.560637950000114, 53.133735658000035 ], [ 5.565136910000035, 53.133731843000191 ], [ 5.568127156000173, 53.130138397000053 ], [ 5.566625118000047, 53.129245758000195 ], [ 5.569622041000116, 53.128345490000129 ], [ 5.577125072000172, 53.129234314000144 ], [ 5.580138206000072, 53.133716584000069 ], [ 5.586136817000181, 53.132816315000127 ], [ 5.592125893000116, 53.129219056000125 ], [ 5.595169695999971, 53.130136544000152 ], [ 5.597074051999982, 53.127235335000194 ], [ 5.613286196000047, 53.134427475 ], [ 5.61732731800015, 53.127007454000079 ], [ 5.628134172000046, 53.12910649600019 ], [ 5.628017303000092, 53.127776158000074 ], [ 5.641638300000068, 53.124256397000067 ], [ 5.655528301000118, 53.114100076000057 ], [ 5.676747734000173, 53.127815356000156 ], [ 5.688870038000061, 53.130369551000172 ], [ 5.694977173000098, 53.125669757000139 ], [ 5.698406629000146, 53.118735932000106 ], [ 5.702106078000099, 53.117461683000101 ], [ 5.710346633000086, 53.120704774000103 ], [ 5.719003859000168, 53.120907499000111 ], [ 5.726237509000043, 53.124412629000062 ], [ 5.731237836000105, 53.121691474000045 ], [ 5.737392276000094, 53.122234710000043 ], [ 5.746718214000055, 53.126914951000174 ], [ 5.760087013000145, 53.124435425000172 ], [ 5.761561870000037, 53.120773316000111 ], [ 5.7613006200001, 53.112295799000094 ], [ 5.787039360000051, 53.099682509000047 ], [ 5.771877412000038, 53.090159721000134 ], [ 5.774164277000125, 53.085136386000102 ], [ 5.76616610700006, 53.081644216000143 ], [ 5.774538270000107, 53.072955932000184 ], [ 5.775062321000178, 53.070168172000081 ], [ 5.765202334000151, 53.062197067 ], [ 5.768957151000052, 53.047776912000131 ] ] ] } },
{ "type": "Feature", "properties": { "country": "Netherlands", "name": null, "type": null, "count": 1, "first_date": "2023-11-26", "last_date": "2023-11-26" }, "geometry": { "type": "Polygon", "coordinates": [ [ [ 5.476637841000183, 53.145442964000097 ], [ 5.476637841000183, 53.14813232500012 ], [ 5.491660118000084, 53.164283752000017 ], [ 5.48865795200004, 53.165180206000116 ], [ 5.490165233000141, 53.16876983700007 ], [ 5.493168831000162, 53.171463013000107 ], [ 5.49767398900002, 53.172359468000138 ], [ 5.50068283100012, 53.176876069000173 ], [ 5.484164239000108, 53.175052644000061 ], [ 5.485671997000168, 53.183128357000044 ], [ 5.491686821000087, 53.193000793000124 ], [ 5.494692802000031, 53.193000793000124 ], [ 5.49319601000019, 53.199279785000101 ], [ 5.461646080999969, 53.199283600000115 ], [ 5.460144043000071, 53.201976776000038 ], [ 5.440279007000072, 53.210693359000118 ], [ 5.448054790000128, 53.219306945000142 ], [ 5.465833187000044, 53.228195192000044 ], [ 5.480278013999964, 53.237361909000128 ], [ 5.483056069000099, 53.240695953000113 ], [ 5.489165783000033, 53.241527557000154 ], [ 5.509165763000169, 53.250694276000047 ], [ 5.526945114000171, 53.256248474000017 ], [ 5.535833835000119, 53.262084962000131 ], [ 5.536943912000027, 53.264862060000041 ], [ 5.554720878000069, 53.273750306000068 ], [ 5.560277938000127, 53.282917023000095 ], [ 5.58194494300011, 53.297084808000022 ], [ 5.599166870000147, 53.304306031000067 ], [ 5.62583208000018, 53.310417175000111 ], [ 5.640833855000039, 53.316528321000021 ], [ 5.643611908000139, 53.319583894000175 ], [ 5.684722900000111, 53.327362061000088 ], [ 5.723260880000055, 53.337638855000023 ], [ 5.726850986000045, 53.321037291999971 ], [ 5.726809979000166, 53.314754486000083 ], [ 5.734354020000012, 53.316532136000092 ], [ 5.753912926000112, 53.312896728000055 ], [ 5.752375127000107, 53.308414459000176 ], [ 5.744805812000095, 53.303047180000078 ], [ 5.740229130000159, 53.294086457000049 ], [ 5.735704898000051, 53.293197633000034 ], [ 5.72657918800013, 53.278861999000128 ], [ 5.725039006000088, 53.273479461000136 ], [ 5.726527213, 53.270786285000042 ], [ 5.740022183000178, 53.263576506999982 ], [ 5.735484123, 53.259998322000172 ], [ 5.741436959000168, 53.250110626000037 ], [ 5.741423129000054, 53.248317720000045 ], [ 5.738409995000154, 53.247425080000085 ], [ 5.748888015999967, 53.240222931000062 ], [ 5.739849090000121, 53.237552643000072 ], [ 5.735312938000163, 53.233974457000159 ], [ 5.742806911000173, 53.230365753000171 ], [ 5.738289832000078, 53.229480744 ], [ 5.739697933000173, 53.215118409000127 ], [ 5.751714229000129, 53.214191438000114 ], [ 5.748678207000125, 53.210582734000127 ], [ 5.739665984000055, 53.21063232400013 ], [ 5.741134168000031, 53.205245972000171 ], [ 5.742636203000075, 53.205242156 ], [ 5.750092983000116, 53.197147369000049 ], [ 5.745536803999983, 53.189979554000161 ], [ 5.745502948000023, 53.184574128000065 ], [ 5.750007153000126, 53.184585571000184 ], [ 5.742413045000092, 53.172039033000033 ], [ 5.730353833000095, 53.16488647500006 ], [ 5.71840000200018, 53.17388534700018 ], [ 5.712394238000115, 53.173900605000028 ], [ 5.710881233000066, 53.172107696000069 ], [ 5.704880237000054, 53.173015594000049 ], [ 5.701899052000044, 53.176612855000087 ], [ 5.691411973000129, 53.181118011000137 ], [ 5.683888913000146, 53.178440095000099 ], [ 5.682409763000123, 53.175750732000097 ], [ 5.67335510200013, 53.173973084000068 ], [ 5.65944201800005, 53.165571075000059 ], [ 5.660646629000155, 53.164486664000151 ], [ 5.657433491, 53.156198114000176 ], [ 5.662204475000067, 53.155511005000108 ], [ 5.663209533000099, 53.151582450000035 ], [ 5.656977890000064, 53.149402979000058 ], [ 5.65252261400002, 53.149805874000094 ], [ 5.640551217000109, 53.144060828000136 ], [ 5.643562948000181, 53.140559447000044 ], [ 5.647448758000166, 53.139080027000034 ], [ 5.639777612000159, 53.137286373000109 ], [ 5.633332990000156, 53.133562467000047 ], [ 5.637952945000052, 53.128246131000139 ], [ 5.637493623000069, 53.125475935000111 ], [ 5.628017303000092, 53.127776158000074 ], [ 5.628134172000046, 53.12910649600019 ], [ 5.61732731800015, 53.127007454000079 ], [ 5.613286196000047, 53.134427475 ], [ 5.597074051999982, 53.127235335000194 ], [ 5.595169695999971, 53.130136544000152 ], [ 5.592125893000116, 53.129219056000125 ], [ 5.586136817000181, 53.132816315000127 ], [ 5.580138206000072, 53.133716584000069 ], [ 5.577125072000172, 53.129234314000144 ], [ 5.569622041000116, 53.128345490000129 ], [ 5.566625118000047, 53.129245758000195 ], [ 5.568127156000173, 53.130138397000053 ], [ 5.565136910000035, 53.133731843000191 ], [ 5.560637950000114, 53.133735658000035 ], [ 5.559134007000068, 53.131942749000132 ], [ 5.55463504800008, 53.132843018000074 ], [ 5.551641941000128, 53.136436462000063 ], [ 5.542651176999982, 53.140930175000165 ], [ 5.542657852000104, 53.143619538 ], [ 5.535161971000093, 53.147216797000056 ], [ 5.515649796000105, 53.144531251000046 ], [ 5.51414823600004, 53.143634797000118 ], [ 5.517147064000028, 53.142738342000143 ], [ 5.517140864000055, 53.137351990000127 ], [ 5.509633065000116, 53.133766174000073 ], [ 5.505134106000128, 53.135562896000067 ], [ 5.50663805, 53.137355805000027 ], [ 5.502139091000174, 53.140052796000134 ], [ 5.496138095000163, 53.140052796000134 ], [ 5.493134022, 53.137363433000132 ], [ 5.488633156000105, 53.136466981000183 ], [ 5.485633850000113, 53.137363433000132 ], [ 5.49013710100013, 53.140056609000169 ], [ 5.482636930000126, 53.141849518000129 ], [ 5.482638834999989, 53.144542694 ], [ 5.476637841000183, 53.145442964000097 ] ] ] } },
{ "type": "Feature", "properties": { "country": "France", "name": "Saint-Dié-des-Vosges", "type": "Arrondissement", "count": 2, "first_date": "2025-08-02", "last_date": "2025-08-05" }, "geometry": { "type": "Polygon", "coordinates": [ [ [ 6.883533000000114, 48.024078368000175 ], [ 6.864584447000027, 48.029811859000176 ], [ 6.845148564000112, 48.041278839000029 ], [ 6.840493678000087, 48.039707183000019 ], [ 6.824267865000024, 48.047370910000041 ], [ 6.804328918000067, 48.047939301000099 ], [ 6.784358978000114, 48.058021546000077 ], [ 6.785776613999985, 48.068256378000115 ], [ 6.767703532000155, 48.097198487000185 ], [ 6.751800060000051, 48.10978317200005 ], [ 6.717090607999978, 48.124633790000075 ], [ 6.719549178000022, 48.129734039000084 ], [ 6.733197690000111, 48.132266998000148 ], [ 6.733166694000033, 48.139247895000153 ], [ 6.727916718000131, 48.147434234000116 ], [ 6.706972121000092, 48.151847840000073 ], [ 6.742731572000025, 48.184959412000069 ], [ 6.754790782000043, 48.174396515000126 ], [ 6.769538403000183, 48.176475525 ], [ 6.766787529000112, 48.18321991 ], [ 6.770738124000047, 48.189682007999977 ], [ 6.76363182100016, 48.199031829000091 ], [ 6.767311096000185, 48.202625275000059 ], [ 6.737000943000112, 48.213596344000166 ], [ 6.730112076000069, 48.221771240000123 ], [ 6.721080303000178, 48.224632264000093 ], [ 6.715165138000032, 48.230213165000066 ], [ 6.713313103000189, 48.240287782000109 ], [ 6.708355426000026, 48.24111938600015 ], [ 6.72613954500008, 48.251773835 ], [ 6.706451417000153, 48.247024536000083 ], [ 6.675290584000038, 48.249420165000117 ], [ 6.680527687000165, 48.259140015000185 ], [ 6.680341243000044, 48.272693633000017 ], [ 6.704177380000033, 48.278179168000122 ], [ 6.721859930999983, 48.268516540000178 ], [ 6.764578818000075, 48.2766876230001 ], [ 6.784953118000089, 48.286231995000037 ], [ 6.777709008000045, 48.289482117000034 ], [ 6.779218197000148, 48.295459747000052 ], [ 6.774480820000122, 48.304889679000155 ], [ 6.782694340000091, 48.317165375000116 ], [ 6.786737919000075, 48.319305420000148 ], [ 6.779808522000053, 48.332641602000137 ], [ 6.785127163000027, 48.343101502000138 ], [ 6.78766441300013, 48.356006622000166 ], [ 6.779664040000171, 48.359775544000058 ], [ 6.776955128, 48.369102478000116 ], [ 6.791307448000055, 48.37317657400007 ], [ 6.806506633000083, 48.371356964000142 ], [ 6.815027237000038, 48.395069123000042 ], [ 6.827694893000114, 48.415599822000104 ], [ 6.849189281000065, 48.423831940000184 ], [ 6.855053903000169, 48.433116913000049 ], [ 6.864500523, 48.43568039000013 ], [ 6.869735241000058, 48.422595978000061 ], [ 6.882371903000092, 48.417064666000158 ], [ 6.892111302000046, 48.419212341000105 ], [ 6.918227673000104, 48.435531616000105 ], [ 6.921954155000037, 48.439388275000056 ], [ 6.92699766200019, 48.440032959000121 ], [ 6.965266227000086, 48.471546174000139 ], [ 6.981908322000095, 48.47842788600019 ], [ 7.007682800000168, 48.481346130000077 ], [ 7.028816223000035, 48.491889954000101 ], [ 7.053884982000056, 48.497646332000159 ], [ 7.092686653000044, 48.511856080000086 ], [ 7.123165131000121, 48.513591766000161 ], [ 7.129399301000092, 48.501510620000147 ], [ 7.125453949000132, 48.499603271000126 ], [ 7.105411052000079, 48.500354766000044 ], [ 7.094251156000098, 48.506198883000138 ], [ 7.091002942000102, 48.500877381000066 ], [ 7.093662739000138, 48.489280700000052 ], [ 7.11881113000004, 48.483718872000111 ], [ 7.11681699900015, 48.473331452000195 ], [ 7.104289532000053, 48.454162597 ], [ 7.10621833700003, 48.444023132000154 ], [ 7.109383583000067, 48.438796997000168 ], [ 7.101158620000149, 48.435413360999974 ], [ 7.095686913000122, 48.426532745000088 ], [ 7.09580373700004, 48.404953003000173 ], [ 7.08498478000007, 48.397884369000053 ], [ 7.103692053999964, 48.387985230000027 ], [ 7.106642247000082, 48.376064300000053 ], [ 7.100822449000134, 48.373744966 ], [ 7.075964452000107, 48.352584839000087 ], [ 7.105971336000096, 48.34410476700009 ], [ 7.117123603000095, 48.334133149000195 ], [ 7.141319275000114, 48.332019806000176 ], [ 7.162788391000106, 48.33678817700013 ], [ 7.169536591000167, 48.342308045000152 ], [ 7.183478355000148, 48.33832931600017 ], [ 7.17899084000004, 48.328620911000087 ], [ 7.190372468000078, 48.322921754000049 ], [ 7.198282241000072, 48.310478211000145 ], [ 7.193611145000091, 48.302028655000186 ], [ 7.17244100500011, 48.297489167000094 ], [ 7.174225807000028, 48.287811279000152 ], [ 7.161358356, 48.277717591000055 ], [ 7.157746314000121, 48.267524719000107 ], [ 7.148723126000164, 48.264339447000168 ], [ 7.13265085300003, 48.242828369000051 ], [ 7.126810550000016, 48.225093842000092 ], [ 7.116386891000104, 48.207130433000145 ], [ 7.10555601100009, 48.200462341000161 ], [ 7.106290340000044, 48.194309235000162 ], [ 7.086996556000088, 48.183753968000133 ], [ 7.077557564000131, 48.170925140000065 ], [ 7.07843732800012, 48.164009095000097 ], [ 7.059046269000021, 48.139179228999978 ], [ 7.068587304000118, 48.13075256400009 ], [ 7.084163189000037, 48.129222870000149 ], [ 7.076707839000107, 48.108486175999985 ], [ 7.070401669000034, 48.106441498000095 ], [ 7.051650048000056, 48.082607269000107 ], [ 7.03435754700007, 48.075389863000112 ], [ 7.024435520000054, 48.063385010000104 ], [ 7.023359299000106, 48.056484222000051 ], [ 7.018614292000166, 48.055061340000066 ], [ 7.009748936000051, 48.042892457000164 ], [ 6.984624861999976, 48.042743683000083 ], [ 6.970081806000167, 48.052707672000054 ], [ 6.945619584000156, 48.057338714000025 ], [ 6.930150987000047, 48.056625366000162 ], [ 6.911391258000151, 48.036472321000076 ], [ 6.892647744000044, 48.031867981000119 ], [ 6.883533000000114, 48.024078368000175 ] ] ] } },
{ "type": "Feature", "properties": { "country": "France", "name": "Gex", "type": "Arrondissement", "count": 1, "first_date": "2025-08-09", "last_date": "2025-08-09" }, "geometry": { "type": "Polygon", "coordinates": [ [ [ 5.889992713000026, 46.087150572999974 ], [ 5.866261481000095, 46.085536957000045 ], [ 5.855986595000104, 46.086669922999988 ], [ 5.863713264000182, 46.09875488400013 ], [ 5.860454559000118, 46.1085510260001 ], [ 5.867617130000099, 46.121166228999982 ], [ 5.866646766999963, 46.136833191000107 ], [ 5.853063107000139, 46.132598877000191 ], [ 5.854816437000068, 46.122451782000041 ], [ 5.834043504000022, 46.113403320000089 ], [ 5.825369835000117, 46.115547181000125 ], [ 5.819936752999979, 46.128074646000073 ], [ 5.803452015000119, 46.149124147000066 ], [ 5.825788497000133, 46.189373018000083 ], [ 5.851068497000142, 46.200725555000133 ], [ 5.844884872000023, 46.217342376000033 ], [ 5.84725523000003, 46.23822402899998 ], [ 5.862200736000091, 46.251869201000147 ], [ 5.869187356000168, 46.264984131000062 ], [ 5.880748272000119, 46.2718544 ], [ 5.894626618000189, 46.286613464000141 ], [ 5.909197808000044, 46.283943177000083 ], [ 5.91592216600003, 46.292812347000108 ], [ 5.918933392000156, 46.309295655000028 ], [ 5.925908089000188, 46.313766479000094 ], [ 5.941530705000162, 46.309265136000079 ], [ 5.984117030999982, 46.362655640000185 ], [ 6.013384343000041, 46.375995635000038 ], [ 6.031020164000097, 46.388099670000088 ], [ 6.052807330000121, 46.411407472000178 ], [ 6.06057548400014, 46.417507173000104 ], [ 6.097525596000139, 46.408283233000077 ], [ 6.106503009000164, 46.399841308000134 ], [ 6.120400905000054, 46.395954133000089 ], [ 6.147123814000167, 46.379829407000159 ], [ 6.160984039000084, 46.376552582000045 ], [ 6.168451309000091, 46.367458343000123 ], [ 6.166736126000046, 46.364143372000171 ], [ 6.14921045300008, 46.343074798000089 ], [ 6.140283584000144, 46.339897156000063 ], [ 6.137695313000165, 46.333118439000089 ], [ 6.124377727000137, 46.31726455800009 ], [ 6.119098664000035, 46.30771255600007 ], [ 6.119469166000158, 46.295284271000185 ], [ 6.102365970000051, 46.28484725900006 ], [ 6.116039276000038, 46.265655517000027 ], [ 6.120107651000126, 46.263626100000067 ], [ 6.122535230000153, 46.253337860000045 ], [ 6.115883351000036, 46.244426728000121 ], [ 6.103463649000048, 46.238658905000079 ], [ 6.088143826000135, 46.247039795000035 ], [ 6.070480346000068, 46.241741181000066 ], [ 6.061954021000076, 46.24488449100005 ], [ 6.04694652500001, 46.231941223000092 ], [ 6.034514428000023, 46.237239838 ], [ 6.016684055000042, 46.23181915400005 ], [ 6.002932548000103, 46.222576141000047 ], [ 5.99381828300011, 46.220439911000085 ], [ 5.992717742000139, 46.217170715000123 ], [ 5.97441244100014, 46.214748382000153 ], [ 5.971386432000145, 46.202274322000108 ], [ 5.963675976000047, 46.196968079000101 ], [ 5.993235588000175, 46.184822082000096 ], [ 5.990266800000029, 46.174880981000115 ], [ 5.982170105000023, 46.172210694000057 ], [ 5.973349094000184, 46.15616607700008 ], [ 5.964700699000048, 46.144660950000173 ], [ 5.966497898000114, 46.138339996000127 ], [ 5.956063271000176, 46.132087708000086 ], [ 5.94522762400004, 46.127983094000115 ], [ 5.927926541000033, 46.127998352000134 ], [ 5.92040300300016, 46.131038667000098 ], [ 5.906797407999989, 46.122539521000135 ], [ 5.893025874999978, 46.118915559000129 ], [ 5.886226654000097, 46.10961914100011 ], [ 5.893243790000156, 46.097240448000036 ], [ 5.889992713000026, 46.087150572999974 ] ] ] } },
{ "type": "Feature", "properties": { "country": "France", "name": "Annecy", "type": "Arrondissement", "count": 2, "first_date": "2025-08-14", "last_date": "2025-08-18" }, "geometry": { "type": "Polygon", "coordinates": [ [ [ 6.195548059000146, 45.732330323000042 ], [ 6.182874680000054, 45.733264923000092 ], [ 6.177382470000168, 45.738018035000096 ], [ 6.178383827000175, 45.747154236000085 ], [ 6.165841102000059, 45.749534607000157 ], [ 6.166234493000161, 45.755725860000041 ], [ 6.137611389000142, 45.76132965000005 ], [ 6.134623526999974, 45.755184174000135 ], [ 6.126278878000107, 45.751502992000042 ], [ 6.10313415600001, 45.763442994000116 ], [ 6.102587700000129, 45.737434388000054 ], [ 6.101762294000025, 45.734195709000062 ], [ 6.097173214000122, 45.733600616000103 ], [ 6.096132755000099, 45.742820740000184 ], [ 6.07700538600011, 45.740947723000033 ], [ 6.05507993700013, 45.749195099000133 ], [ 6.050235747000045, 45.748180389000026 ], [ 6.04225301800011, 45.739257813 ], [ 6.007549287000074, 45.750717163000104 ], [ 5.993805884999972, 45.747692108000194 ], [ 5.99426078900018, 45.763217926000152 ], [ 5.974032879000163, 45.768688202000135 ], [ 5.974210262000042, 45.775093080000033 ], [ 5.982179165000048, 45.783164978000173 ], [ 5.980550289000121, 45.796173095000086 ], [ 5.958067418000155, 45.794918061000146 ], [ 5.962785244000088, 45.812736511000082 ], [ 5.947963715000071, 45.810520172000111 ], [ 5.934122563000074, 45.814601899000081 ], [ 5.931664943000101, 45.808124543000076 ], [ 5.913952351000034, 45.804058075000057 ], [ 5.90471077, 45.811820984000121 ], [ 5.903835774000129, 45.825557710000169 ], [ 5.884465694000028, 45.826335906000054 ], [ 5.880185604000133, 45.828048706000061 ], [ 5.881237508000083, 45.831409454000095 ], [ 5.873541832000171, 45.835605621000127 ], [ 5.878602505000117, 45.860698701000103 ], [ 5.876087189000032, 45.863410951000162 ], [ 5.8626251230001, 45.916637420000143 ], [ 5.865804195000067, 45.918937683000081 ], [ 5.862101554000049, 45.932403564000083 ], [ 5.872787475000052, 45.945152284000073 ], [ 5.880192279000028, 45.945953369000051 ], [ 5.893898011000033, 45.963176728000178 ], [ 5.912987233000138, 45.95496368400012 ], [ 5.9194879530001, 45.947452546000193 ], [ 5.921076775000131, 45.938446045000035 ], [ 5.933280469000181, 45.938419343000135 ], [ 5.933323384000118, 45.948925018000125 ], [ 5.969381809000083, 45.965995788000043 ], [ 5.987929345000111, 45.963455201000045 ], [ 5.987235070000168, 45.969242095000141 ], [ 5.991609097000151, 45.974098205000132 ], [ 5.982916355000157, 45.993747711000026 ], [ 5.977898120000134, 45.99920654400006 ], [ 5.97872686400018, 46.005680085 ], [ 5.977519990000133, 46.008949281000127 ], [ 5.990276337000182, 46.013793945000089 ], [ 6.003180027000042, 46.008037568000134 ], [ 6.02708387399997, 46.007884979000039 ], [ 6.036836147000145, 46.00814056500019 ], [ 6.042726517000119, 46.013629913000159 ], [ 6.051942825000083, 46.015392303000169 ], [ 6.072483540000064, 46.005680085 ], [ 6.076941491000071, 46.007236481000177 ], [ 6.0743775360001, 46.000934600000051 ], [ 6.079631329000051, 45.995456696000133 ], [ 6.084270477000018, 45.996330262000072 ], [ 6.086152077000122, 46.002902985000105 ], [ 6.094823361000124, 46.004180908000023 ], [ 6.098866939000175, 45.987812043000076 ], [ 6.109175205999975, 45.981483459000117 ], [ 6.126739979000149, 45.984397888000103 ], [ 6.124660492000146, 45.993530273000147 ], [ 6.128760337000188, 46.009918214000095 ], [ 6.13594198300018, 46.010890962000133 ], [ 6.149800300000095, 46.024997710999969 ], [ 6.151030063000178, 46.031776428000171 ], [ 6.171538829000099, 46.040088655000034 ], [ 6.193844793999972, 46.045581817000141 ], [ 6.193302154000037, 46.05205154500004 ], [ 6.200704575000145, 46.060249329000101 ], [ 6.199722290000125, 46.066505433000145 ], [ 6.211330891000046, 46.066413879000038 ], [ 6.218146800000113, 46.070266724000192 ], [ 6.24684333800019, 46.063083650000067 ], [ 6.239233016000014, 46.058948516000044 ], [ 6.239460469000107, 46.05556488000002 ], [ 6.252367496000033, 46.033706666000171 ], [ 6.269401074000029, 46.027042389000087 ], [ 6.28349971800003, 46.030212402000075 ], [ 6.298164845000088, 46.0296516410001 ], [ 6.346093656000107, 46.005641938000167 ], [ 6.349925040000187, 45.991893769000114 ], [ 6.328392506000114, 45.972400666000055 ], [ 6.344293117000063, 45.950096130000077 ], [ 6.33371067000013, 45.93707656800018 ], [ 6.350371838000058, 45.927471160000152 ], [ 6.372689724000111, 45.937797547000059 ], [ 6.386482238000156, 45.940456391000112 ], [ 6.401663780000035, 45.932746887000121 ], [ 6.408747197000025, 45.941589357000055 ], [ 6.404833316000122, 45.947658539000088 ], [ 6.418800830000123, 45.969715120000103 ], [ 6.458708763000118, 45.999195099000076 ], [ 6.490951061000146, 45.981456757000046 ], [ 6.505641460000163, 45.978858948000095 ], [ 6.52522134700007, 45.981773377000138 ], [ 6.53916835800004, 45.963619232000042 ], [ 6.555762291000178, 45.955780029000039 ], [ 6.540281773000061, 45.943553924000184 ], [ 6.530834675000165, 45.924587250000116 ], [ 6.515453815000114, 45.915924072000053 ], [ 6.495368003000181, 45.891029358000139 ], [ 6.471837998000126, 45.88429260200013 ], [ 6.459298133, 45.864837648000162 ], [ 6.45075655, 45.861324311000033 ], [ 6.454177856000115, 45.855396271000131 ], [ 6.445067883000149, 45.844821930000194 ], [ 6.449741363000157, 45.839530944999979 ], [ 6.444190025000182, 45.831382752000195 ], [ 6.43215608600002, 45.820339203000117 ], [ 6.424559117000058, 45.803855895000027 ], [ 6.363309383000171, 45.767951965000066 ], [ 6.37463522000013, 45.762775420000139 ], [ 6.370441914000082, 45.752933502000076 ], [ 6.347676277, 45.737171173000036 ], [ 6.352926254000181, 45.732265473000041 ], [ 6.346179485000164, 45.723712922000175 ], [ 6.327378274000182, 45.692913056000123 ], [ 6.307948589000091, 45.692962646000183 ], [ 6.280291557000055, 45.684822082000039 ], [ 6.260635376000039, 45.686649323000154 ], [ 6.258115291000138, 45.683593750000171 ], [ 6.243764878000036, 45.685115813999971 ], [ 6.229750156000023, 45.682708741000056 ], [ 6.231654168000034, 45.702758790000132 ], [ 6.214292049999983, 45.708988190000071 ], [ 6.212643623000133, 45.702537537000069 ], [ 6.200252057000171, 45.698661804000096 ], [ 6.196181298000056, 45.692768097000112 ], [ 6.18993425300016, 45.700839996000184 ], [ 6.191921234000176, 45.720115661000136 ], [ 6.195548059000146, 45.732330323000042 ] ] ] } },
{ "type": "Feature", "properties": { "country": "Luxembourg", "name": "Schengen", "type": "Commune", "count": 1, "first_date": "2025-08-21", "last_date": "2025-08-21" }, "geometry": { "type": "Polygon", "coordinates": [ [ [ 6.333777428000133, 49.466892242000142 ], [ 6.319860934000133, 49.477096558000142 ], [ 6.295624733000068, 49.481716157 ], [ 6.299231052000096, 49.488212586000088 ], [ 6.289471627000012, 49.486965180000084 ], [ 6.27977705100011, 49.495841979000147 ], [ 6.290386678000175, 49.499088288000053 ], [ 6.292638301000011, 49.506553651 ], [ 6.295171737000032, 49.509010316000172 ], [ 6.312238217000129, 49.517047883000032 ], [ 6.320445537000069, 49.517993927000134 ], [ 6.321134091000033, 49.52216720500013 ], [ 6.328638553000133, 49.526092528999982 ], [ 6.336703301, 49.533500671000127 ], [ 6.34189176600006, 49.540718079000044 ], [ 6.357690812000044, 49.532749176000038 ], [ 6.357519149000154, 49.527954101000034 ], [ 6.36752033200014, 49.502731324000194 ], [ 6.367063999000152, 49.495677949000026 ], [ 6.36883401900019, 49.488479614000141 ], [ 6.367083549000142, 49.469512940000072 ], [ 6.371405124000034, 49.468616486000144 ], [ 6.372303963999968, 49.46646118200016 ], [ 6.367599011000152, 49.466537476000099 ], [ 6.368856907000122, 49.459819794000111 ], [ 6.36439085100011, 49.459484100000054 ], [ 6.351247787000148, 49.467037202000029 ], [ 6.347110271000076, 49.466026307000163 ], [ 6.343425751000041, 49.468379975000062 ], [ 6.333777428000133, 49.466892242000142 ] ] ] } },
{ "type": "Feature", "properties": { "country": "Belgium", "name": "Liège", "type": "Arrondissement", "count": 1, "first_date": "2025-09-06", "last_date": "2025-09-06" }, "geometry": { "type": "Polygon", "coordinates": [ [ [ 5.548409939000067, 50.472866059000125 ], [ 5.550945758000182, 50.475666046000072 ], [ 5.551812649000055, 50.480209351000042 ], [ 5.551568032000148, 50.487339020000093 ], [ 5.548939704000134, 50.491336822000108 ], [ 5.54896164000013, 50.494186401000093 ], [ 5.506665231000056, 50.51348114000001 ], [ 5.502974033000157, 50.518447875 ], [ 5.487773895000146, 50.517974853000112 ], [ 5.47300148100004, 50.515411378000067 ], [ 5.465229989000022, 50.520515442000089 ], [ 5.455741882000041, 50.523551941999983 ], [ 5.442758084000104, 50.524814606 ], [ 5.43752336600005, 50.52788543700018 ], [ 5.432193279000046, 50.53262710700011 ], [ 5.432957172000101, 50.551101685000162 ], [ 5.437351228000011, 50.55990600500013 ], [ 5.430535316000089, 50.563140869000108 ], [ 5.423699378000038, 50.570407867000085 ], [ 5.394825934999972, 50.58931732100001 ], [ 5.393887996000103, 50.594470978 ], [ 5.38719415700001, 50.598178864000033 ], [ 5.386187077000045, 50.605728150000118 ], [ 5.370156764000171, 50.611042024000142 ], [ 5.358876705000057, 50.621540071000027 ], [ 5.368169308, 50.633892060000164 ], [ 5.378925800000047, 50.634174348000101 ], [ 5.391966342999979, 50.631717683000147 ], [ 5.415931702000023, 50.638904572000115 ], [ 5.425534249000066, 50.640148163000106 ], [ 5.439027786, 50.645221711000147 ], [ 5.451369762000127, 50.655609132000109 ], [ 5.44558572800014, 50.659557342000085 ], [ 5.428907872000082, 50.682605745000103 ], [ 5.428423882000175, 50.692653656000061 ], [ 5.432215690000021, 50.698688508000032 ], [ 5.433655262000116, 50.708545685000047 ], [ 5.435894012000063, 50.71266555800014 ], [ 5.453912734000085, 50.715221406000182 ], [ 5.469120026000098, 50.723819733000084 ], [ 5.494567871000072, 50.725944518000119 ], [ 5.500510692000034, 50.731636047000052 ], [ 5.532261848000076, 50.739681244000053 ], [ 5.533227920000058, 50.746509552000134 ], [ 5.538217067000119, 50.754978181000126 ], [ 5.552254200000107, 50.762077331000114 ], [ 5.567357062000042, 50.762435913000104 ], [ 5.621693611000182, 50.772727966000161 ], [ 5.638574124000058, 50.779163362000077 ], [ 5.680764674000159, 50.805870056000174 ], [ 5.690980435000142, 50.809234619000108 ], [ 5.701066970000113, 50.805370330000073 ], [ 5.705244064000055, 50.785938262 ], [ 5.691102028000159, 50.761138917000096 ], [ 5.693084716000101, 50.755371094000054 ], [ 5.701759815000116, 50.743434905000186 ], [ 5.706450940000082, 50.741199493000181 ], [ 5.715004921, 50.740638734000015 ], [ 5.739517689000138, 50.744976045000158 ], [ 5.765116692, 50.738010406000171 ], [ 5.784869195000169, 50.735923768000191 ], [ 5.794776439000145, 50.729869842000028 ], [ 5.805293559000063, 50.717987060000041 ], [ 5.806283473000065, 50.714759827000137 ], [ 5.805972576000045, 50.709014892000027 ], [ 5.794897080000055, 50.70161056500018 ], [ 5.793346405000079, 50.696994782000047 ], [ 5.771754742000155, 50.697368622000113 ], [ 5.768088341000123, 50.695926667000094 ], [ 5.767639637000116, 50.692020416000048 ], [ 5.771060467000041, 50.685802460000048 ], [ 5.770369530000153, 50.682247163000113 ], [ 5.765301705000127, 50.676315308000028 ], [ 5.750016212000105, 50.66678619400011 ], [ 5.747567177000064, 50.662994386000094 ], [ 5.760903359000167, 50.65814971900005 ], [ 5.769708157000025, 50.650962830000083 ], [ 5.768426894000186, 50.612087250000116 ], [ 5.764472961000138, 50.605175019000058 ], [ 5.763618469000107, 50.59902572600015 ], [ 5.753812790000154, 50.599540710000099 ], [ 5.727056026000184, 50.605613709000124 ], [ 5.717914105000034, 50.610298157000159 ], [ 5.711833955000031, 50.61055374100016 ], [ 5.699767589000146, 50.606784822000122 ], [ 5.698438645000124, 50.594554901000151 ], [ 5.707992077000142, 50.594196320000037 ], [ 5.711070061000044, 50.592216492000034 ], [ 5.711009026000056, 50.58216857900004 ], [ 5.706595422000134, 50.575393676000033 ], [ 5.706281662000094, 50.569751739000139 ], [ 5.708312512000077, 50.567481995000094 ], [ 5.717777728000044, 50.564350128000058 ], [ 5.72562313100002, 50.564418792000026 ], [ 5.734168529000044, 50.567169190000072 ], [ 5.736210347000053, 50.569355010999971 ], [ 5.738063812, 50.57674026400008 ], [ 5.751007558000026, 50.582069396000122 ], [ 5.77590704, 50.579998017000037 ], [ 5.774916648000158, 50.56324768200011 ], [ 5.771473885000091, 50.558601379000038 ], [ 5.769578933000162, 50.551063538000108 ], [ 5.766007423000076, 50.547031402000073 ], [ 5.765419006000172, 50.533634187000132 ], [ 5.766559602000029, 50.528610229000094 ], [ 5.776680469000155, 50.516304017000095 ], [ 5.777566910000019, 50.512699128000179 ], [ 5.772078990000182, 50.501857758000028 ], [ 5.765017032000117, 50.496425628000168 ], [ 5.760268212000142, 50.488368988000047 ], [ 5.759495736000133, 50.478004455000189 ], [ 5.770469190000028, 50.469581605000144 ], [ 5.790030002000037, 50.448627473000101 ], [ 5.809421063000173, 50.436965942000086 ], [ 5.808791161000102, 50.433677673000034 ], [ 5.803644657000063, 50.431488038000168 ], [ 5.788714410000125, 50.431842804000041 ], [ 5.776816845000042, 50.43524551400003 ], [ 5.76007652300018, 50.44278335700011 ], [ 5.746901035000178, 50.442977906000124 ], [ 5.730196953000075, 50.433620453000117 ], [ 5.720070838000026, 50.431930543000078 ], [ 5.715169429000127, 50.426776887000187 ], [ 5.712958813, 50.415897370000152 ], [ 5.709337235000021, 50.410564422000164 ], [ 5.708350182000174, 50.396980286000087 ], [ 5.668599128999972, 50.39840316700014 ], [ 5.653660297000101, 50.407840729000156 ], [ 5.637286664000101, 50.430004121000195 ], [ 5.635951042000045, 50.437599182000042 ], [ 5.632737160999966, 50.443008423000094 ], [ 5.63271522500014, 50.456451417000153 ], [ 5.610985279000033, 50.456039428000111 ], [ 5.588953019000144, 50.462051392000149 ], [ 5.574716092000187, 50.459709168000131 ], [ 5.546674251000184, 50.460018157000036 ], [ 5.548409939000067, 50.472866059000125 ] ] ] } },
{ "type": "Feature", "properties": { "country": "Netherlands", "name": null, "type": null, "count": 1, "first_date": "2023-11-26", "last_date": "2023-11-26" }, "geometry": { "type": "Polygon", "coordinates": [ [ [ 4.889126778000104, 51.81659698500016 ], [ 4.863097191000122, 51.80300521900017 ], [ 4.850043774000028, 51.799346924000076 ], [ 4.825302125000064, 51.799217224000188 ], [ 4.820962907000023, 51.797397613000044 ], [ 4.810760974000118, 51.798240662000069 ], [ 4.786074162000148, 51.794509888000107 ], [ 4.774499892000108, 51.789955139000085 ], [ 4.757269860000065, 51.778640747000054 ], [ 4.751831055000082, 51.765209198000093 ], [ 4.7470183370001, 51.759273529000097 ], [ 4.709156037000184, 51.737373353000123 ], [ 4.680552960000114, 51.724842071000126 ], [ 4.629316239000104, 51.715461883999978 ], [ 4.628738000000112, 51.723488 ], [ 4.631545970000104, 51.728893 ], [ 4.630094102000101, 51.728882000000169 ], [ 4.632836000000111, 51.737881 ], [ 4.634028001000047, 51.752251000000172 ], [ 4.629517078000106, 51.760334014000136 ], [ 4.630560959000093, 51.782749050000064 ], [ 4.624396, 51.801556000000119 ], [ 4.634568215000172, 51.802524566000102 ], [ 4.643251897000141, 51.805278778000115 ], [ 4.666288854000072, 51.819797515000118 ], [ 4.674994945000037, 51.821651460000112 ], [ 4.689569950000077, 51.820850372000109 ], [ 4.711368084000128, 51.823684692000143 ], [ 4.753624916000092, 51.822147370000152 ], [ 4.768269062000115, 51.816848755000194 ], [ 4.782855034000079, 51.815139770000144 ], [ 4.814834117000089, 51.818908691000104 ], [ 4.845398902000113, 51.819969178 ], [ 4.876000881000039, 51.818328857000097 ], [ 4.887639046000061, 51.819282531000169 ], [ 4.889126778000104, 51.81659698500016 ] ] ] } },
{ "type": "Feature", "properties": { "country": "Netherlands", "name": null, "type": null, "count": 1, "first_date": "2023-11-26", "last_date": "2023-11-26" }, "geometry": { "type": "Polygon", "coordinates": [ [ [ 3.866487944000141, 51.541664047000154 ], [ 3.861996, 51.543217 ], [ 3.864631793000115, 51.544169482000029 ], [ 3.853250980000041, 51.544895171000121 ], [ 3.836918115000174, 51.55634308000009 ], [ 3.825339999000164, 51.556183 ], [ 3.815303494000091, 51.553346075000036 ], [ 3.803926198000056, 51.547802078000075 ], [ 3.784984, 51.551124999000081 ], [ 3.77473699900014, 51.554564999000149 ], [ 3.760216000000128, 51.5552599990001 ], [ 3.735921, 51.546825 ], [ 3.714630999000065, 51.535740000000146 ], [ 3.706299067000032, 51.526634216000105 ], [ 3.703441000000112, 51.525696 ], [ 3.700478, 51.527447 ], [ 3.697308081000074, 51.534580191000032 ], [ 3.701370922000081, 51.541824136000173 ], [ 3.698260145000177, 51.547171717000026 ], [ 3.689237137000021, 51.556011180000155 ], [ 3.699018979000073, 51.565135982000015 ], [ 3.698951001000125, 51.566928930000074 ], [ 3.689168929000061, 51.557804108000028 ], [ 3.686274051000169, 51.557762146000073 ], [ 3.652451999, 51.570713000000183 ], [ 3.643193999000118, 51.584938001000012 ], [ 3.643121, 51.586731000000157 ], [ 3.646017902000096, 51.586776999000165 ], [ 3.644498144000124, 51.588550834000102 ], [ 3.634433000000115, 51.586597000999973 ], [ 3.633057257000019, 51.588195702000178 ], [ 3.639722999000185, 51.58986300000015 ], [ 3.658610001000056, 51.590693999000052 ], [ 3.659166000000141, 51.593192999000053 ], [ 3.681388, 51.59903 ], [ 3.690525, 51.597332000000108 ], [ 3.699181, 51.598358 ], [ 3.708010000000115, 51.594898000000171 ], [ 3.719598, 51.595070000000192 ], [ 3.721184000000164, 51.591503000000102 ], [ 3.722631, 51.591522 ], [ 3.745603000000187, 51.597248 ], [ 3.758639000000187, 51.597435000000132 ], [ 3.76146800000015, 51.599274 ], [ 3.774573000000146, 51.597664 ], [ 3.780200001000082, 51.60223400000018 ], [ 3.794688, 51.602440000000172 ], [ 3.798934, 51.605193999000051 ], [ 3.810526, 51.605354 ], [ 3.820764, 51.602806 ], [ 3.835154000000159, 51.605698 ], [ 3.841046, 51.603085 ], [ 3.849706999000148, 51.604103 ], [ 3.851220000000183, 51.602325 ], [ 3.86142400000017, 51.600669999000161 ], [ 3.873325, 51.591854000000183 ], [ 3.879431, 51.582958 ], [ 3.892837000000156, 51.572361000000114 ], [ 3.892960000000187, 51.568771 ], [ 3.89890400000013, 51.564361999000027 ], [ 3.897580000000175, 51.560753001000194 ], [ 3.8933, 51.558899 ], [ 3.873163000000147, 51.555038000000138 ], [ 3.864763, 51.546844000000192 ], [ 3.86485799899998, 51.54415503600012 ], [ 3.867750889999968, 51.544192998000028 ], [ 3.866487944000141, 51.541664047000154 ] ] ] } },
{ "type": "Feature", "properties": { "country": "Netherlands", "name": null, "type": null, "count": 1, "first_date": "2023-11-26", "last_date": "2023-11-26" }, "geometry": { "type": "Polygon", "coordinates": [ [ [ 6.946471214000098, 52.99362182700014 ], [ 6.871757983000123, 53.041191101000152 ], [ 6.87481021900004, 53.042949676000092 ], [ 6.877746106000018, 53.041118622999988 ], [ 6.891390800000124, 53.046344758000146 ], [ 6.908898831000045, 53.032672882000099 ], [ 6.913447857000051, 53.034412384000177 ], [ 6.918088914000066, 53.038845062000121 ], [ 6.945870876000129, 53.019657135000102 ], [ 6.9666252130001, 53.014015198000038 ], [ 6.997813225000073, 53.049526215000014 ], [ 7.00099897400014, 53.054870605000076 ], [ 7.003992081999968, 53.054832458000021 ], [ 7.021140098000046, 53.073459626000101 ], [ 7.024065972000187, 53.069824218000065 ], [ 7.025728225000137, 53.071586608000189 ], [ 7.030800820000024, 53.071472168000128 ], [ 7.047898769000085, 53.064632415000062 ], [ 7.09010887200003, 53.06508636600006 ], [ 7.102097034000167, 53.060222626000154 ], [ 7.097443104000035, 53.049457551000046 ], [ 7.088679790000072, 53.048870086000193 ], [ 7.084911824000073, 53.046260834000122 ], [ 7.086305141000139, 53.042583466000167 ], [ 7.087964057000079, 53.041625977000081 ], [ 7.102197171, 53.043025969999974 ], [ 7.108866214000159, 53.039203643000178 ], [ 7.100526810000076, 53.02758789100011 ], [ 7.10186719800015, 53.023895264000032 ], [ 7.120745183000111, 53.01879119900002 ], [ 7.121973037999965, 53.014175415000068 ], [ 7.088650226000084, 53.00222396800018 ], [ 7.080438136999987, 52.949638366000045 ], [ 7.072933197000054, 52.947914123000089 ], [ 7.068427086000156, 52.926651002000028 ], [ 7.036570071000142, 52.925842286000034 ], [ 7.029811859000176, 52.92160034200009 ], [ 7.027217865000125, 52.918216706000067 ], [ 7.027153970000086, 52.915534973000149 ], [ 7.016479015000129, 52.923656464000032 ], [ 6.980611801000066, 52.963840484000059 ], [ 6.946471214000098, 52.99362182700014 ] ] ] } },
{ "type": "Feature", "properties": { "country": "Netherlands", "name": null, "type": null, "count": 1, "first_date": "2023-11-26", "last_date": "2023-11-26" }, "geometry": { "type": "Polygon", "coordinates": [ [ [ 7.209295272000077, 53.00024414000012 ], [ 7.181570052999973, 52.941303253000058 ], [ 7.104655742000148, 52.864181519000169 ], [ 7.087323666000145, 52.849929809000116 ], [ 7.092342854000094, 52.83896255500008 ], [ 7.078419209000117, 52.839084626000158 ], [ 7.076990128000091, 52.845149995000099 ], [ 7.080392837000147, 52.84930801500019 ], [ 7.073893070000167, 52.847774506000064 ], [ 7.06799221100016, 52.851303101000099 ], [ 7.049993992000168, 52.865200041999969 ], [ 7.047445773000106, 52.86442947400019 ], [ 7.043927193000115, 52.871139526000093 ], [ 7.021718980000173, 52.87205123800004 ], [ 7.041859149000061, 52.911540985999977 ], [ 7.027153970000086, 52.915534973000149 ], [ 7.027217865000125, 52.918216706000067 ], [ 7.036570071000142, 52.925842286000034 ], [ 7.068427086000156, 52.926651002000028 ], [ 7.072933197000054, 52.947914123000089 ], [ 7.080438136999987, 52.949638366000045 ], [ 7.088650226000084, 53.00222396800018 ], [ 7.121973037999965, 53.014175415000068 ], [ 7.120745183000111, 53.01879119900002 ], [ 7.10186719800015, 53.023895264000032 ], [ 7.100526810000076, 53.02758789100011 ], [ 7.108866214000159, 53.039203643000178 ], [ 7.102197171, 53.043025969999974 ], [ 7.087964057000079, 53.041625977000081 ], [ 7.086305141000139, 53.042583466000167 ], [ 7.084911824000073, 53.046260834000122 ], [ 7.088679790000072, 53.048870086000193 ], [ 7.097443104000035, 53.049457551000046 ], [ 7.102097034000167, 53.060222626000154 ], [ 7.09010887200003, 53.06508636600006 ], [ 7.047898769000085, 53.064632415000062 ], [ 7.030800820000024, 53.071472168000128 ], [ 7.025728225000137, 53.071586608000189 ], [ 7.050753116000124, 53.095977784000013 ], [ 7.058170796000127, 53.101078033000078 ], [ 7.042134762000046, 53.107879639000089 ], [ 7.036804199000187, 53.112613678000173 ], [ 7.042363167000019, 53.115062713000043 ], [ 7.046011926000062, 53.114894868000079 ], [ 7.04980516400019, 53.119220733000191 ], [ 7.068369866000069, 53.129188537000175 ], [ 7.102649212000188, 53.141178132000164 ], [ 7.109829904000151, 53.142585755000027 ], [ 7.128013134000071, 53.140048981000064 ], [ 7.13351488100011, 53.14070510900018 ], [ 7.146481036000068, 53.144599915000072 ], [ 7.176539897000168, 53.149597169000174 ], [ 7.182367801000112, 53.155620576 ], [ 7.189262866000092, 53.153316498000152 ], [ 7.189631463000126, 53.148025513000164 ], [ 7.182947158000161, 53.140010834000066 ], [ 7.178937912000094, 53.138568879 ], [ 7.179950237000071, 53.131446838000045 ], [ 7.181794166000145, 53.126487733000147 ], [ 7.18572664300018, 53.124191283000016 ], [ 7.182865144000118, 53.121707917000094 ], [ 7.202794552000114, 53.113281250000171 ], [ 7.199254989000053, 53.081020355000135 ], [ 7.212802409000119, 53.010959625000055 ], [ 7.21728134100016, 53.006984711000143 ], [ 7.209295272000077, 53.00024414000012 ] ] ] } },
{ "type": "Feature", "properties": { "country": "Italy", "name": "Dorgali", "type": "Commune", "count": 2, "first_date": "2026-04-20", "last_date": "2026-04-23" }, "geometry": { "type": "Polygon", "coordinates": [ [ [ 9.678750992000118, 40.332210541000052 ], [ 9.677639007000039, 40.330139161000091 ], [ 9.673192024000059, 40.331249238 ], [ 9.675972939000189, 40.32930374200015 ], [ 9.677639007000039, 40.324859619000051 ], [ 9.671250343000054, 40.325141907000159 ], [ 9.670138357999974, 40.321804048000104 ], [ 9.666250227999967, 40.320419313000059 ], [ 9.660971641000117, 40.308750153000176 ], [ 9.65541744300009, 40.301528930000131 ], [ 9.645973206, 40.293472290000182 ], [ 9.639862062000134, 40.283195496000076 ], [ 9.636805534000189, 40.283195496000076 ], [ 9.635417938000103, 40.278472900000111 ], [ 9.633191109000165, 40.277919769000107 ], [ 9.63124942800016, 40.274860383000089 ], [ 9.629304887000103, 40.265972137000063 ], [ 9.625970841000139, 40.260692597000059 ], [ 9.623748779000152, 40.247917176000044 ], [ 9.623194694, 40.237361908000139 ], [ 9.625418663000119, 40.235416412000063 ], [ 9.626526832000025, 40.225158692000093 ], [ 9.598286629000143, 40.217048644000158 ], [ 9.587553023000055, 40.208335876000149 ], [ 9.577462196000113, 40.196125031000122 ], [ 9.5775232310001, 40.192234039000027 ], [ 9.55519294700008, 40.199737548000144 ], [ 9.526927947000161, 40.219665527000075 ], [ 9.520172118000119, 40.213802337000061 ], [ 9.520326614999988, 40.197269440000184 ], [ 9.516613006000171, 40.190853119000167 ], [ 9.51106452900018, 40.187328339000032 ], [ 9.484862328000133, 40.210918427000024 ], [ 9.490510941000082, 40.238166809000177 ], [ 9.503972054000144, 40.273235322000176 ], [ 9.507527351000078, 40.27674484400012 ], [ 9.518104554000104, 40.2818756100001 ], [ 9.528474807000066, 40.29186630300012 ], [ 9.529063225000073, 40.294818878000058 ], [ 9.525361061000183, 40.309024811000143 ], [ 9.518845558000123, 40.314159394000171 ], [ 9.501317977000042, 40.334293366000168 ], [ 9.498992921000024, 40.349464416999979 ], [ 9.500193597000077, 40.358989715000121 ], [ 9.503589631000011, 40.369022370000039 ], [ 9.444443702000058, 40.376850128000058 ], [ 9.418111801000123, 40.376018524000187 ], [ 9.413894653000057, 40.378025055000194 ], [ 9.412679671000092, 40.3836059570001 ], [ 9.432136535000041, 40.403049470000155 ], [ 9.437435151000045, 40.40421676700015 ], [ 9.467067718000067, 40.403472900000168 ], [ 9.472584724000171, 40.398666382000044 ], [ 9.489134789000047, 40.389839172999984 ], [ 9.496003151000082, 40.389656067000146 ], [ 9.501546860000019, 40.393470764000028 ], [ 9.524392128000045, 40.390560150000056 ], [ 9.525849342000186, 40.385471344 ], [ 9.529545785000039, 40.380733489000136 ], [ 9.55612278000018, 40.375068664000139 ], [ 9.564654350000126, 40.375423431000058 ], [ 9.573881150000091, 40.36199188300003 ], [ 9.585203171000103, 40.355636596000068 ], [ 9.630390168000133, 40.345886231000065 ], [ 9.645281791000116, 40.344432831000063 ], [ 9.645985604000145, 40.340450287000067 ], [ 9.654422759000056, 40.333904267000037 ], [ 9.662260056000036, 40.337219238000159 ], [ 9.678750992000118, 40.332210541000052 ] ] ] } },
{ "type": "Feature", "properties": { "country": "Italy", "name": "Albagiara", "type": "Commune", "count": 2, "first_date": "2026-04-26", "last_date": "2026-04-28" }, "geometry": { "type": "Polygon", "coordinates": [ [ [ 8.887433051000073, 39.79338073700012 ], [ 8.88760471400019, 39.78845214800009 ], [ 8.872139932000152, 39.776966095000148 ], [ 8.86209869400011, 39.7765197760001 ], [ 8.854314804000182, 39.78003311100008 ], [ 8.871327401000144, 39.806129456000065 ], [ 8.873221398000055, 39.811519624000141 ], [ 8.877189636000139, 39.833003997999981 ], [ 8.87425136600001, 39.835891723000088 ], [ 8.873712540000042, 39.842857362000132 ], [ 8.887466430000131, 39.830879211000138 ], [ 8.887461662000078, 39.818481445000032 ], [ 8.886405945000035, 39.814399719000164 ], [ 8.881568909, 39.807952882000109 ], [ 8.881831169000066, 39.79807662900015 ], [ 8.887433051000073, 39.79338073700012 ] ] ] } },
{ "type": "Feature", "properties": { "country": "Italy", "name": "Gonnosnò", "type": "Commune", "count": 1, "first_date": "2026-04-26", "last_date": "2026-04-26" }, "geometry": { "type": "Polygon", "coordinates": [ [ [ 8.88760471400019, 39.78845214800009 ], [ 8.893967628000155, 39.773979187000123 ], [ 8.886211396000022, 39.748291016000167 ], [ 8.886593819000097, 39.742507935000106 ], [ 8.87581062400011, 39.735595704000104 ], [ 8.866391182000029, 39.737045289000037 ], [ 8.852720260000069, 39.745048524000083 ], [ 8.846038819000114, 39.762733460000163 ], [ 8.850525856000047, 39.777309418000016 ], [ 8.854314804000182, 39.78003311100008 ], [ 8.86209869400011, 39.7765197760001 ], [ 8.872139932000152, 39.776966095000148 ], [ 8.88760471400019, 39.78845214800009 ] ] ] } },
{ "type": "Feature", "properties": { "country": "Italy", "name": "Usellus", "type": "Commune", "count": 2, "first_date": "2026-04-26", "last_date": "2026-04-28" }, "geometry": { "type": "Polygon", "coordinates": [ [ [ 8.873712540000042, 39.842857362000132 ], [ 8.87425136600001, 39.835891723000088 ], [ 8.877189636000139, 39.833003997999981 ], [ 8.873221398000055, 39.811519624000141 ], [ 8.871327401000144, 39.806129456000065 ], [ 8.854314804000182, 39.78003311100008 ], [ 8.841925621000144, 39.789920807000158 ], [ 8.838164330000041, 39.805530548000036 ], [ 8.825689315000034, 39.819000244000051 ], [ 8.79860782600008, 39.826377870000101 ], [ 8.785236359000123, 39.835437775 ], [ 8.78670597100006, 39.843601227000079 ], [ 8.793379784000024, 39.847534179000093 ], [ 8.806352614000161, 39.848049163000042 ], [ 8.813152313000103, 39.853839874000187 ], [ 8.835547447000181, 39.85969924900013 ], [ 8.843514443000174, 39.856945038000106 ], [ 8.855341912000085, 39.84710311900011 ], [ 8.873712540000042, 39.842857362000132 ] ] ] } },
{ "type": "Feature", "properties": { "country": "Italy", "name": "Arzachena", "type": "Commune", "count": 2, "first_date": "2026-04-29", "last_date": "2026-05-01" }, "geometry": { "type": "MultiPolygon", "coordinates": [ [ [ [ 9.495263, 41.056152 ], [ 9.471227000000113, 41.053082 ], [ 9.446341000000189, 41.059414000000118 ], [ 9.424349, 41.059353 ], [ 9.39906, 41.047573 ], [ 9.3642660000001, 41.036167 ], [ 9.353864000000101, 41.035236000000168 ], [ 9.349018006000051, 41.02106099000008 ], [ 9.337093000000152, 41.014854 ], [ 9.279641, 41.02051200000011 ], [ 9.282761095000012, 41.02998911200018 ], [ 9.290722909000124, 41.038978900000075 ], [ 9.294409752000092, 41.05999374400011 ], [ 9.294302939000033, 41.065265656000065 ], [ 9.28772926400012, 41.072574616000111 ], [ 9.285760879000065, 41.077030182000044 ], [ 9.287254, 41.083828 ], [ 9.292398, 41.097328000000118 ], [ 9.296878999, 41.100910000000169 ], [ 9.30069117000005, 41.101432886000111 ], [ 9.305508000000145, 41.115398 ], [ 9.306872, 41.132023000000174 ], [ 9.308615, 41.137993000000165 ], [ 9.312512, 41.143204 ], [ 9.325825, 41.141338000000133 ], [ 9.330251000000146, 41.128246000000161 ], [ 9.337814, 41.12780400000014 ], [ 9.343682000000172, 41.138287000000105 ], [ 9.357126000000164, 41.145725 ], [ 9.372365000000173, 41.145397 ], [ 9.373187000000144, 41.143303 ], [ 9.386288, 41.146305 ], [ 9.391927000000123, 41.148701 ], [ 9.394434000000103, 41.153431000000126 ], [ 9.403194000000155, 41.157940000000167 ], [ 9.41903, 41.155140000000131 ], [ 9.42958, 41.156250000000114 ], [ 9.429585, 41.152363 ], [ 9.432639000000165, 41.152084 ], [ 9.43319, 41.147362000000157 ], [ 9.42875, 41.144859000000167 ], [ 9.432639000000165, 41.140141 ], [ 9.436249, 41.140694000000167 ], [ 9.436249, 41.132637 ], [ 9.442359, 41.135418 ], [ 9.445693, 41.134583 ], [ 9.442081000000144, 41.130699 ], [ 9.443191000000127, 41.128471000000104 ], [ 9.439583, 41.126804 ], [ 9.441249, 41.12125 ], [ 9.440139, 41.113190000000145 ], [ 9.441527000000121, 41.110138 ], [ 9.443749000000139, 41.109306000000117 ], [ 9.441249, 41.106251000000157 ], [ 9.440971000000161, 41.098469000000193 ], [ 9.44514, 41.09486 ], [ 9.445693, 41.096249000000171 ], [ 9.44181, 41.098751 ], [ 9.442920000000129, 41.102089 ], [ 9.449582000000134, 41.10125 ], [ 9.449582000000134, 41.108471000000122 ], [ 9.453192, 41.108471000000122 ], [ 9.45486, 41.113750000000152 ], [ 9.45819, 41.115700000000174 ], [ 9.464027000000158, 41.115696000000185 ], [ 9.461529, 41.118752 ], [ 9.462639, 41.123749 ], [ 9.46625100000017, 41.126526000000126 ], [ 9.471806, 41.125416 ], [ 9.471249000000171, 41.127922000000126 ], [ 9.46792, 41.129307000000153 ], [ 9.473194000000149, 41.132084 ], [ 9.473191, 41.133751000000188 ], [ 9.464309, 41.135971000000154 ], [ 9.464861, 41.140694000000167 ], [ 9.466805, 41.142639000000145 ], [ 9.472640000000126, 41.141251 ], [ 9.475970000000132, 41.144028000000162 ], [ 9.479028, 41.140415000000189 ], [ 9.481528000000139, 41.140415000000189 ], [ 9.482638000000122, 41.144028000000162 ], [ 9.487080000000105, 41.146526 ], [ 9.488195000000189, 41.144585 ], [ 9.493471000000113, 41.142921 ], [ 9.503189000000191, 41.144859000000167 ], [ 9.511807, 41.140141 ], [ 9.512917, 41.142361 ], [ 9.518471, 41.143749000000128 ], [ 9.51597100000015, 41.147915 ], [ 9.509306, 41.150417000000118 ], [ 9.50986, 41.151527000000158 ], [ 9.515419000000122, 41.151249 ], [ 9.516529000000105, 41.15403 ], [ 9.514305000000149, 41.15597200000019 ], [ 9.527362, 41.156807000000185 ], [ 9.531528, 41.151527000000158 ], [ 9.528472, 41.146526 ], [ 9.52514, 41.145695 ], [ 9.530416, 41.145695 ], [ 9.538751, 41.139027 ], [ 9.537916000000109, 41.137360000000172 ], [ 9.536528, 41.138474000000144 ], [ 9.530420000000163, 41.137920000000122 ], [ 9.530692000000101, 41.135689000000127 ], [ 9.527638, 41.133472000000154 ], [ 9.529862, 41.134583 ], [ 9.536528, 41.133472000000154 ], [ 9.53819, 41.136810000000139 ], [ 9.539861, 41.136806000000149 ], [ 9.544581000000164, 41.135418 ], [ 9.546527, 41.132362000000171 ], [ 9.544861, 41.12764 ], [ 9.542361, 41.127083 ], [ 9.537916000000109, 41.122360000000185 ], [ 9.54036200000013, 41.120972000000108 ], [ 9.539861, 41.11652800000013 ], [ 9.541529, 41.115417 ], [ 9.540417, 41.114307 ], [ 9.543749, 41.114582 ], [ 9.546251000000154, 41.109859 ], [ 9.551249000000155, 41.117363000000125 ], [ 9.55708200000015, 41.119862000000126 ], [ 9.560416000000146, 41.118195000000185 ], [ 9.560138, 41.120415 ], [ 9.561806, 41.120415 ], [ 9.567083, 41.116249000000153 ], [ 9.568471000000102, 41.110699000000125 ], [ 9.569859, 41.110416000000157 ], [ 9.568751000000191, 41.106804 ], [ 9.56347, 41.103752000000156 ], [ 9.56375, 41.10236 ], [ 9.570973, 41.103474 ], [ 9.570139, 41.101532000000134 ], [ 9.572081, 41.099304000000188 ], [ 9.567639, 41.099583000000166 ], [ 9.565416, 41.098194000000149 ], [ 9.567083, 41.09486 ], [ 9.565138, 41.089863 ], [ 9.561809, 41.089027 ], [ 9.56375, 41.087360000000103 ], [ 9.563192000000129, 41.084862 ], [ 9.559582, 41.083752000000175 ], [ 9.560416000000146, 41.081806 ], [ 9.55264000000011, 41.079861000000108 ], [ 9.552362, 41.077641 ], [ 9.54792, 41.07958200000013 ], [ 9.546805000000177, 41.08208500000012 ], [ 9.542639, 41.081528 ], [ 9.542361, 41.08458300000018 ], [ 9.544861, 41.089584000000116 ], [ 9.540973, 41.089584000000116 ], [ 9.53736, 41.082638 ], [ 9.53347, 41.081249 ], [ 9.534580000000119, 41.07958200000013 ], [ 9.532640000000185, 41.07486 ], [ 9.52930600000019, 41.073471 ], [ 9.528191000000106, 41.069580000000144 ], [ 9.534580000000119, 41.064579 ], [ 9.539582000000109, 41.065693 ], [ 9.541251000000159, 41.064583 ], [ 9.539861, 41.05986 ], [ 9.532084000000168, 41.061527000000183 ], [ 9.53097200000019, 41.05875 ], [ 9.534582000000114, 41.057362000000182 ], [ 9.533750000000168, 41.054585 ], [ 9.52875, 41.056805000000111 ], [ 9.526528, 41.055756000000144 ], [ 9.495263, 41.056152 ] ] ], [ [ [ 9.573191, 41.127922000000126 ], [ 9.571251, 41.12569400000018 ], [ 9.567361000000119, 41.126251 ], [ 9.565141, 41.123749 ], [ 9.563194000000124, 41.125141 ], [ 9.56569, 41.127922000000126 ], [ 9.573191, 41.127922000000126 ] ] ], [ [ [ 9.568192000000124, 41.130142000000149 ], [ 9.565970000000107, 41.129581 ], [ 9.565695000000119, 41.130974 ], [ 9.568471000000102, 41.13208 ], [ 9.568192000000124, 41.130142000000149 ] ] ], [ [ [ 9.503194, 41.152084 ], [ 9.50042, 41.152363 ], [ 9.499862, 41.15347300000019 ], [ 9.504306, 41.153469 ], [ 9.503194, 41.152084 ] ] ], [ [ [ 9.574027001, 41.069305000000156 ], [ 9.579308001000129, 41.068198999 ], [ 9.578749000000187, 41.064030000000116 ], [ 9.580694001000097, 41.062637000000166 ], [ 9.576249, 41.060974 ], [ 9.56986099900007, 41.061249 ], [ 9.569305, 41.065692999000134 ], [ 9.572919, 41.065140000000156 ], [ 9.574581, 41.066250000000139 ], [ 9.574027001, 41.069305000000156 ] ] ], [ [ [ 9.588194, 41.070415000000139 ], [ 9.58875, 41.068199000000106 ], [ 9.579584000000182, 41.067638 ], [ 9.581528, 41.069584000000134 ], [ 9.58486, 41.068748 ], [ 9.585416, 41.071251 ], [ 9.588194, 41.070415000000139 ] ] ], [ [ [ 9.610694, 41.082359 ], [ 9.61014, 41.078472000000147 ], [ 9.605140000000119, 41.075142 ], [ 9.609584, 41.074585 ], [ 9.607081000000107, 41.071251 ], [ 9.604305000000124, 41.072083000000134 ], [ 9.602083000000107, 41.070694000000117 ], [ 9.600971000000129, 41.071529000000112 ], [ 9.602083000000107, 41.074028000000112 ], [ 9.599305000000129, 41.072918000000129 ], [ 9.596805, 41.07541700000013 ], [ 9.597361, 41.077362000000107 ], [ 9.601249, 41.076805 ], [ 9.603193, 41.080139 ], [ 9.607640000000174, 41.082359 ], [ 9.610694, 41.082359 ] ] ], [ [ [ 9.57069, 41.115417 ], [ 9.568751000000191, 41.115421 ], [ 9.567917, 41.117363000000125 ], [ 9.571251, 41.119026 ], [ 9.57069, 41.115417 ] ] ], [ [ [ 9.516529000000105, 41.165974000000176 ], [ 9.525969000000146, 41.16624800000011 ], [ 9.52875, 41.163471000000186 ], [ 9.524862, 41.16153 ], [ 9.516529000000105, 41.165974000000176 ] ] ] ] } },
{ "type": "Feature", "properties": { "country": "Netherlands", "name": null, "type": null, "count": 1, "first_date": "2023-11-26", "last_date": "2023-11-26" }, "geometry": { "type": "Polygon", "coordinates": [ [ [ 5.355244000000141, 52.400486 ], [ 5.350830078000115, 52.39599228000003 ], [ 5.343453885000088, 52.395088196000188 ], [ 5.306623935000118, 52.381584168000188 ], [ 5.384891032000155, 52.314311981000174 ], [ 5.355444907000162, 52.308933258000195 ], [ 5.337766171000055, 52.314300537000122 ], [ 5.321601869, 52.303512574000081 ], [ 5.303880216000039, 52.312473297000111 ], [ 5.244970798000168, 52.32941818300003 ], [ 5.227248192000161, 52.332088471000191 ], [ 5.224302769000076, 52.332080841000106 ], [ 5.22431278200014, 52.330287934000182 ], [ 5.22137022000004, 52.329383849000067 ], [ 5.211040973000081, 52.332950591000099 ], [ 5.209552766000115, 52.335639955000033 ], [ 5.19923782300009, 52.336517334000064 ], [ 5.188930989000141, 52.335594178000065 ], [ 5.159838199000149, 52.329067230000078 ], [ 5.152147771000102, 52.329223634000016 ], [ 5.149215221000134, 52.327419282000108 ], [ 5.147766113000159, 52.323825835999969 ], [ 5.143330097999979, 52.326507569000114 ], [ 5.149182797000094, 52.331909180000196 ], [ 5.137357235000081, 52.338161468000067 ], [ 5.132936955000105, 52.338146210000048 ], [ 5.137310981000155, 52.344444275000058 ], [ 5.137221814000156, 52.357009889000039 ], [ 5.135691165000082, 52.365081787000179 ], [ 5.126771927000163, 52.374931336000031 ], [ 5.126740933000065, 52.379417419000049 ], [ 5.132612228000141, 52.383026123000036 ], [ 5.160564900000111, 52.392971039000088 ], [ 5.164947986000072, 52.399265289000027 ], [ 5.228261948000011, 52.422744751000096 ], [ 5.213537215000031, 52.416431428000067 ], [ 5.228284836000171, 52.418254853000064 ], [ 5.232704163000164, 52.420059203000108 ], [ 5.237104892, 52.425453186000141 ], [ 5.262155000000178, 52.435371 ], [ 5.279921, 52.422832000000142 ], [ 5.355244000000141, 52.400486 ] ] ] } },
{ "type": "Feature", "properties": { "country": "Netherlands", "name": null, "type": null, "count": 1, "first_date": "2023-11-26", "last_date": "2023-11-26" }, "geometry": { "type": "Polygon", "coordinates": [ [ [ 4.854333878000091, 52.241909028 ], [ 4.857274056000165, 52.241924286000028 ], [ 4.86014318500014, 52.247322084000075 ], [ 4.871856212000182, 52.250972748000152 ], [ 4.873302937000062, 52.25277710000006 ], [ 4.877736092000134, 52.251003266000055 ], [ 4.885054112000091, 52.253730774000132 ], [ 4.901258945000166, 52.251113892000149 ], [ 4.905648232000146, 52.252929687000176 ], [ 4.914468766000084, 52.252971649000074 ], [ 4.920308112000043, 52.256587982999974 ], [ 4.921724796000035, 52.261081696000076 ], [ 4.927565097000183, 52.264698028000169 ], [ 4.931906223000169, 52.270088196000131 ], [ 4.928854942000044, 52.279964448000158 ], [ 4.937673091000022, 52.280902862000175 ], [ 4.94652891100003, 52.278247833000137 ], [ 4.971528999000157, 52.279251000000102 ], [ 4.972988128000168, 52.281959534 ], [ 4.98759899900017, 52.290084999000101 ], [ 5.000850001, 52.289242001000162 ], [ 5.005228000000159, 52.292847 ], [ 5.006646155000169, 52.298240662000126 ], [ 5.01542520400011, 52.303657531000056 ], [ 5.02573592900012, 52.302799010000172 ], [ 5.025928021000027, 52.283050538000055 ], [ 5.010109902000124, 52.231811524000136 ], [ 4.983848095000155, 52.227237702000082 ], [ 4.986833095000065, 52.222763063000116 ], [ 4.976576806000082, 52.220027925000124 ], [ 4.972268104000079, 52.211036683000145 ], [ 4.969446182000013, 52.200252533000139 ], [ 4.963593005000064, 52.198432923000041 ], [ 4.954782010000145, 52.198394776000157 ], [ 4.951985836000063, 52.185817719 ], [ 4.949049949000084, 52.18580246099998 ], [ 4.937407971000141, 52.176776886000084 ], [ 4.93888712, 52.17588806200007 ], [ 4.931653023000024, 52.166877747 ], [ 4.912631988000157, 52.162303925000117 ], [ 4.895024777, 52.162220001000094 ], [ 4.858115195000039, 52.179096222000169 ], [ 4.8478288660001, 52.179939271000194 ], [ 4.840439797000045, 52.183490753000058 ], [ 4.82562112800008, 52.193286897 ], [ 4.825582028000042, 52.195980073000101 ], [ 4.816720963000023, 52.199523926000154 ], [ 4.816696167000146, 52.201316833000078 ], [ 4.804946899000186, 52.201255798000091 ], [ 4.804711817999987, 52.217411042000037 ], [ 4.797273159000156, 52.223651887000131 ], [ 4.797234058000186, 52.226345063000053 ], [ 4.81192779600002, 52.226425172000177 ], [ 4.83097887100007, 52.230117797999981 ], [ 4.845600129000161, 52.23558044400005 ], [ 4.854359149000118, 52.240112306000071 ], [ 4.854333878000091, 52.241909028 ] ] ] } },
{ "type": "Feature", "properties": { "country": "Netherlands", "name": null, "type": null, "count": 1, "first_date": "2023-11-26", "last_date": "2023-11-26" }, "geometry": { "type": "Polygon", "coordinates": [ [ [ 5.025928021000027, 52.283050538000055 ], [ 5.027416229000039, 52.281261444000165 ], [ 5.033240794000164, 52.287567139000089 ], [ 5.04653310700013, 52.282226562000119 ], [ 5.05384015900006, 52.287639618000185 ], [ 5.062654017000114, 52.289463043000126 ], [ 5.068579197000076, 52.284996034000073 ], [ 5.070081233000053, 52.281410218000076 ], [ 5.06713915000006, 52.281398773000092 ], [ 5.065635204000159, 52.284984589000146 ], [ 5.062692166000147, 52.284976959 ], [ 5.053896904000055, 52.281356811000194 ], [ 5.052474975000052, 52.276889802000142 ], [ 5.04216909500019, 52.276824951000037 ], [ 5.036302090000163, 52.275009156000124 ], [ 5.033384801000068, 52.272308350000117 ], [ 5.027493000000106, 52.273185731000183 ], [ 5.027517796000041, 52.270492553999986 ], [ 5.036496162000049, 52.254367829000159 ], [ 5.039452075000099, 52.252582550000113 ], [ 5.043829918000029, 52.256187439000087 ], [ 5.046776771000054, 52.256187439000087 ], [ 5.049776076000114, 52.24902725100003 ], [ 5.049827099000026, 52.24364089900007 ], [ 5.06165790600005, 52.235603332000039 ], [ 5.04406881400007, 52.230159760000106 ], [ 5.036914826000043, 52.209487916000171 ], [ 5.039853096000115, 52.20949935900012 ], [ 5.041364192000117, 52.205017089000137 ], [ 5.039918899000156, 52.202316285000165 ], [ 5.02668380700004, 52.204067230000192 ], [ 5.02670192700009, 52.202270508000026 ], [ 5.034080028000119, 52.198707581000178 ], [ 5.041429997000137, 52.197834015000183 ], [ 5.037149907000014, 52.184356691000119 ], [ 5.045966148000048, 52.183490753000058 ], [ 5.050532817000146, 52.165554047000114 ], [ 5.119392871000173, 52.180133820000037 ], [ 5.122383118000016, 52.172962189000032 ], [ 5.099034787000051, 52.155838012000061 ], [ 5.125516891000075, 52.14604187000009 ], [ 5.108039856000062, 52.129833221000069 ], [ 5.105106831000114, 52.129825593000135 ], [ 5.091860771000142, 52.136066438 ], [ 5.077288151000175, 52.12524795600018 ], [ 5.074340820000145, 52.127037048000034 ], [ 5.065581799000086, 52.122516633000032 ], [ 5.053803920000178, 52.129650117000153 ], [ 5.049416065000116, 52.128749848000041 ], [ 5.043574811000155, 52.124237061000088 ], [ 5.037778854000123, 52.117034911000189 ], [ 5.017144202000054, 52.128631592000033 ], [ 5.0067439070001, 52.142055511000024 ], [ 4.989220141000033, 52.134807587000068 ], [ 4.989249230000041, 52.132114410000042 ], [ 4.977546214000029, 52.129371644000116 ], [ 4.97322511700014, 52.122173309000061 ], [ 4.964302063000105, 52.133808137000131 ], [ 4.946777820000079, 52.12744903600003 ], [ 4.936368942000058, 52.139968873000043 ], [ 4.92748498800006, 52.1471099850001 ], [ 4.91578102200009, 52.144367219000173 ], [ 4.914120197000102, 52.160514831000057 ], [ 4.912631988000157, 52.162303925000117 ], [ 4.931653023000024, 52.166877747 ], [ 4.93888712, 52.17588806200007 ], [ 4.937407971000141, 52.176776886000084 ], [ 4.949049949000084, 52.18580246099998 ], [ 4.951985836000063, 52.185817719 ], [ 4.954782010000145, 52.198394776000157 ], [ 4.963593005000064, 52.198432923000041 ], [ 4.969446182000013, 52.200252533000139 ], [ 4.972268104000079, 52.211036683000145 ], [ 4.976576806000082, 52.220027925000124 ], [ 4.986833095000065, 52.222763063000116 ], [ 4.983848095000155, 52.227237702000082 ], [ 5.010109902000124, 52.231811524000136 ], [ 5.025928021000027, 52.283050538000055 ] ] ] } },
{ "type": "Feature", "properties": { "country": "United Kingdom", "name": "Cambridge", "type": "Administrative county district", "count": 1, "first_date": "2026-08-01", "last_date": "2026-08-01" }, "geometry": { "type": "Polygon", "coordinates": [ [ [ 0.180867530000171, 52.169626749000088 ], [ 0.163713163000068, 52.172333889000072 ], [ 0.16474874000005, 52.17682901000012 ], [ 0.166772966000167, 52.177970741000195 ], [ 0.165238981000186, 52.179002449000109 ], [ 0.167725989000076, 52.180995348000067 ], [ 0.164914972000076, 52.181305997000095 ], [ 0.16474965000009, 52.18350495500016 ], [ 0.159344545000067, 52.184203739000054 ], [ 0.164751264000074, 52.191484532 ], [ 0.167354874000182, 52.189244405000011 ], [ 0.170228695000048, 52.191893708000123 ], [ 0.160948850000011, 52.195440621000046 ], [ 0.157058730000017, 52.195906666000155 ], [ 0.159049187000164, 52.194376624000029 ], [ 0.13893127700004, 52.19589673400003 ], [ 0.147109268000179, 52.207149448000109 ], [ 0.144129235000037, 52.207967940000174 ], [ 0.144710879000058, 52.206614867000042 ], [ 0.143350035000083, 52.206224190000114 ], [ 0.142274645999976, 52.207905446000154 ], [ 0.138768275000075, 52.207336922000195 ], [ 0.136751690999972, 52.2110341610001 ], [ 0.141677163000054, 52.211977091000165 ], [ 0.1462801240001, 52.217579045000036 ], [ 0.167013297999972, 52.222600446000115 ], [ 0.166458883000018, 52.226398970000162 ], [ 0.169947, 52.228241000000139 ], [ 0.171623531000137, 52.234468820000131 ], [ 0.178945000000112, 52.237706 ], [ 0.18341, 52.242378 ], [ 0.185644480000178, 52.250013554000191 ], [ 0.191948922000108, 52.254630177000195 ], [ 0.196917433000067, 52.256162995000182 ], [ 0.201596754000093, 52.261282769000104 ], [ 0.206562779000024, 52.263078405000044 ], [ 0.208647447000033, 52.26858306500003 ], [ 0.211580636000122, 52.269918303000168 ], [ 0.220617793000145, 52.263540650000152 ], [ 0.210470006000094, 52.249459707000142 ], [ 0.218149494999977, 52.249222198000098 ], [ 0.222031354000137, 52.241706474000125 ], [ 0.229498353000054, 52.236584956000058 ], [ 0.225295227000061, 52.231699765000087 ], [ 0.230438336000077, 52.228924808000045 ], [ 0.232857269000135, 52.231489476000149 ], [ 0.235006510000062, 52.228825827000151 ], [ 0.242560021000031, 52.225490377000028 ], [ 0.254408087000115, 52.21452264900006 ], [ 0.310990995000054, 52.190473727000153 ], [ 0.308729699000025, 52.182633433000149 ], [ 0.300543529000038, 52.179034508000029 ], [ 0.301076783999974, 52.176671756000076 ], [ 0.291586353000184, 52.16852134200019 ], [ 0.291737064000131, 52.166874624 ], [ 0.261140177000073, 52.165053182000122 ], [ 0.262741995000113, 52.163969408000185 ], [ 0.23216004700015, 52.144379325000102 ], [ 0.180867530000171, 52.169626749000088 ] ] ] } },
{ "type": "Feature", "properties": { "country": "United Kingdom", "name": "South Cambridgeshire", "type": "Administrative county district", "count": 1, "first_date": "2026-08-01", "last_date": "2026-08-01" }, "geometry": { "type": "Polygon", "coordinates": [ [ [ -0.012389455999937, 52.061610429000154 ], [ -0.016667437999956, 52.057577635000087 ], [ -0.019654174999971, 52.046941697000079 ], [ -0.022259708999968, 52.045830849000026 ], [ -0.015441801999941, 52.045639804000075 ], [ -0.011381320999817, 52.041940304000093 ], [ -0.001132605999942, 52.038747301000114 ], [ 0.001951394000059, 52.036010846000067 ], [ -0.011040234999939, 52.033889287000136 ], [ -0.037289998999881, 52.033897015000093 ], [ -0.032427606999931, 52.04216958 ], [ -0.029392478999966, 52.043375947000129 ], [ -0.029839218999882, 52.048106042000029 ], [ -0.044701415999896, 52.047644057000127 ], [ -0.053605798999911, 52.045406842000034 ], [ -0.054212162999931, 52.046621802000175 ], [ -0.106955181999979, 52.028659828000116 ], [ -0.120998829999962, 52.019521276000148 ], [ -0.126567501999943, 52.020921875000113 ], [ -0.122338660999901, 52.02963611500013 ], [ -0.123747178999906, 52.033633935000182 ], [ -0.133729866999943, 52.046232852000117 ], [ -0.144576186999871, 52.046990464000146 ], [ -0.155223697999872, 52.053295621000188 ], [ -0.150344773999961, 52.05887685600004 ], [ -0.149933810999869, 52.06123523600013 ], [ -0.151885290999871, 52.064673820000053 ], [ -0.149014331999922, 52.066222118000098 ], [ -0.147509326999909, 52.069450006000181 ], [ -0.149241025999856, 52.073514514000067 ], [ -0.156274195999913, 52.07671080800003 ], [ -0.157894789999887, 52.079957030000173 ], [ -0.149111031999951, 52.091130296000074 ], [ -0.14848739599995, 52.09544290700012 ], [ -0.150334937999958, 52.097014025000078 ], [ -0.147485166999957, 52.098844969000083 ], [ -0.148469094999939, 52.101531948000058 ], [ -0.146232938999901, 52.105987290000087 ], [ -0.147665426999879, 52.10711665600013 ], [ -0.145470053999929, 52.109841745999972 ], [ -0.147860303999835, 52.114190025000141 ], [ -0.143931724999959, 52.117735707000065 ], [ -0.145605135999915, 52.117889779000052 ], [ -0.144445035999979, 52.138203756000109 ], [ -0.149607040999854, 52.138755090000075 ], [ -0.151343870999938, 52.141562582 ], [ -0.150417458999925, 52.143606209000097 ], [ -0.154352348999907, 52.144407926000099 ], [ -0.162656633999916, 52.143061120000027 ], [ -0.163750615999902, 52.140128019000088 ], [ -0.171534734999966, 52.13950259000012 ], [ -0.197977694999906, 52.141940832000046 ], [ -0.206204269999887, 52.144448971000031 ], [ -0.213607304999925, 52.143379 ], [ -0.234804043999873, 52.144726757000058 ], [ -0.224803534999864, 52.149744109000096 ], [ -0.217333876999817, 52.158541317000186 ], [ -0.193474532999915, 52.167454970000108 ], [ -0.191854854999917, 52.166901509000013 ], [ -0.189534291999962, 52.169205507000072 ], [ -0.186889749999978, 52.167602141000089 ], [ -0.183753147999823, 52.168930481000018 ], [ -0.178757005999955, 52.167015635000041 ], [ -0.156190466999931, 52.16724586800018 ], [ -0.155603468999971, 52.169384815000171 ], [ -0.151598084999932, 52.169666495000172 ], [ -0.150590732999888, 52.171281865000083 ], [ -0.153283718999944, 52.17543323700005 ], [ -0.143332628999929, 52.183288514000083 ], [ -0.137799246999975, 52.18446821100008 ], [ -0.111331645999826, 52.178917824000109 ], [ -0.106078013999877, 52.179291274000093 ], [ -0.100397965999946, 52.182837188000065 ], [ -0.104519302999961, 52.193552363000151 ], [ -0.10710418799988, 52.193805086000168 ], [ -0.104413226999895, 52.19701067900013 ], [ -0.107258140999932, 52.197585883000102 ], [ -0.103949092999869, 52.200385037000046 ], [ -0.105715400999827, 52.201006773000188 ], [ -0.10464138999987, 52.202861625000139 ], [ -0.107126847999893, 52.202954636000129 ], [ -0.108126543999845, 52.2068829480001 ], [ -0.11685018899982, 52.208186022000064 ], [ -0.140245123999932, 52.207895232000169 ], [ -0.141102779999926, 52.209617144 ], [ -0.152807290999874, 52.211996733000149 ], [ -0.159318866999968, 52.205706296000074 ], [ -0.175885347999952, 52.197255992000066 ], [ -0.175839240999949, 52.199561612000082 ], [ -0.178729762999922, 52.201628551999988 ], [ -0.189051405999976, 52.20057892900013 ], [ -0.195608527999923, 52.204490040000167 ], [ -0.188839549999955, 52.21655746700003 ], [ -0.187016503999928, 52.228794060000098 ], [ -0.175634071999866, 52.230480851000095 ], [ -0.149040937999928, 52.225949543000183 ], [ -0.150000629999909, 52.227870818000042 ], [ -0.148173729999939, 52.229163030000052 ], [ -0.137588509999944, 52.230140269000174 ], [ -0.136910746999888, 52.235488615 ], [ -0.13452292199986, 52.235679230000073 ], [ -0.134033976999888, 52.240951438000195 ], [ -0.13222036399992, 52.243261546000042 ], [ -0.141763342999923, 52.245436117000111 ], [ -0.147777530999917, 52.248474458000032 ], [ -0.148710297999912, 52.251686592000055 ], [ -0.157122255999923, 52.254307984000093 ], [ -0.173684855999966, 52.255779141000062 ], [ -0.177496309999924, 52.250291187000187 ], [ -0.180127299999924, 52.255770765000079 ], [ -0.182414403999871, 52.256127898000045 ], [ -0.184123357999965, 52.260774997000055 ], [ -0.180918135999889, 52.26710154400007 ], [ -0.178968602999873, 52.266790947000061 ], [ -0.177934284999935, 52.269971464000037 ], [ -0.17982212999982, 52.270468184000094 ], [ -0.175476894999917, 52.280217156000106 ], [ -0.151436374999946, 52.284339969000087 ], [ -0.142655413999933, 52.283192462999978 ], [ -0.123724219999872, 52.257099832000165 ], [ -0.121149971999955, 52.257338545000096 ], [ -0.11833147699997, 52.262275948000138 ], [ -0.114237847999959, 52.262019087000112 ], [ -0.114062257999876, 52.266192973000159 ], [ -0.111484995999888, 52.26621201200004 ], [ -0.111165330999938, 52.268940303000079 ], [ -0.107480279999947, 52.270431476999988 ], [ -0.102271206999944, 52.277670771000032 ], [ -0.098130364999918, 52.277934157000118 ], [ -0.097405126999945, 52.275598073000083 ], [ -0.085387900999933, 52.272502274000033 ], [ -0.066534536999939, 52.285145880000073 ], [ -0.062441251999928, 52.291052897000043 ], [ -0.057728210999926, 52.291756024000051 ], [ -0.057151223999881, 52.292778758000111 ], [ -0.059898571999952, 52.293970387000059 ], [ -0.051941377999867, 52.305733678000138 ], [ -0.047500953999929, 52.308205914000098 ], [ -0.046464323999942, 52.314659156000062 ], [ -0.037374554999872, 52.314240538000035 ], [ -0.03105800499992, 52.316796138000086 ], [ -0.015338191999888, 52.312557839000192 ], [ -0.007288076999885, 52.316903886000148 ], [ -0.004109362999941, 52.323507698000128 ], [ 0.008248531000163, 52.334472209000069 ], [ 0.009198955000102, 52.341392241000108 ], [ 0.026412030000131, 52.351260640000135 ], [ 0.034964255000148, 52.353509837000161 ], [ 0.043133281000109, 52.352554215000112 ], [ 0.04811925600012, 52.355905403000122 ], [ 0.053558880000082, 52.354356958000153 ], [ 0.059296523000057, 52.35626038900017 ], [ 0.063054896000097, 52.359737617000121 ], [ 0.062103685000181, 52.364735663000147 ], [ 0.083046669000169, 52.375178956000127 ], [ 0.091117831000076, 52.372989885000095 ], [ 0.140467923000188, 52.379950440000187 ], [ 0.139441302000023, 52.382877040000039 ], [ 0.142700200000036, 52.385268269000107 ], [ 0.143918044000088, 52.390631348 ], [ 0.174734706000095, 52.388602541000125 ], [ 0.177228129000071, 52.39384832200011 ], [ 0.181508902000132, 52.393951860000129 ], [ 0.185086554000065, 52.402017072000092 ], [ 0.187902938000036, 52.40257551600007 ], [ 0.201388196000039, 52.412085727000147 ], [ 0.198171263000063, 52.414281173000063 ], [ 0.201663222999969, 52.417843524000034 ], [ 0.220135967000033, 52.409335197000132 ], [ 0.221040201000108, 52.413841981000132 ], [ 0.23563616600012, 52.406573859000048 ], [ 0.241752961000032, 52.405370849000178 ], [ 0.239570714000024, 52.404691988000081 ], [ 0.239641117000076, 52.402600001000053 ], [ 0.234500392000086, 52.40202291300011 ], [ 0.216393642000128, 52.386978775000046 ], [ 0.218038137, 52.385690855000064 ], [ 0.218460275000155, 52.381771502000049 ], [ 0.23557162600008, 52.373570291000135 ], [ 0.259092060000171, 52.37065371500006 ], [ 0.25810680100011, 52.368850759000111 ], [ 0.259565173000169, 52.362884568000027 ], [ 0.254292121000162, 52.356161358000065 ], [ 0.26061225300009, 52.35499924200019 ], [ 0.257605724000143, 52.350435722999975 ], [ 0.252598633000161, 52.34827072600018 ], [ 0.25372758300017, 52.346158583000147 ], [ 0.25191588000007, 52.343441534000135 ], [ 0.254939237000031, 52.340908309000042 ], [ 0.2577162, 52.334348532000035 ], [ 0.254345257000068, 52.33196345600004 ], [ 0.254797171000178, 52.328956015000188 ], [ 0.250723944000072, 52.330539896000062 ], [ 0.248052526000151, 52.328451530999985 ], [ 0.250244965000093, 52.325377611000022 ], [ 0.249876487000165, 52.322421776000169 ], [ 0.24801, 52.322821000000147 ], [ 0.247754000000157, 52.32049 ], [ 0.250274000000104, 52.319210000000169 ], [ 0.244778098000154, 52.30575569500013 ], [ 0.247102508000069, 52.303865987000052 ], [ 0.246187686000042, 52.301459517000069 ], [ 0.241155507000144, 52.295302014000185 ], [ 0.241593, 52.291039 ], [ 0.23031355500018, 52.28645401700004 ], [ 0.229296156000089, 52.282422290000113 ], [ 0.221130913000138, 52.27504798200016 ], [ 0.215280588000041, 52.273988068000051 ], [ 0.213537, 52.271061000000145 ], [ 0.208776441000055, 52.268732575000115 ], [ 0.206562779000024, 52.263078405000044 ], [ 0.201596754000093, 52.261282769000104 ], [ 0.196818000000121, 52.256093000000135 ], [ 0.185897414000181, 52.250271453000153 ], [ 0.18341, 52.242378 ], [ 0.178945000000112, 52.237706 ], [ 0.171623531000137, 52.234468820000131 ], [ 0.169947, 52.228241000000139 ], [ 0.166458883000018, 52.226398970000162 ], [ 0.167013297999972, 52.222600446000115 ], [ 0.1462801240001, 52.217579045000036 ], [ 0.141677163000054, 52.211977091000165 ], [ 0.136751690999972, 52.2110341610001 ], [ 0.138768275000075, 52.207336922000195 ], [ 0.142274645999976, 52.207905446000154 ], [ 0.143350035000083, 52.206224190000114 ], [ 0.144710879000058, 52.206614867000042 ], [ 0.144129235000037, 52.207967940000174 ], [ 0.147109268000179, 52.207149448000109 ], [ 0.13893127700004, 52.19589673400003 ], [ 0.159049187000164, 52.194376624000029 ], [ 0.157058730000017, 52.195906666000155 ], [ 0.160948850000011, 52.195440621000046 ], [ 0.170228695000048, 52.191893708000123 ], [ 0.167354874000182, 52.189244405000011 ], [ 0.164751264000074, 52.191484532 ], [ 0.159344545000067, 52.184203739000054 ], [ 0.16474965000009, 52.18350495500016 ], [ 0.164914972000076, 52.181305997000095 ], [ 0.167725989000076, 52.180995348000067 ], [ 0.165238981000186, 52.179002449000109 ], [ 0.166772966000167, 52.177970741000195 ], [ 0.16474874000005, 52.17682901000012 ], [ 0.163713163000068, 52.172333889000072 ], [ 0.181328829000051, 52.169490562000135 ], [ 0.23216004700015, 52.144379325000102 ], [ 0.262741995000113, 52.163969408000185 ], [ 0.261140177000073, 52.165053182000122 ], [ 0.291737064000131, 52.166874624 ], [ 0.291586353000184, 52.16852134200019 ], [ 0.301076783999974, 52.176671756000076 ], [ 0.300543529000038, 52.179034508000029 ], [ 0.307010023000032, 52.181403643000181 ], [ 0.310379136000165, 52.185726892000048 ], [ 0.321939141000144, 52.1788402520001 ], [ 0.33065974900012, 52.177379702000053 ], [ 0.351938001000178, 52.168620458000078 ], [ 0.377434481000137, 52.166600289000144 ], [ 0.376341205000131, 52.16323300199997 ], [ 0.388910116000091, 52.161801021000088 ], [ 0.394914563000157, 52.157969771000182 ], [ 0.405446994000044, 52.159589020000112 ], [ 0.409856947000151, 52.156424381000193 ], [ 0.417276418000029, 52.159306683000125 ], [ 0.42082881000016, 52.156113352000148 ], [ 0.418453010000064, 52.145536329000095 ], [ 0.419685031000085, 52.139383468 ], [ 0.417597369000021, 52.133299507000118 ], [ 0.410002588000054, 52.134398339000086 ], [ 0.404706236000038, 52.129285376000098 ], [ 0.409437866000189, 52.125829953000107 ], [ 0.409010868000053, 52.124035615000139 ], [ 0.39636262200014, 52.122359100000097 ], [ 0.394880009000133, 52.121546586000193 ], [ 0.395228098000075, 52.119673615000181 ], [ 0.39834048, 52.118791957000042 ], [ 0.389589787000091, 52.117470581000134 ], [ 0.38858160400008, 52.113532495000129 ], [ 0.38549431600012, 52.110339617000079 ], [ 0.385231101000102, 52.106614772000171 ], [ 0.381803808000086, 52.102701293999985 ], [ 0.382586859000128, 52.101147707000166 ], [ 0.388687743999981, 52.099212157000068 ], [ 0.386864308000099, 52.097304903000179 ], [ 0.394996785000046, 52.095968129000084 ], [ 0.39247712100007, 52.095019340000135 ], [ 0.39085001300009, 52.08848319000009 ], [ 0.393873883000026, 52.088169983000171 ], [ 0.394180399000163, 52.084353556000167 ], [ 0.397182526000108, 52.083011962000171 ], [ 0.399507895000056, 52.084158882000054 ], [ 0.401711120000186, 52.082595114000128 ], [ 0.399965560000169, 52.081862651000051 ], [ 0.402996004000101, 52.078202949000115 ], [ 0.401663299000063, 52.076432449000151 ], [ 0.403678920000118, 52.075131477000184 ], [ 0.400893494000059, 52.073019214000112 ], [ 0.407102699000177, 52.070766751000178 ], [ 0.403325940000059, 52.066251234 ], [ 0.404638264000084, 52.065502380000055 ], [ 0.4035692920001, 52.063800244000106 ], [ 0.399014886000032, 52.063512671000183 ], [ 0.396015949000173, 52.060719420000055 ], [ 0.390420040000151, 52.0602880940001 ], [ 0.379612828000177, 52.04956271400016 ], [ 0.388189336000153, 52.043717445000141 ], [ 0.389478577000148, 52.036339734000137 ], [ 0.371722417000058, 52.037369407000142 ], [ 0.367027101000019, 52.039740787000085 ], [ 0.364306549, 52.044280161000131 ], [ 0.345959343, 52.049717019000013 ], [ 0.343356818000075, 52.051489971000194 ], [ 0.344466906000093, 52.052271871000016 ], [ 0.341348859000107, 52.054820360000122 ], [ 0.341773040000135, 52.056291160000171 ], [ 0.332742516000053, 52.06215185100001 ], [ 0.325074334000135, 52.069902261000038 ], [ 0.325714566000158, 52.071157582000069 ], [ 0.323476541000161, 52.071981349000112 ], [ 0.324673984000015, 52.072783286000117 ], [ 0.311065084000063, 52.076943824000125 ], [ 0.308702371000038, 52.080284150000068 ], [ 0.286011766000172, 52.090407650000145 ], [ 0.276228962, 52.092638303000058 ], [ 0.264806050000118, 52.084788505000176 ], [ 0.254050252000127, 52.080041758000107 ], [ 0.251573043000064, 52.076786145000085 ], [ 0.247520411000096, 52.079110704000129 ], [ 0.246350525000139, 52.082057324000061 ], [ 0.235208004000185, 52.089000050000038 ], [ 0.214777218000108, 52.090183305000153 ], [ 0.203459399999986, 52.092674154000122 ], [ 0.19396992500009, 52.07548144000009 ], [ 0.183194362000165, 52.073183455000105 ], [ 0.189916315000062, 52.062199581000073 ], [ 0.188364685000124, 52.060900249000042 ], [ 0.189922072000115, 52.060201395000092 ], [ 0.186373372000105, 52.056661292000058 ], [ 0.17799758600006, 52.057322707000139 ], [ 0.167570277000152, 52.054999810000083 ], [ 0.166396144000089, 52.048190779000038 ], [ 0.160756717000027, 52.048439974000132 ], [ 0.160577506000038, 52.052098682000178 ], [ 0.152634478999971, 52.050317920999987 ], [ 0.151116954000088, 52.052851801000031 ], [ 0.128135198000166, 52.047322571000166 ], [ 0.127592862000085, 52.051898581000046 ], [ 0.119077516000175, 52.059962587000086 ], [ 0.105736213000057, 52.060261106000155 ], [ 0.105976306000116, 52.049739489000103 ], [ 0.10128269500018, 52.045011597999974 ], [ 0.101155696000035, 52.03885686000001 ], [ 0.09419514800004, 52.032874216000096 ], [ 0.092979443000104, 52.030225977999976 ], [ 0.094700517000035, 52.029028264000033 ], [ 0.091196171000149, 52.025185133000093 ], [ 0.090800278000188, 52.022540383000091 ], [ 0.092254338000032, 52.021653988000025 ], [ 0.085210873000165, 52.016211735000127 ], [ 0.080521590000046, 52.008142260000113 ], [ 0.076029644000187, 52.007199111000148 ], [ 0.071460854000179, 52.008282158000156 ], [ 0.06812741900012, 52.005788738000092 ], [ 0.059042004000048, 52.014527446000159 ], [ 0.060166886000047, 52.018647779000105 ], [ 0.052098380000189, 52.024630782000145 ], [ 0.04966668600008, 52.033835331000148 ], [ 0.043034084000169, 52.04150125200016 ], [ 0.040306385000179, 52.05332729100013 ], [ 0.00408275000018, 52.0497927830001 ], [ -0.001802290999933, 52.051944672000047 ], [ -0.012389455999937, 52.061610429000154 ] ] ] } },
{ "type": "Feature", "properties": { "country": "United Kingdom", "name": "Ryedale", "type": "Administrative county district", "count": 1, "first_date": "2026-08-03", "last_date": "2026-08-03" }, "geometry": { "type": "Polygon", "coordinates": [ [ [ -0.489850754999964, 54.100884705000055 ], [ -0.52462154299991, 54.085474859999977 ], [ -0.527927667999904, 54.089338937000036 ], [ -0.534030882999957, 54.087179830000196 ], [ -0.541816327999925, 54.091528482000115 ], [ -0.563137247999919, 54.093999525000015 ], [ -0.566466465999952, 54.090305574000183 ], [ -0.591004557999952, 54.087061965000146 ], [ -0.615523444999894, 54.070493709000061 ], [ -0.627748509999947, 54.070194161000188 ], [ -0.627463255999885, 54.068832821000171 ], [ -0.660316933999923, 54.063100053000085 ], [ -0.64465395499991, 54.05511309700006 ], [ -0.653654459999871, 54.04595627600014 ], [ -0.65801764999992, 54.043644774000029 ], [ -0.656318489999933, 54.040639887000168 ], [ -0.659484342999974, 54.037169826000195 ], [ -0.676815984999962, 54.037691576000043 ], [ -0.680092615999968, 54.036498881 ], [ -0.680898387999946, 54.03352189400016 ], [ -0.682604479999895, 54.03413103500003 ], [ -0.687039073999927, 54.030767659000105 ], [ -0.688373413999898, 54.023730854000064 ], [ -0.684145571999863, 54.022646562000091 ], [ -0.683823575999952, 54.020996387000025 ], [ -0.678349564999905, 54.01802138 ], [ -0.68307168299998, 54.01246796300012 ], [ -0.681505342999969, 54.010840093000127 ], [ -0.68353555099992, 54.008791441000085 ], [ -0.704902438999909, 54.006072386000085 ], [ -0.710746123999968, 54.011171344000047 ], [ -0.71805957499987, 54.010106217000157 ], [ -0.719697722999967, 54.012322219000168 ], [ -0.730489260999889, 54.012700835000032 ], [ -0.730591640999933, 54.02172976900016 ], [ -0.734257302999936, 54.030258774000174 ], [ -0.766343448999976, 54.023691654 ], [ -0.778837240999962, 54.023552344000052 ], [ -0.799191010999891, 54.019054839000148 ], [ -0.80030145499984, 54.019983544000183 ], [ -0.798988064999946, 54.024090689000104 ], [ -0.820366075999971, 54.020873430000108 ], [ -0.843156453999882, 54.021693325000172 ], [ -0.848502697999947, 54.018677882000134 ], [ -0.859730324999873, 54.016378654000164 ], [ -0.87844429699993, 54.017184513000132 ], [ -0.877668777999872, 54.01355700400012 ], [ -0.888555327999939, 54.009514528000125 ], [ -0.8935348629999, 53.999768102000132 ], [ -0.907491075999928, 53.997548023000036 ], [ -0.911896633999959, 53.995447908000131 ], [ -0.913011881999921, 53.992097377999983 ], [ -0.915246744999934, 53.993146731000024 ], [ -0.934157508999931, 53.989281067000093 ], [ -0.94436208399992, 53.989128348000179 ], [ -0.957685585999911, 53.983956029000069 ], [ -0.966985418999968, 53.985921004000033 ], [ -0.973384172999943, 53.984886489000132 ], [ -0.976770258999977, 53.981999604000123 ], [ -0.994585737999955, 53.982967730000098 ], [ -0.995817987999942, 53.983981050000068 ], [ -0.994075183999882, 53.984475241000041 ], [ -0.994777514999896, 53.985329503 ], [ -0.981262026999957, 53.991162208000048 ], [ -0.983190048999859, 53.993353587000115 ], [ -0.978864200999965, 53.994536615000129 ], [ -0.979102608999881, 53.995954271000187 ], [ -0.971936235999976, 53.996690426000043 ], [ -0.97275670099998, 54.001727939000034 ], [ -0.975419551999948, 54.004749931000163 ], [ -0.984781657999918, 54.002679374000138 ], [ -0.979343513999936, 54.005389065000088 ], [ -0.98275344699988, 54.010030437000069 ], [ -0.976940781999872, 54.015773872000011 ], [ -0.979421754999976, 54.017419921000055 ], [ -0.966845423999928, 54.022975848000158 ], [ -0.970619465999903, 54.023072881000076 ], [ -0.970143825999969, 54.025955690000103 ], [ -0.973317523999924, 54.029305663000116 ], [ -0.982314380999981, 54.030922619000137 ], [ -0.9822825359999, 54.039486031000081 ], [ -0.984608065999964, 54.038868434000051 ], [ -0.993276585999979, 54.042296510000028 ], [ -0.994890879999957, 54.046220618000177 ], [ -0.993787176999945, 54.047272925000073 ], [ -1.000909469999954, 54.051459517000126 ], [ -1.002084734999926, 54.055263067000055 ], [ -1.004430005999893, 54.055567416000088 ], [ -1.014377414999956, 54.049321816000088 ], [ -1.028463742999918, 54.052763612000092 ], [ -1.06060504699991, 54.056776552000144 ], [ -1.05565436899991, 54.067406416000154 ], [ -1.045121654999946, 54.069802204000155 ], [ -1.039822713999968, 54.073357953000084 ], [ -1.039095970999881, 54.075708727000119 ], [ -1.042115989999957, 54.077702902000169 ], [ -1.045152514999927, 54.075055877000068 ], [ -1.04946249499983, 54.075722721000034 ], [ -1.046450680999953, 54.079099923 ], [ -1.060159160999888, 54.08534453700014 ], [ -1.042799901999956, 54.098276147000036 ], [ -1.039465319999977, 54.098384378 ], [ -1.043779385999812, 54.107487418 ], [ -1.025053796999941, 54.106629991000034 ], [ -1.025102705999927, 54.107932709000181 ], [ -1.021148970999889, 54.109423194000158 ], [ -1.019467067999926, 54.107841139000072 ], [ -1.016257732999861, 54.107923692000043 ], [ -1.014719560999936, 54.113964483000075 ], [ -1.015630254999962, 54.115497085000072 ], [ -1.008538011999974, 54.123772468000084 ], [ -1.012537322999947, 54.126754180000034 ], [ -1.013071182999965, 54.134620178000034 ], [ -1.033786965999923, 54.140992358000062 ], [ -1.034212390999869, 54.14337127400006 ], [ -1.040746419999948, 54.143619340000157 ], [ -1.046340096999927, 54.147488096000188 ], [ -1.052370800999938, 54.147343294999985 ], [ -1.060405813999978, 54.152941782000028 ], [ -1.075057803999925, 54.155759467 ], [ -1.088708207999957, 54.16291973500006 ], [ -1.080606652999904, 54.172101111000131 ], [ -1.097502274999954, 54.177574606000121 ], [ -1.099155788999894, 54.1853073260001 ], [ -1.105507236999813, 54.18290996800016 ], [ -1.113068500999873, 54.183721631000083 ], [ -1.12591311999995, 54.180487374999984 ], [ -1.125964846999977, 54.182395799000176 ], [ -1.134561867999935, 54.185942256000089 ], [ -1.13580782799994, 54.189756495999973 ], [ -1.142843396999922, 54.191402875000051 ], [ -1.146756416999949, 54.195106537000072 ], [ -1.164195844999881, 54.199585781000167 ], [ -1.168713596999851, 54.202475904000096 ], [ -1.174354576999917, 54.203267755000127 ], [ -1.189318799999967, 54.200196669000093 ], [ -1.190736769999944, 54.202706505000094 ], [ -1.187587911999913, 54.205363648000116 ], [ -1.188593966999917, 54.20847999800003 ], [ -1.197044561999974, 54.210644118 ], [ -1.199898525999856, 54.212914417000036 ], [ -1.200200557999949, 54.21633075799997 ], [ -1.193714597999872, 54.218571366000106 ], [ -1.192047291999927, 54.221103650000032 ], [ -1.196673913999859, 54.22634449800006 ], [ -1.198358415999962, 54.234168476000093 ], [ -1.19701809399993, 54.241095154000163 ], [ -1.208380469999895, 54.236370954000051 ], [ -1.215064101999928, 54.241517631000193 ], [ -1.212133572999903, 54.245452152000041 ], [ -1.214013686999976, 54.249239132000014 ], [ -1.205455963999952, 54.251318551000054 ], [ -1.219747834999964, 54.286574444999985 ], [ -1.227880008999932, 54.296359248000044 ], [ -1.246975266999868, 54.308090696000079 ], [ -1.249940630999845, 54.311775038000121 ], [ -1.246722242999908, 54.323306459000037 ], [ -1.246593377999829, 54.331538027000079 ], [ -1.258500830999878, 54.336658987000135 ], [ -1.26563922399987, 54.343711865000159 ], [ -1.265518210999971, 54.347652026000105 ], [ -1.263723545999937, 54.349000853000064 ], [ -1.264789631999918, 54.354091579000112 ], [ -1.254577120999954, 54.353867161000039 ], [ -1.250868427999876, 54.361270520000176 ], [ -1.238481324999896, 54.375950305 ], [ -1.225039563999928, 54.378037931999984 ], [ -1.208742088999884, 54.373782761000086 ], [ -1.190164247999917, 54.377255394000088 ], [ -1.180902093999975, 54.376733705 ], [ -1.172193094999955, 54.381870781000146 ], [ -1.166033766999874, 54.377873026000032 ], [ -1.163071292999916, 54.372508669000183 ], [ -1.157550750999917, 54.349272299000177 ], [ -1.145561003999887, 54.348921142000165 ], [ -1.132937775999949, 54.343591527000171 ], [ -1.121800880999956, 54.345242071000087 ], [ -1.121630281999956, 54.342634428999986 ], [ -1.118740234999962, 54.340967808000016 ], [ -1.118583540999964, 54.338727920000167 ], [ -1.121062134999931, 54.337032941000189 ], [ -1.120794942999964, 54.333189808000043 ], [ -1.122232418999943, 54.331183534000161 ], [ -1.116665906999913, 54.328657919000193 ], [ -1.115123834999963, 54.330294895000065 ], [ -1.099033702999918, 54.329191808000189 ], [ -1.085309351999911, 54.347088585000108 ], [ -1.078163155999903, 54.360247514999969 ], [ -1.066211275999876, 54.362667700000145 ], [ -1.067234065999969, 54.375470953000161 ], [ -1.078824330999964, 54.388213136000104 ], [ -1.07042746999997, 54.395769277999989 ], [ -1.081811056999925, 54.40502516600003 ], [ -1.07094157399996, 54.405680841000049 ], [ -1.059380594999936, 54.412578302000099 ], [ -1.026872958999945, 54.415344327000071 ], [ -0.987840340999867, 54.395954245000098 ], [ -0.975899846999937, 54.396912434000114 ], [ -0.961530352999887, 54.402545364000048 ], [ -0.950442837999901, 54.408857732000058 ], [ -0.926890663999927, 54.40062055300001 ], [ -0.917564321999919, 54.400645209000118 ], [ -0.847090590999869, 54.38320477100001 ], [ -0.834416864999923, 54.380905487 ], [ -0.823634392999963, 54.382517569000186 ], [ -0.816759366999975, 54.371529544000111 ], [ -0.812052419999929, 54.367830690000119 ], [ -0.808422374999964, 54.359814762000155 ], [ -0.794219334999923, 54.35435571000005 ], [ -0.782232643999976, 54.354825808000044 ], [ -0.773778781999965, 54.356950315 ], [ -0.766074500999935, 54.362123377000103 ], [ -0.756619142999966, 54.363383584000019 ], [ -0.75312186799988, 54.368591803000129 ], [ -0.748265618999824, 54.367269793000162 ], [ -0.744873233999954, 54.364237218000142 ], [ -0.741219478999824, 54.356929837000109 ], [ -0.732323685999972, 54.35527929400007 ], [ -0.711192417999939, 54.357177564000096 ], [ -0.710246498999936, 54.360850669000172 ], [ -0.703248069999972, 54.364879541999983 ], [ -0.691728878999811, 54.365665818000025 ], [ -0.688165724999976, 54.369287935000159 ], [ -0.687232631999848, 54.373109274000058 ], [ -0.681331823999926, 54.372967741000139 ], [ -0.674836253999899, 54.375188530000116 ], [ -0.669525257999965, 54.374368842000194 ], [ -0.66259045299995, 54.371031537000192 ], [ -0.661319747999869, 54.366510108999989 ], [ -0.632615611999938, 54.375952122000058 ], [ -0.634152189999895, 54.364766134000035 ], [ -0.627627980999932, 54.359084669000083 ], [ -0.629262057999938, 54.353451650000181 ], [ -0.622033832999875, 54.344418435000193 ], [ -0.612185763999946, 54.337371532000191 ], [ -0.590141486999869, 54.329423407000093 ], [ -0.584860266999897, 54.323880828000085 ], [ -0.585881237999899, 54.320873696000092 ], [ -0.576298322999889, 54.319221441000082 ], [ -0.572412696999891, 54.316349738000099 ], [ -0.568820788999972, 54.315925244000141 ], [ -0.567296424999881, 54.311390710000126 ], [ -0.578983688999926, 54.310931127000174 ], [ -0.587786032999929, 54.304259211000044 ], [ -0.597773453999935, 54.302787462000083 ], [ -0.60529757199987, 54.297148396000125 ], [ -0.605523629999936, 54.293045294000081 ], [ -0.609896923999941, 54.286044712000148 ], [ -0.609766859999922, 54.28274383400003 ], [ -0.613340863999952, 54.27863804600014 ], [ -0.610337520999963, 54.274960741000086 ], [ -0.61311405899994, 54.269657574000178 ], [ -0.607554815999947, 54.26096536 ], [ -0.606819928999812, 54.24833438800016 ], [ -0.599721578999947, 54.241940065000165 ], [ -0.597948852999878, 54.234837781000124 ], [ -0.598995563999893, 54.232109444000059 ], [ -0.602683489999947, 54.229803594000089 ], [ -0.60724238499995, 54.213222848000044 ], [ -0.611951043999966, 54.213198975000125 ], [ -0.618224650999935, 54.204973202000133 ], [ -0.609698698999978, 54.205057587999988 ], [ -0.599944078999954, 54.202026255000078 ], [ -0.598088091999955, 54.200602564000178 ], [ -0.599031005999905, 54.199739857000111 ], [ -0.593575056999953, 54.200685667000016 ], [ -0.586261853999872, 54.198634405000121 ], [ -0.566418123999881, 54.202388058000111 ], [ -0.56339485399991, 54.201149413000053 ], [ -0.560170466999864, 54.19683518700009 ], [ -0.557322524999961, 54.196567405000167 ], [ -0.555851528999938, 54.194350359000055 ], [ -0.551550977999966, 54.194294244000105 ], [ -0.550410817999875, 54.192576396000106 ], [ -0.544750287999932, 54.19393455 ], [ -0.537733859999832, 54.200430820000179 ], [ -0.524796980999952, 54.20011768 ], [ -0.520018139999877, 54.197766193000064 ], [ -0.516189530999895, 54.198862360000078 ], [ -0.515013275999934, 54.20075697600015 ], [ -0.510868252999899, 54.200319345000082 ], [ -0.504747391999956, 54.205232060000071 ], [ -0.498103488999959, 54.206299967000064 ], [ -0.493724119999968, 54.202978899000072 ], [ -0.471138219999943, 54.211942601000089 ], [ -0.441422923999937, 54.215761309000015 ], [ -0.437497121999911, 54.21502289200015 ], [ -0.434080473999927, 54.204794703 ], [ -0.428898242999878, 54.199576967000155 ], [ -0.418043885999907, 54.172240534000025 ], [ -0.424556654999947, 54.169575481999971 ], [ -0.422926588999871, 54.166314667000108 ], [ -0.433168631999877, 54.164072714000156 ], [ -0.427093852999974, 54.137442561000057 ], [ -0.458539666999968, 54.125973608000152 ], [ -0.453704066999933, 54.120707357000072 ], [ -0.454351131999886, 54.116762511000161 ], [ -0.468325384999901, 54.111250540000185 ], [ -0.465942457999915, 54.107632977000094 ], [ -0.489850754999964, 54.100884705000055 ] ] ] } },
{ "type": "Feature", "properties": { "country": "United Kingdom", "name": "Northumberland", "type": "Unitary authority", "count": 1, "first_date": "2026-08-07", "last_date": "2026-08-07" }, "geometry": { "type": "MultiPolygon", "coordinates": [ [ [ [ -1.578539628999863, 55.06308128400002 ], [ -1.601363885999888, 55.065142888000082 ], [ -1.611832055999969, 55.064236593000146 ], [ -1.621268254999961, 55.06645785600017 ], [ -1.637893568999914, 55.064768598 ], [ -1.647681257999977, 55.079388701000084 ], [ -1.661847238999883, 55.078412428000036 ], [ -1.691118280999888, 55.072826016000022 ], [ -1.691337834999956, 55.069726389000152 ], [ -1.704612661999874, 55.070932775000131 ], [ -1.704107006999891, 55.065827527000181 ], [ -1.713759664999884, 55.065479399000139 ], [ -1.710540327999979, 55.052750280000055 ], [ -1.697926562999839, 55.052379195000128 ], [ -1.694633369999963, 55.049487412000076 ], [ -1.694915449999939, 55.042893266000135 ], [ -1.708654002999879, 55.04226093900013 ], [ -1.711578286999895, 55.041238913000143 ], [ -1.711159062999911, 55.039489296000056 ], [ -1.716943826999909, 55.038625788000047 ], [ -1.714448042999948, 55.034023605000186 ], [ -1.726923216999978, 55.033152752000149 ], [ -1.731901767999943, 55.031689169000117 ], [ -1.732329141999969, 55.029997990000084 ], [ -1.73932130299994, 55.029595315000051 ], [ -1.73798196499996, 55.026982938 ], [ -1.740032680999946, 55.024580845000116 ], [ -1.750245275999816, 55.024020779000125 ], [ -1.751057547999949, 55.015614300000152 ], [ -1.756344248999937, 55.015943979000156 ], [ -1.756563323999956, 55.003263288000142 ], [ -1.773842372999923, 55.004139475000045 ], [ -1.773576203999937, 54.996158432000072 ], [ -1.775020774999916, 54.994975917000033 ], [ -1.775685051999972, 54.989630445000046 ], [ -1.772603827999944, 54.987588451000192 ], [ -1.769766007999976, 54.980984652000132 ], [ -1.788349936999907, 54.984255989000189 ], [ -1.800730298999952, 54.979178177000108 ], [ -1.812812849999943, 54.976321791000032 ], [ -1.811980985999924, 54.974134198000172 ], [ -1.813254000999905, 54.973145900000077 ], [ -1.811701548999906, 54.972736471000076 ], [ -1.815997873999947, 54.968858289000138 ], [ -1.815509784999961, 54.967302056000108 ], [ -1.821740429999977, 54.966231236000112 ], [ -1.821293290999961, 54.964894367999989 ], [ -1.824493261999862, 54.9624404 ], [ -1.82284991399996, 54.960389144000089 ], [ -1.824127270999952, 54.959306410000067 ], [ -1.822998151999968, 54.955753372000061 ], [ -1.833690211999908, 54.953313498000171 ], [ -1.833840592999934, 54.95129895000008 ], [ -1.829685329999904, 54.946604179000019 ], [ -1.831077974999971, 54.944329928000059 ], [ -1.824857461999954, 54.940318625000089 ], [ -1.827208519999886, 54.936561236000159 ], [ -1.825616572999877, 54.933659117000104 ], [ -1.826951582999868, 54.930225558000132 ], [ -1.84114925699987, 54.92972548400013 ], [ -1.852721344999907, 54.917413539000108 ], [ -1.849030107999852, 54.914559454000141 ], [ -1.82672093899987, 54.910131831000172 ], [ -1.821013380999943, 54.905661894000048 ], [ -1.827696711999977, 54.905493553000099 ], [ -1.834686554999905, 54.89902593000005 ], [ -1.84544907399993, 54.89690311600009 ], [ -1.844506317999901, 54.892698047000067 ], [ -1.847474853999927, 54.889782167000021 ], [ -1.854944022999973, 54.890536347000079 ], [ -1.855125811999812, 54.88898192 ], [ -1.850963801999967, 54.884688550000021 ], [ -1.83993559399994, 54.882735301000139 ], [ -1.841733382999962, 54.877791557000023 ], [ -1.838852187999976, 54.870210599000188 ], [ -1.845063710999852, 54.864302154000086 ], [ -1.845751194999877, 54.860898185999986 ], [ -1.851385534999963, 54.860968055000171 ], [ -1.850804570999856, 54.857943582000132 ], [ -1.858974961999877, 54.856124602000079 ], [ -1.860062807999896, 54.852773106000086 ], [ -1.866600555999867, 54.855385563000141 ], [ -1.87040972099993, 54.850672863000113 ], [ -1.887500357999841, 54.84361046700019 ], [ -1.894023232999871, 54.843638764000161 ], [ -1.89672080399987, 54.845885803000158 ], [ -1.899122655999918, 54.84309490600009 ], [ -1.908705509999947, 54.83954841100018 ], [ -1.914043055999969, 54.839528925000195 ], [ -1.91474074599995, 54.83795681600003 ], [ -1.910951801999886, 54.836935088000075 ], [ -1.913666433999879, 54.835770593000063 ], [ -1.913765190999868, 54.83399673800011 ], [ -1.917583836999938, 54.834826153000108 ], [ -1.916915132999918, 54.836745157000053 ], [ -1.920755123999925, 54.837991412000065 ], [ -1.91813703899993, 54.840773643000148 ], [ -1.927076941999871, 54.841197126999987 ], [ -1.920976896999889, 54.842453210000087 ], [ -1.921317247999923, 54.848472387000129 ], [ -1.922523264999938, 54.849806786000158 ], [ -1.926166309999928, 54.848825885000053 ], [ -1.93183784099989, 54.850905078000039 ], [ -1.930917239999928, 54.852806965000127 ], [ -1.932681211999864, 54.854187423000099 ], [ -1.934989881999911, 54.853929864000065 ], [ -1.933450253999979, 54.852507339 ], [ -1.937734387999967, 54.851816794000172 ], [ -1.949057294999932, 54.852967012000136 ], [ -1.95941170499998, 54.856158343000118 ], [ -1.96420166899992, 54.859438897000132 ], [ -1.972465159999899, 54.860242628000094 ], [ -1.974766362999901, 54.862063756000168 ], [ -1.970693181999934, 54.863488940000138 ], [ -1.980236340999966, 54.868183457000157 ], [ -1.986446921999914, 54.868255244000125 ], [ -1.991494796999973, 54.87015447400006 ], [ -2.000966983999888, 54.869667712000137 ], [ -2.001937636999969, 54.868340440999987 ], [ -2.011712764999913, 54.866736609000156 ], [ -2.012075093999954, 54.864473845000191 ], [ -2.019108284999959, 54.862368381000067 ], [ -2.022430755999892, 54.858784011000125 ], [ -2.026209913999935, 54.858814678000101 ], [ -2.028754476999893, 54.85556646800012 ], [ -2.036216085999968, 54.852735536000182 ], [ -2.035988854999914, 54.851245649000077 ], [ -2.039756513999976, 54.848291569000082 ], [ -2.053305814999931, 54.847413687000085 ], [ -2.065057821999915, 54.843903201000103 ], [ -2.067891880999923, 54.844800279000026 ], [ -2.074330977999978, 54.840670825000132 ], [ -2.082475637999892, 54.83822208700002 ], [ -2.097725649999973, 54.836762916 ], [ -2.101408345999914, 54.837665708000088 ], [ -2.103918605999979, 54.840244438000127 ], [ -2.131006501999934, 54.842703675000109 ], [ -2.139788963999877, 54.841870720000031 ], [ -2.139739981999981, 54.834481224000058 ], [ -2.143442053999877, 54.830088816000057 ], [ -2.14313048799994, 54.826959216000091 ], [ -2.164264805999949, 54.815827850000119 ], [ -2.166349796999896, 54.813889260000167 ], [ -2.169470039999965, 54.803609974000153 ], [ -2.177416287999847, 54.806821138000089 ], [ -2.198600657999918, 54.806736277000084 ], [ -2.201521081999942, 54.799926927000172 ], [ -2.214462288999925, 54.78666655800015 ], [ -2.215056991999916, 54.78385270300015 ], [ -2.218906751999953, 54.782377383000096 ], [ -2.234064068999885, 54.784165221000023 ], [ -2.235520687999895, 54.78679729400011 ], [ -2.248662769999953, 54.787959859000125 ], [ -2.250719506999872, 54.790132147000122 ], [ -2.260583265999969, 54.791533034000111 ], [ -2.260210581999843, 54.79258163500009 ], [ -2.266912179999849, 54.794743598000196 ], [ -2.282677809999939, 54.79825207600004 ], [ -2.290094577999923, 54.79593493100009 ], [ -2.292986047999932, 54.793165505000104 ], [ -2.300554984999906, 54.793329437000125 ], [ -2.308800845999883, 54.790878736000138 ], [ -2.320579715999941, 54.79385239700008 ], [ -2.323554482999953, 54.795348772000182 ], [ -2.327385204999928, 54.80533246900012 ], [ -2.33162189199993, 54.804642488000127 ], [ -2.33832769299994, 54.806793339000194 ], [ -2.348428582999873, 54.807079275000035 ], [ -2.359925824999948, 54.816692787000022 ], [ -2.369830760999946, 54.820966513000144 ], [ -2.370876875999897, 54.824553463000086 ], [ -2.373998744999938, 54.826037431000145 ], [ -2.372669519999931, 54.827379595000195 ], [ -2.38998545499993, 54.832155243000045 ], [ -2.392726409999966, 54.83451525800001 ], [ -2.401622640999904, 54.851483964000181 ], [ -2.411623832999965, 54.856430738000029 ], [ -2.414650155999936, 54.850788629000078 ], [ -2.422690564999925, 54.84283312000008 ], [ -2.447047184999917, 54.835068846000183 ], [ -2.452234836999821, 54.832025778000116 ], [ -2.456036962999974, 54.831518141000117 ], [ -2.460595558999955, 54.834170814000117 ], [ -2.463068528999941, 54.830561389000195 ], [ -2.481991936999975, 54.816892112000119 ], [ -2.49540931699994, 54.810306669000113 ], [ -2.502168949999941, 54.810620330000063 ], [ -2.523291007999831, 54.806081829000107 ], [ -2.530667151999864, 54.805993169000089 ], [ -2.543265363999978, 54.81212447300004 ], [ -2.558306667999886, 54.816724616000101 ], [ -2.567848603999892, 54.823574840000049 ], [ -2.572590458999912, 54.831441876000099 ], [ -2.577951804999941, 54.83645433900017 ], [ -2.582671047999895, 54.845866782000087 ], [ -2.573352342999897, 54.853546197000185 ], [ -2.581198979999954, 54.864236114000107 ], [ -2.588595730999941, 54.869535796000036 ], [ -2.590247198999975, 54.873783749000097 ], [ -2.605437653999957, 54.884149591000096 ], [ -2.591169726999908, 54.888998834000176 ], [ -2.576414043999932, 54.896717110000168 ], [ -2.567565395999907, 54.909002637000185 ], [ -2.566221281999958, 54.91923806300008 ], [ -2.559613820999971, 54.92021670500003 ], [ -2.557191796999916, 54.921520945000111 ], [ -2.560224201999915, 54.923831728000096 ], [ -2.559405593999941, 54.924431298000172 ], [ -2.547613708999961, 54.926219368000147 ], [ -2.545272585999953, 54.929171962000169 ], [ -2.546834295999929, 54.930752819000134 ], [ -2.551421191999964, 54.929419229000132 ], [ -2.551989762999938, 54.932073940000123 ], [ -2.560190813999895, 54.934096045 ], [ -2.564936866999915, 54.940326753000022 ], [ -2.567649459999927, 54.940856021000116 ], [ -2.571285374999945, 54.94837037800005 ], [ -2.568491540999958, 54.958361817000139 ], [ -2.586529426999959, 54.963063046000173 ], [ -2.595568972999956, 54.963480932000095 ], [ -2.598798796999915, 54.965261431999977 ], [ -2.59821458499988, 54.966520582999976 ], [ -2.601429289999942, 54.971340170000076 ], [ -2.600345475999973, 54.973662231000105 ], [ -2.591591788999949, 54.974150833000181 ], [ -2.586629632999973, 54.982034215 ], [ -2.579237153999827, 54.982892838999987 ], [ -2.573310766999839, 54.98763778700004 ], [ -2.574434165999946, 54.991667294000081 ], [ -2.567713702999924, 55.002747350999982 ], [ -2.574180866999882, 55.003700053000102 ], [ -2.570241874999908, 55.006506112000068 ], [ -2.573653410999952, 55.006726420000177 ], [ -2.571868056999904, 55.00838915900016 ], [ -2.574811456999839, 55.01117267800015 ], [ -2.571780777999891, 55.014233300000058 ], [ -2.572851635999939, 55.016398332000165 ], [ -2.567898399999933, 55.017252817999974 ], [ -2.565042213999959, 55.020111132000068 ], [ -2.55875309299995, 55.020891492000146 ], [ -2.556981107999889, 55.019655938000028 ], [ -2.552619356999969, 55.021041702000105 ], [ -2.539572415999942, 55.028876904000072 ], [ -2.534060826999905, 55.028265019000116 ], [ -2.531975253999917, 55.030372355000054 ], [ -2.527621966999959, 55.02910002700014 ], [ -2.526912117999927, 55.032940242000166 ], [ -2.519105140999955, 55.032820110000159 ], [ -2.515792020999925, 55.033593494000058 ], [ -2.516240713999935, 55.034660091000092 ], [ -2.512298412999883, 55.033839225 ], [ -2.510167998999975, 55.036347214000159 ], [ -2.508630290999974, 55.036005003000184 ], [ -2.508923177999918, 55.034420432000047 ], [ -2.50447837199988, 55.033190778000119 ], [ -2.503825481999968, 55.03426728400018 ], [ -2.506299233999925, 55.035652602000027 ], [ -2.505256973999906, 55.03687007100018 ], [ -2.49343947199992, 55.037166616000093 ], [ -2.483049852999955, 55.040019076000192 ], [ -2.482956476999959, 55.043701067000143 ], [ -2.488121568999929, 55.04621811300018 ], [ -2.487565661999952, 55.047863964000044 ], [ -2.494341605999978, 55.050714843000094 ], [ -2.49075228199996, 55.054525975000161 ], [ -2.494706401999963, 55.053130547000137 ], [ -2.4978255179999, 55.05662515500012 ], [ -2.500677101999941, 55.056573836000041 ], [ -2.502726069999937, 55.060804151000184 ], [ -2.499959384999897, 55.062036766000119 ], [ -2.503984940999828, 55.062429894000161 ], [ -2.493798223999931, 55.06595913700005 ], [ -2.492199899999946, 55.068153713000072 ], [ -2.494034533999866, 55.071663389000037 ], [ -2.501234251999961, 55.07522481400008 ], [ -2.497053222999966, 55.077416574999972 ], [ -2.494653831999926, 55.081863606000127 ], [ -2.486638696999876, 55.081102394000027 ], [ -2.486290671999939, 55.083015083000134 ], [ -2.490762835999874, 55.083774478000123 ], [ -2.489713204999873, 55.084272067000029 ], [ -2.490698107999947, 55.085895438000136 ], [ -2.495329700999889, 55.086468877000073 ], [ -2.495078313999898, 55.087674837000179 ], [ -2.498478944999874, 55.087382487000184 ], [ -2.502574387999914, 55.090758675000075 ], [ -2.506934626999964, 55.089150100000154 ], [ -2.516467617999979, 55.089115434000121 ], [ -2.517801218999978, 55.085033722000048 ], [ -2.524950639999929, 55.085482086000013 ], [ -2.526389169999845, 55.083961713000122 ], [ -2.530470481999942, 55.08518675900001 ], [ -2.532256973999949, 55.082760795000013 ], [ -2.545766035999918, 55.083777536000071 ], [ -2.550960012999894, 55.080883109000126 ], [ -2.555188624999914, 55.082760836000148 ], [ -2.556947288999936, 55.081039114000134 ], [ -2.558791754999959, 55.083781305000116 ], [ -2.562136394999925, 55.083462169000143 ], [ -2.56176630899995, 55.085326687000077 ], [ -2.559101630999919, 55.085446761000071 ], [ -2.560484292999945, 55.086300387000165 ], [ -2.558876288999954, 55.087484974 ], [ -2.5610240339999, 55.087918065000054 ], [ -2.558294779999869, 55.088810366000075 ], [ -2.561032514999908, 55.088743874999977 ], [ -2.561179699999911, 55.090304071000105 ], [ -2.566705708999905, 55.091966006000064 ], [ -2.566781987999832, 55.093702690000043 ], [ -2.568974516999958, 55.094394247000139 ], [ -2.56842600799996, 55.096261413000093 ], [ -2.572331762999909, 55.097629614000084 ], [ -2.577040857999975, 55.095793981000156 ], [ -2.58369313799983, 55.097008624000011 ], [ -2.583387348999906, 55.101725950000059 ], [ -2.593539409999948, 55.105096058000015 ], [ -2.592295023999952, 55.106051938000064 ], [ -2.594324587999893, 55.107619088000035 ], [ -2.593436408999878, 55.112832645000026 ], [ -2.600471010999968, 55.117161764000059 ], [ -2.601593881999975, 55.122608909000178 ], [ -2.598902824999925, 55.124575716000095 ], [ -2.621273054999961, 55.129216441000096 ], [ -2.625689809999926, 55.127543026000126 ], [ -2.632638787999952, 55.127756963000138 ], [ -2.635710606999908, 55.129613668000047 ], [ -2.64712454499994, 55.131062346000135 ], [ -2.656939417999922, 55.136131830000011 ], [ -2.661624619999827, 55.146364985000048 ], [ -2.668578342999979, 55.147310971000138 ], [ -2.674890165999898, 55.155471455000168 ], [ -2.677324409999869, 55.155487588000142 ], [ -2.67609651399988, 55.158410459000152 ], [ -2.683253946999855, 55.166630492000195 ], [ -2.674270441999965, 55.173709426000073 ], [ -2.674555322999879, 55.17589146600011 ], [ -2.689790234999919, 55.188984211000104 ], [ -2.686149195999974, 55.190790326000069 ], [ -2.684765138999921, 55.192879314000095 ], [ -2.686249117999978, 55.194040882000081 ], [ -2.681584569999927, 55.197860958000149 ], [ -2.683331359999954, 55.201890408000111 ], [ -2.666814788999829, 55.221580389999986 ], [ -2.659991236999929, 55.219884072000184 ], [ -2.648070103999885, 55.219867153999985 ], [ -2.631414206999978, 55.223698085000137 ], [ -2.634656968999877, 55.225464904000091 ], [ -2.635805661999882, 55.229765912000119 ], [ -2.634029122999891, 55.231359377999979 ], [ -2.631525687999954, 55.23858358200016 ], [ -2.632973859999879, 55.239856564000149 ], [ -2.631418181999948, 55.240030908 ], [ -2.630228980999959, 55.244791496000062 ], [ -2.620200626999974, 55.247215127000175 ], [ -2.614836110999931, 55.245630222000045 ], [ -2.611450858999945, 55.247134429000027 ], [ -2.627652661999946, 55.250572802000079 ], [ -2.646771180999906, 55.260043863000078 ], [ -2.626656065999953, 55.262220937000052 ], [ -2.62819070099988, 55.267932624000025 ], [ -2.623280942999827, 55.269761201000108 ], [ -2.623332708999953, 55.271964268000033 ], [ -2.613709216999951, 55.278347254000039 ], [ -2.609238102999939, 55.283248026000194 ], [ -2.57336309599998, 55.296884397000042 ], [ -2.573704416999874, 55.300786183000071 ], [ -2.566347278999899, 55.303320390000067 ], [ -2.564334622999922, 55.306894427000145 ], [ -2.557089851999933, 55.311609296000029 ], [ -2.559008338999945, 55.317852822000077 ], [ -2.550425191999977, 55.315785536000078 ], [ -2.543104853999921, 55.319592335000038 ], [ -2.530768602999899, 55.322708954000063 ], [ -2.525108718999945, 55.321808795000095 ], [ -2.520269657999961, 55.323047091000092 ], [ -2.513712294999891, 55.329625369000098 ], [ -2.50218293699993, 55.337017388 ], [ -2.502253472999826, 55.340219570000102 ], [ -2.490967933999968, 55.350396689000092 ], [ -2.475393463999978, 55.354739919999986 ], [ -2.467537830999902, 55.352757526000119 ], [ -2.461223626999868, 55.353209221999975 ], [ -2.444651853999972, 55.359160711000129 ], [ -2.439296757999841, 55.359453270000074 ], [ -2.429230505999953, 55.356434891000163 ], [ -2.424350010999945, 55.358592320000071 ], [ -2.414996642999881, 55.358921903000066 ], [ -2.402183966999814, 55.354406388000086 ], [ -2.399505039999951, 55.348221401000046 ], [ -2.392978427999935, 55.347447399000146 ], [ -2.378911806999838, 55.349169437000171 ], [ -2.378961111999899, 55.350533268000106 ], [ -2.37279818899998, 55.355069340000057 ], [ -2.354871984999932, 55.362467496000079 ], [ -2.337529957999891, 55.36719096700017 ], [ -2.346233211999959, 55.373061053000015 ], [ -2.330020520999938, 55.381241566000028 ], [ -2.33474136399991, 55.38315521800007 ], [ -2.335512313999857, 55.39256548100019 ], [ -2.344946820999951, 55.399313431000053 ], [ -2.333530455999835, 55.402425293000135 ], [ -2.332998549999957, 55.404321785000036 ], [ -2.335629144999928, 55.408208063000018 ], [ -2.332366351999951, 55.409910714000148 ], [ -2.327350094999872, 55.407965436000154 ], [ -2.313253562999876, 55.406789334000166 ], [ -2.312544956999943, 55.409855226000161 ], [ -2.295934854999928, 55.4149221670001 ], [ -2.29380381999988, 55.418518768000069 ], [ -2.294513441999811, 55.420465182000157 ], [ -2.283849864999979, 55.422886790000177 ], [ -2.278710148999892, 55.426199926000038 ], [ -2.273892835999845, 55.425980767000112 ], [ -2.270646936999867, 55.429592921 ], [ -2.262243145999889, 55.428558181000028 ], [ -2.260611288999939, 55.432933998000124 ], [ -2.242543939999962, 55.432146299000067 ], [ -2.231281911999929, 55.428429292000089 ], [ -2.229956029999812, 55.430576634000147 ], [ -2.223352027999965, 55.431332940000175 ], [ -2.205624299999897, 55.437538795000194 ], [ -2.194858199999885, 55.444590284000185 ], [ -2.192264967999904, 55.452550943000119 ], [ -2.188425781999968, 55.456438584000182 ], [ -2.189778119999914, 55.460807890000183 ], [ -2.188077974999942, 55.462115273999984 ], [ -2.165521231999833, 55.468381898000189 ], [ -2.173723597999924, 55.472271111000168 ], [ -2.201335832999916, 55.475267520000045 ], [ -2.206355081999902, 55.4815597650001 ], [ -2.202649274999942, 55.489541288000112 ], [ -2.219452574999934, 55.505732543000136 ], [ -2.226540495999927, 55.507097923000174 ], [ -2.228845514999932, 55.509518780000178 ], [ -2.226627659999849, 55.519513647000167 ], [ -2.224283308999929, 55.522787671000174 ], [ -2.227602351999849, 55.528408131000162 ], [ -2.233217214999968, 55.529613282000128 ], [ -2.233823984999901, 55.540827557000114 ], [ -2.23224867599987, 55.54482982400009 ], [ -2.240768828999876, 55.55268353800011 ], [ -2.240306505999911, 55.555627169000047 ], [ -2.24785419899996, 55.556730738000113 ], [ -2.253075842999976, 55.561391496000113 ], [ -2.259867128999929, 55.563692827000182 ], [ -2.259804761999931, 55.565057784000032 ], [ -2.270055298999921, 55.570108660000187 ], [ -2.276478820999955, 55.575689445000137 ], [ -2.285432259999936, 55.577720188000058 ], [ -2.288810570999942, 55.580307266000034 ], [ -2.292391818999931, 55.585798566 ], [ -2.288114069999949, 55.591537634000019 ], [ -2.288607155999955, 55.59494186600017 ], [ -2.285935603999974, 55.596543890000191 ], [ -2.288954431999912, 55.598362608000059 ], [ -2.287752174999923, 55.601048449000132 ], [ -2.290320549999876, 55.602838459000111 ], [ -2.28923229499992, 55.603773696000133 ], [ -2.293885266999951, 55.60455515700005 ], [ -2.295134840999879, 55.608622435000086 ], [ -2.305949342999952, 55.612083950000056 ], [ -2.307286286999954, 55.61110392400019 ], [ -2.316094111999973, 55.620458468000038 ], [ -2.308934630999943, 55.62247950200009 ], [ -2.308626029999971, 55.628875976000188 ], [ -2.324310559999901, 55.626165907000029 ], [ -2.336005101999945, 55.63248148200006 ], [ -2.335047017999898, 55.634491443 ], [ -2.32651072699997, 55.636753576000046 ], [ -2.324702018999972, 55.643166547000135 ], [ -2.316034396999953, 55.643237716999977 ], [ -2.305789703999949, 55.647043774000053 ], [ -2.298950192999826, 55.647126327000024 ], [ -2.289179531999821, 55.643381435000151 ], [ -2.282972310999867, 55.642922381 ], [ -2.256017468999914, 55.644526275000032 ], [ -2.245725855999979, 55.639519288000088 ], [ -2.23436858599996, 55.641042101000039 ], [ -2.231917762999956, 55.645144881000078 ], [ -2.242494251999915, 55.647685130000184 ], [ -2.248345860999962, 55.652149755000039 ], [ -2.236552770999936, 55.65656054100009 ], [ -2.229977527999893, 55.662438551000093 ], [ -2.218452727999875, 55.664260266999975 ], [ -2.217041248999976, 55.666871093 ], [ -2.219571981999934, 55.672228966000034 ], [ -2.218658999999889, 55.675907 ], [ -2.208894388999965, 55.680606194000063 ], [ -2.205965312999979, 55.686068558999978 ], [ -2.197805033999884, 55.688327273000027 ], [ -2.192169999999862, 55.695573 ], [ -2.188235354999904, 55.696704593000049 ], [ -2.184054999999887, 55.701593000000116 ], [ -2.167231059999892, 55.70603516500006 ], [ -2.166998480999951, 55.70782620500006 ], [ -2.175746789999891, 55.714373081000133 ], [ -2.176519774999917, 55.71883751300004 ], [ -2.167694403999974, 55.722445763 ], [ -2.150575902999947, 55.723154408000084 ], [ -2.147749550999947, 55.727196637000191 ], [ -2.149746, 55.735192 ], [ -2.144018999999844, 55.739349000000175 ], [ -2.135478, 55.740332000000137 ], [ -2.124588, 55.737229 ], [ -2.117642, 55.738772 ], [ -2.11928399999988, 55.742366 ], [ -2.115722, 55.747557 ], [ -2.106444, 55.748564 ], [ -2.10597, 55.751195000000109 ], [ -2.109593, 55.757312000000127 ], [ -2.107642, 55.759888000000103 ], [ -2.096228, 55.762702 ], [ -2.08563901399998, 55.76204030700012 ], [ -2.085726, 55.768059000000108 ], [ -2.087511910999979, 55.772179432000144 ], [ -2.085852, 55.782573000000184 ], [ -2.088551999999879, 55.786766 ], [ -2.086122999999873, 55.79304500000012 ], [ -2.076973999999893, 55.794117 ], [ -2.067096999999876, 55.798514 ], [ -2.067153970999868, 55.800246886000025 ], [ -2.062241703999973, 55.802732931000151 ], [ -2.052636999999834, 55.802511000000152 ], [ -2.033216, 55.811657000000196 ], [ -2.027856923999877, 55.808573944000159 ], [ -2.027875333999873, 55.80667301200009 ], [ -2.030289026999924, 55.804745154000102 ], [ -2.021621483999979, 55.801938980999978 ], [ -2.01381285899987, 55.795240939 ], [ -2.012156281999921, 55.791714712000044 ], [ -2.005044748999865, 55.790319657000168 ], [ -2.004880487999969, 55.788417542000047 ], [ -2.000476937999906, 55.78663194000012 ], [ -2.00043355199989, 55.782031542000141 ], [ -1.994343074999904, 55.779930386000046 ], [ -1.995989611999903, 55.776194541000109 ], [ -1.992145049999863, 55.774408939000125 ], [ -1.992657655999892, 55.771750542000177 ], [ -1.989343191999922, 55.767848611000034 ], [ -2.004880729999968, 55.764637457000049 ], [ -2.004880747999948, 55.76286254200005 ], [ -1.99821176699993, 55.760917543000119 ], [ -1.992218403999971, 55.761408775000064 ], [ -1.988769819999902, 55.755641543000024 ], [ -1.97344, 55.746175 ], [ -1.970435999999893, 55.742031 ], [ -1.962733999999898, 55.738882 ], [ -1.960992, 55.734531000000118 ], [ -1.957657, 55.732029 ], [ -1.948893999999882, 55.728080000000148 ], [ -1.934322999999893, 55.718418 ], [ -1.921108, 55.713355 ], [ -1.911546, 55.70564300000018 ], [ -1.903933, 55.704211 ], [ -1.887177999999892, 55.697215 ], [ -1.872676999999896, 55.683541 ], [ -1.870436, 55.675087 ], [ -1.862678, 55.667431 ], [ -1.859881, 55.659252000000151 ], [ -1.852658, 55.653976 ], [ -1.846624, 55.652495 ], [ -1.840454, 55.646042000000136 ], [ -1.840992, 55.643143 ], [ -1.813213, 55.634808000000191 ], [ -1.808452999999872, 55.634808000000191 ], [ -1.801231, 55.638699 ], [ -1.793409, 55.650519 ], [ -1.790674, 55.652031 ], [ -1.794564, 55.657082000000173 ], [ -1.790044, 55.658377 ], [ -1.787679, 55.656876000000182 ], [ -1.781546999999875, 55.642029 ], [ -1.763774999999896, 55.627118 ], [ -1.76379, 55.624237 ], [ -1.769996, 55.617757000000154 ], [ -1.773549999999886, 55.616306000000179 ], [ -1.783212999999876, 55.616581 ], [ -1.776623, 55.614439 ], [ -1.768227, 55.604252 ], [ -1.76512, 55.604530000000182 ], [ -1.76012, 55.607864000000177 ], [ -1.758338, 55.611964000000114 ], [ -1.742679, 55.618952 ], [ -1.720494999999858, 55.616643000000181 ], [ -1.719881, 55.61314 ], [ -1.692776, 55.60668800000019 ], [ -1.679326, 55.596199 ], [ -1.674401, 55.594439000000136 ], [ -1.665994, 55.586197000000141 ], [ -1.651208, 55.58339500000011 ], [ -1.652301, 55.582678000000101 ], [ -1.646208, 55.582006 ], [ -1.638888, 55.57891 ], [ -1.638888, 55.577203 ], [ -1.645992, 55.574913000000151 ], [ -1.644882, 55.570919 ], [ -1.632658999999876, 55.55925400000018 ], [ -1.628258, 55.556907000000137 ], [ -1.627105, 55.554253 ], [ -1.62377, 55.552307 ], [ -1.618235, 55.552151 ], [ -1.623693, 55.549637 ], [ -1.627897, 55.551304000000187 ], [ -1.632103, 55.550469000000191 ], [ -1.638772, 55.538418000000149 ], [ -1.635513, 55.53805 ], [ -1.627658999999881, 55.528976000000171 ], [ -1.618291999999883, 55.526659000000109 ], [ -1.619882, 55.52463500000016 ], [ -1.619325999999887, 55.522865 ], [ -1.609901, 55.521042 ], [ -1.617659999999887, 55.514359 ], [ -1.617659999999887, 55.512585 ], [ -1.613777, 55.510174 ], [ -1.613777, 55.507049000000109 ], [ -1.615993999999887, 55.503803000000119 ], [ -1.614882, 55.498421000000121 ], [ -1.608215, 55.494808000000148 ], [ -1.601208999999869, 55.494783 ], [ -1.591568, 55.490765000000124 ], [ -1.591550999999868, 55.484842000000128 ], [ -1.593214999999873, 55.484081 ], [ -1.59104, 55.479076000000191 ], [ -1.592105, 55.473141000000112 ], [ -1.58781, 55.461849 ], [ -1.590434, 55.461044000000186 ], [ -1.591548999999873, 55.455643 ], [ -1.587724, 55.452934 ], [ -1.585995, 55.449028 ], [ -1.592105, 55.439529000000107 ], [ -1.587105, 55.434532 ], [ -1.578292, 55.431384000000151 ], [ -1.57766, 55.429028 ], [ -1.579886999999871, 55.420936 ], [ -1.582104, 55.418526 ], [ -1.578777, 55.410729000000174 ], [ -1.578815, 55.406980000000146 ], [ -1.590439, 55.404080000000192 ], [ -1.597181816999978, 55.393617009000138 ], [ -1.606550501999948, 55.390190443000165 ], [ -1.611008131999938, 55.385085556000092 ], [ -1.608777409999902, 55.384896127000161 ], [ -1.600995, 55.360363 ], [ -1.581550999999877, 55.338749000000121 ], [ -1.590116, 55.340469000000155 ], [ -1.593772, 55.339252000000158 ], [ -1.583216999999877, 55.336754 ], [ -1.570046999999818, 55.337264000000175 ], [ -1.562662, 55.329529 ], [ -1.555554, 55.326686000000166 ], [ -1.550458, 55.32243 ], [ -1.549903, 55.31145800000013 ], [ -1.558774, 55.306301000000133 ], [ -1.570438, 55.290192 ], [ -1.571551999999883, 55.275642 ], [ -1.569885681999949, 55.271197561000122 ], [ -1.560440854999911, 55.253695561000086 ], [ -1.553217938999865, 55.245086562000154 ], [ -1.547107992999941, 55.239806562000069 ], [ -1.533261881999977, 55.233572948000187 ], [ -1.528778959999954, 55.226563129000056 ], [ -1.529328191999923, 55.2195315620001 ], [ -1.524884254999961, 55.213141562000033 ], [ -1.510441385999968, 55.199809562999974 ], [ -1.502705198999934, 55.197462950000102 ], [ -1.504328475999955, 55.19064256300004 ], [ -1.499335347999875, 55.186562128000162 ], [ -1.50065482399998, 55.184659911999972 ], [ -1.50828318799995, 55.184818132000089 ], [ -1.512663552999925, 55.18269443700018 ], [ -1.514398267999979, 55.179031429000133 ], [ -1.512682834999907, 55.174792606000153 ], [ -1.519582121999917, 55.17063047500011 ], [ -1.524445636999815, 55.162759208000182 ], [ -1.544887, 55.162029000000132 ], [ -1.530156, 55.161744000000169 ], [ -1.524928, 55.159129000000178 ], [ -1.519331, 55.14592 ], [ -1.505442, 55.133697 ], [ -1.497181999999896, 55.129160000000127 ], [ -1.491552999999897, 55.122243 ], [ -1.492678999999896, 55.120772000000159 ], [ -1.495996999999818, 55.123524 ], [ -1.492663, 55.119026 ], [ -1.495441, 55.11769100000015 ], [ -1.498775248999891, 55.111858434000169 ], [ -1.496553330999916, 55.103419567000117 ], [ -1.480996479999874, 55.088141567000093 ], [ -1.476551504999975, 55.085639566999987 ], [ -1.469424928999899, 55.085284525000134 ], [ -1.469331549999936, 55.080920568000067 ], [ -1.463293322999903, 55.079435998000179 ], [ -1.460996612999963, 55.074584999000194 ], [ -1.470717168999897, 55.074486077000188 ], [ -1.477474406999875, 55.070328688000188 ], [ -1.479644493999956, 55.067209036000179 ], [ -1.492328603999965, 55.066058385000076 ], [ -1.487301474999924, 55.05582646 ], [ -1.487813613999947, 55.053591996000023 ], [ -1.492577590999929, 55.054413520000139 ], [ -1.508632062999936, 55.048020179000105 ], [ -1.510284230999957, 55.05500891100013 ], [ -1.532339652999894, 55.054149482000184 ], [ -1.539868363999915, 55.061590694000188 ], [ -1.542935539999974, 55.058420382000065 ], [ -1.557040851999886, 55.054178194000031 ], [ -1.575080096999955, 55.055619891000049 ], [ -1.57685429299994, 55.056606497000132 ], [ -1.578539628999863, 55.06308128400002 ] ] ], [ [ [ -1.536821999999859, 55.337021000000107 ], [ -1.537267999999813, 55.332734000000187 ], [ -1.541223, 55.333717000000149 ], [ -1.54105, 55.336437000000103 ], [ -1.536821999999859, 55.337021000000107 ] ] ], [ [ [ -1.604113, 55.512275000000159 ], [ -1.607659, 55.509064000000194 ], [ -1.610673, 55.509291000000132 ], [ -1.605972, 55.512416 ], [ -1.604113, 55.512275000000159 ] ] ], [ [ [ -1.613216, 55.517773 ], [ -1.613365999999871, 55.517580000000123 ], [ -1.613414999999861, 55.517584000000113 ], [ -1.613216, 55.517773 ] ] ], [ [ [ -1.972101999999893, 55.744629 ], [ -1.972179999999867, 55.744783000000155 ], [ -1.972101999999893, 55.74477800000011 ], [ -1.972101999999893, 55.744629 ] ] ], [ [ [ -1.651231999999879, 55.617118 ], [ -1.64143, 55.616363 ], [ -1.646608, 55.615732 ], [ -1.651231999999879, 55.617118 ] ] ], [ [ [ -1.644148, 55.621383000000151 ], [ -1.649121, 55.619358 ], [ -1.653451, 55.620140000000163 ], [ -1.651854999999898, 55.621475000000146 ], [ -1.644148, 55.621383000000151 ] ] ], [ [ [ -1.62821, 55.635007000000144 ], [ -1.619488999999874, 55.633097000000191 ], [ -1.61932499999989, 55.632774 ], [ -1.623385, 55.632199000000128 ], [ -1.622221, 55.630527 ], [ -1.625067, 55.629044 ], [ -1.626191, 55.631841000000179 ], [ -1.625147, 55.63307 ], [ -1.62821, 55.635007000000144 ] ] ], [ [ [ -1.622365999999886, 55.636317000000133 ], [ -1.625176, 55.636046000000135 ], [ -1.625896, 55.636312 ], [ -1.622365999999886, 55.636317000000133 ] ] ], [ [ [ -1.628242999999884, 55.638197000000105 ], [ -1.62591099999986, 55.637940000000128 ], [ -1.626061, 55.636717 ], [ -1.630935, 55.638596 ], [ -1.630928, 55.640515 ], [ -1.62792, 55.639959 ], [ -1.627172, 55.638484 ], [ -1.628242999999884, 55.638197000000105 ] ] ], [ [ [ -1.61652, 55.639819 ], [ -1.62015, 55.638796000000127 ], [ -1.623740999999882, 55.638781000000108 ], [ -1.616761, 55.640993000000151 ], [ -1.61652, 55.639819 ] ] ], [ [ [ -1.60945699999985, 55.646972000000176 ], [ -1.6088, 55.64482 ], [ -1.606127, 55.643990000000144 ], [ -1.604668999999888, 55.641857 ], [ -1.60623, 55.642971 ], [ -1.608214, 55.642693000000122 ], [ -1.606567, 55.641873000000146 ], [ -1.607188, 55.640833 ], [ -1.609589, 55.641888000000165 ], [ -1.611786999999879, 55.643993 ], [ -1.610674, 55.644913000000145 ], [ -1.614003, 55.64684300000016 ], [ -1.60945699999985, 55.646972000000176 ] ] ], [ [ [ -1.655668, 55.618547000000149 ], [ -1.652286, 55.615914 ], [ -1.65539699999988, 55.615021 ], [ -1.658664, 55.617103 ], [ -1.655668, 55.618547000000149 ] ] ], [ [ [ -1.797863, 55.689773000000173 ], [ -1.799881, 55.688141000000144 ], [ -1.795119999999827, 55.687862000000166 ], [ -1.790638999999885, 55.690068 ], [ -1.791184, 55.687050000000113 ], [ -1.789326, 55.685921000000121 ], [ -1.783871, 55.685146000000145 ], [ -1.777792, 55.686580000000106 ], [ -1.776733, 55.685191000000145 ], [ -1.778955, 55.678281 ], [ -1.781147, 55.67676200000011 ], [ -1.779880999999875, 55.67628400000018 ], [ -1.779325, 55.670643 ], [ -1.776589999999885, 55.667539000000147 ], [ -1.793452, 55.669636 ], [ -1.795436, 55.669357000000105 ], [ -1.795154, 55.66798 ], [ -1.802789999999845, 55.667762 ], [ -1.807322, 55.670627000000195 ], [ -1.807340999999894, 55.67769200000015 ], [ -1.810675, 55.68019100000015 ], [ -1.820119999999861, 55.682415000000105 ], [ -1.830990999999869, 55.682415000000105 ], [ -1.836547, 55.680470000000128 ], [ -1.838932, 55.677457 ], [ -1.845894999999871, 55.677139 ], [ -1.852820999999892, 55.680006000000105 ], [ -1.855675, 55.684582 ], [ -1.854521999999861, 55.688018000000113 ], [ -1.852005, 55.688973 ], [ -1.820674, 55.685085 ], [ -1.812341, 55.685642000000144 ], [ -1.80768, 55.688673000000108 ], [ -1.797863, 55.689773000000173 ] ] ], [ [ [ -1.785832, 55.685642000000144 ], [ -1.78545999999983, 55.685494000000176 ], [ -1.786278, 55.685642000000144 ], [ -1.785832, 55.685642000000144 ] ] ] ] } },
{ "type": "Feature", "properties": { "country": "United Kingdom", "name": "Allerdale", "type": "Administrative county district", "count": 2, "first_date": "2026-08-09", "last_date": "2026-08-11" }, "geometry": { "type": "Polygon", "coordinates": [ [ [ -3.283387432999973, 54.874912749000032 ], [ -3.279945999999825, 54.873142 ], [ -3.27935, 54.877786000000185 ], [ -3.284922, 54.883649 ], [ -3.283836999999892, 54.888249 ], [ -3.290934, 54.889662000000158 ], [ -3.29038, 54.891729000000112 ], [ -3.283056, 54.893142000000125 ], [ -3.269948, 54.89091800000017 ], [ -3.262725, 54.893421000000103 ], [ -3.250501999999869, 54.902309000000116 ], [ -3.248646, 54.9109160000001 ], [ -3.244499, 54.908973000000117 ], [ -3.232987, 54.908962 ], [ -3.230052999999884, 54.905643000000111 ], [ -3.224496, 54.903141 ], [ -3.222169627999904, 54.903419008000128 ], [ -3.222169627999904, 54.906025419 ], [ -3.230347414999926, 54.907424961000174 ], [ -3.233834, 54.910748 ], [ -3.244757999999877, 54.911308 ], [ -3.248385999999869, 54.913525000000163 ], [ -3.260053406999873, 54.910469542000101 ], [ -3.270207623999909, 54.902423894000037 ], [ -3.284235496999884, 54.902423894000037 ], [ -3.285491668999839, 54.903125029000023 ], [ -3.284946669999954, 54.904915342000095 ], [ -3.298712882999951, 54.906606843000191 ], [ -3.298279513999887, 54.909359465000193 ], [ -3.302680743999929, 54.912229141000125 ], [ -3.303268636999974, 54.91520764500001 ], [ -3.29823662299998, 54.924715441000103 ], [ -3.288741986999923, 54.932821765000085 ], [ -3.278124350999974, 54.937297787000091 ], [ -3.254201019999869, 54.944248762000086 ], [ -3.24216960799987, 54.945640077 ], [ -3.231457491999947, 54.951740229000109 ], [ -3.222169627999904, 54.952308167000183 ], [ -3.213610886999902, 54.954806794000092 ], [ -3.203576956999939, 54.954525556000078 ], [ -3.187985638999919, 54.951187098000048 ], [ -3.176719436999974, 54.941474427000173 ], [ -3.15743158399988, 54.938407864000169 ], [ -3.154540285999929, 54.936659258000077 ], [ -3.153941403999966, 54.93369626000009 ], [ -3.142830380999953, 54.930087556000103 ], [ -3.135608444999889, 54.928142060000027 ], [ -3.123055933999922, 54.928973664000125 ], [ -3.118341, 54.927864000000113 ], [ -3.118680646999962, 54.924304909999989 ], [ -3.122282980999955, 54.922041070000091 ], [ -3.118677788999889, 54.918411365000054 ], [ -3.121697, 54.915348000000165 ], [ -3.118517288999954, 54.910205177000194 ], [ -3.126361555999893, 54.905508123000061 ], [ -3.114937409999925, 54.904053401000112 ], [ -3.112875093999833, 54.905050970000161 ], [ -3.112748450999902, 54.907130732999974 ], [ -3.105473580999899, 54.908768056000042 ], [ -3.10387206899992, 54.906118114000151 ], [ -3.101575725999908, 54.906541498000195 ], [ -3.099446604999969, 54.904078004000098 ], [ -3.089692, 54.903129 ], [ -3.078036010999881, 54.904507940000144 ], [ -3.078300284999898, 54.902389934000041 ], [ -3.073538736999922, 54.899743310000076 ], [ -3.070878790999927, 54.889711440000156 ], [ -3.066113012999892, 54.888491005000162 ], [ -3.061443978999932, 54.88960282000005 ], [ -3.060990819999915, 54.886850369000115 ], [ -3.057166893999977, 54.886724826000147 ], [ -3.072366999999872, 54.876054 ], [ -3.064861604999976, 54.872244502000171 ], [ -3.056503999999848, 54.870748000000162 ], [ -3.054460245999962, 54.867911068000069 ], [ -3.058050026999979, 54.862472463000131 ], [ -3.070250331999887, 54.86136260700016 ], [ -3.064026106999961, 54.859808598000086 ], [ -3.066207999999847, 54.85495 ], [ -3.064562, 54.855853000000195 ], [ -3.025291, 54.851500000000101 ], [ -2.989180356999952, 54.867903182000134 ], [ -2.998372458999938, 54.870140316000175 ], [ -3.00517925399987, 54.877042694000181 ], [ -2.998436961999971, 54.883974014000046 ], [ -2.995902286999922, 54.884414567000192 ], [ -2.989593684999932, 54.881291135000026 ], [ -2.984907599999929, 54.883751774000132 ], [ -2.981620399999883, 54.881014351000033 ], [ -2.977671961999931, 54.881260026000064 ], [ -2.975485178999918, 54.878164605000165 ], [ -2.968443420999961, 54.876076818000172 ], [ -2.967417593999869, 54.874304698000117 ], [ -2.955029582999941, 54.871132449000072 ], [ -2.946160194999891, 54.872153589 ], [ -2.943439337999905, 54.877490411000167 ], [ -2.938165686999923, 54.876974171000086 ], [ -2.934560500999908, 54.872513950000098 ], [ -2.924004753999952, 54.870554809000055 ], [ -2.924291893999907, 54.867845789000114 ], [ -2.911146421999888, 54.871339465000176 ], [ -2.905662345999929, 54.869719786000189 ], [ -2.901697051999918, 54.873159769000154 ], [ -2.896511320999934, 54.870230717000084 ], [ -2.892790816999934, 54.875337394000098 ], [ -2.894492379999974, 54.876314290000096 ], [ -2.889169568999819, 54.879618301 ], [ -2.884616065999978, 54.879791714000078 ], [ -2.875545039999963, 54.876057014000139 ], [ -2.875675969999975, 54.871170066000104 ], [ -2.870417071999952, 54.869737636000025 ], [ -2.871864396999968, 54.867052771000033 ], [ -2.867072347999965, 54.861200881000059 ], [ -2.85136056399989, 54.850022094 ], [ -2.852555173999974, 54.843003119000059 ], [ -2.847470046999888, 54.834263206000116 ], [ -2.848677450999958, 54.833118902000137 ], [ -2.855691376999971, 54.83342910600004 ], [ -2.863060467999958, 54.837253765000014 ], [ -2.87092533099991, 54.834820641000135 ], [ -2.873210831999927, 54.832801018000112 ], [ -2.870784659999913, 54.831827228 ], [ -2.871991486999946, 54.828593245000036 ], [ -2.881471117999922, 54.823497564000036 ], [ -2.890312606999885, 54.821268093000072 ], [ -2.893983570999978, 54.822517217000041 ], [ -2.907409310999981, 54.821958379000137 ], [ -2.904441345999885, 54.818832468000039 ], [ -2.904414218999932, 54.813019078000082 ], [ -2.893051926999874, 54.792853374000117 ], [ -2.8959260929999, 54.791592896000111 ], [ -2.896376597999961, 54.787493389000076 ], [ -2.899649869999905, 54.782588379000117 ], [ -2.904872246999901, 54.780473547000156 ], [ -2.912699394999947, 54.781727058 ], [ -2.912073049999947, 54.78007723200011 ], [ -2.898997999999892, 54.776893793000056 ], [ -2.890043774999924, 54.772256137000056 ], [ -2.884065918999966, 54.763664380000137 ], [ -2.85693905099987, 54.749081204 ], [ -2.852715181999883, 54.749096610000038 ], [ -2.834641100999875, 54.737873852000178 ], [ -2.835295464999945, 54.734806610000021 ], [ -2.832346995999956, 54.732572113000174 ], [ -2.83086815199988, 54.733231103000151 ], [ -2.829499184999975, 54.730610965999972 ], [ -2.818993261999935, 54.725267866000195 ], [ -2.814184021999949, 54.716648603000181 ], [ -2.820797404999951, 54.715130121000129 ], [ -2.815107633999958, 54.707832591999988 ], [ -2.81656148199994, 54.706962738000129 ], [ -2.820672599999909, 54.708416922000026 ], [ -2.829247021999947, 54.713632057000154 ], [ -2.82816953299988, 54.713927012000113 ], [ -2.837348972999905, 54.713369622000187 ], [ -2.835811093999951, 54.709468298000161 ], [ -2.830915028999868, 54.705862253000134 ], [ -2.834359913999947, 54.70273900400008 ], [ -2.833156332999863, 54.697324630000082 ], [ -2.822326960999931, 54.686557677000167 ], [ -2.831749901999956, 54.688727581000137 ], [ -2.838249390999977, 54.685620027000027 ], [ -2.842321060999893, 54.685835354000176 ], [ -2.857161642999927, 54.698211350000122 ], [ -2.863177943999972, 54.698452639000095 ], [ -2.865175421999879, 54.700153147000094 ], [ -2.868440648999922, 54.699442219000048 ], [ -2.876693225999929, 54.705867783000087 ], [ -2.88252947299992, 54.704624760000172 ], [ -2.884748587999866, 54.701838795000128 ], [ -2.890253386999973, 54.701652035000109 ], [ -2.893309513999952, 54.703373948000035 ], [ -2.901916881999909, 54.701243158000125 ], [ -2.906318316999943, 54.697859950000179 ], [ -2.915979637999953, 54.696859838000194 ], [ -2.933217266999975, 54.708713419000162 ], [ -2.940587850999975, 54.706087874000048 ], [ -2.954811507999921, 54.713675840000121 ], [ -2.967938717999914, 54.717765919000044 ], [ -2.969609101999936, 54.721343794000063 ], [ -2.974859489999858, 54.725989263000145 ], [ -2.989188408999894, 54.728425445000084 ], [ -2.988988632999963, 54.724176208000131 ], [ -2.983747950999884, 54.720950349000134 ], [ -2.98631222299997, 54.720545785000013 ], [ -2.985973720999937, 54.71952036800019 ], [ -2.98299889499998, 54.719381020000014 ], [ -2.984762696999894, 54.716062157000124 ], [ -2.991230471999927, 54.712845125000058 ], [ -2.989118805999908, 54.710906833000081 ], [ -2.989825087999975, 54.707150789000195 ], [ -2.99260491799987, 54.704744657000049 ], [ -2.994527608999874, 54.69979597300005 ], [ -2.992274610999971, 54.696242912000116 ], [ -2.995768699999815, 54.694528311999989 ], [ -3.033700020999959, 54.694320348000019 ], [ -3.04072842599993, 54.697530651000193 ], [ -3.063798504999966, 54.700082096000187 ], [ -3.073627920999968, 54.695580066000161 ], [ -3.081920152999942, 54.695253841000067 ], [ -3.087191011999948, 54.686091958000077 ], [ -3.070428969999966, 54.684934371000168 ], [ -3.054604363999943, 54.679757202000133 ], [ -3.063515122999945, 54.673012653000171 ], [ -3.069302524999898, 54.671424 ], [ -3.072896130999879, 54.666866313000185 ], [ -3.086496201999921, 54.663355123000088 ], [ -3.09009867199984, 54.660265283000058 ], [ -3.092786052999884, 54.655103098000041 ], [ -3.092240625999978, 54.649392147000128 ], [ -3.09429434499998, 54.643869771000084 ], [ -3.090657041999918, 54.636107005000099 ], [ -3.091992050999977, 54.62701880700007 ], [ -3.089609778999886, 54.622158335000108 ], [ -3.09240352799992, 54.617235959000141 ], [ -3.087422635999928, 54.615420504000099 ], [ -3.086949132999905, 54.612644981000074 ], [ -3.077794009999934, 54.610567159000084 ], [ -3.067705023999963, 54.614177727000083 ], [ -3.062722223999913, 54.612584103000188 ], [ -3.055099502999894, 54.614561453000192 ], [ -3.05325465199985, 54.613402856000164 ], [ -3.044706852999923, 54.614295681000044 ], [ -3.039115011999911, 54.612344075000067 ], [ -3.038968435999948, 54.608843912000054 ], [ -3.034341494999921, 54.602777626000147 ], [ -3.022888635999834, 54.60275986400012 ], [ -3.011503440999888, 54.599542026000108 ], [ -3.007689762999917, 54.595427152000184 ], [ -3.0016503679999, 54.596999666000102 ], [ -2.997960961999922, 54.60436018900009 ], [ -2.999405469999886, 54.604999832000146 ], [ -2.998342279999918, 54.607921334000139 ], [ -2.999370904999978, 54.608452101000069 ], [ -2.995821729999932, 54.612229022 ], [ -2.996009491999928, 54.617689847000065 ], [ -2.999440063999828, 54.619598285000052 ], [ -3.00259207299996, 54.626476166000032 ], [ -3.00800864699994, 54.628914359000078 ], [ -3.002763970999865, 54.631190310000193 ], [ -3.002253781999912, 54.632744827000124 ], [ -2.991508669999916, 54.630646738000166 ], [ -2.983688324999832, 54.633959458000163 ], [ -2.970616904999929, 54.632632399000045 ], [ -2.965904835999936, 54.635007696 ], [ -2.958893405999959, 54.634040642000116 ], [ -2.962053989999902, 54.643749510000191 ], [ -2.955995384999937, 54.650226926000187 ], [ -2.936288951999927, 54.646110239 ], [ -2.924413089999973, 54.652354091000063 ], [ -2.913732740999933, 54.654707070000143 ], [ -2.910681546999967, 54.6548783880001 ], [ -2.906685993999872, 54.653506344000107 ], [ -2.906822460999877, 54.651699804000032 ], [ -2.904226650999874, 54.65164105100007 ], [ -2.891302811999935, 54.656480207000072 ], [ -2.881347783999956, 54.651237241000047 ], [ -2.877685435999979, 54.654324842000165 ], [ -2.873332153999911, 54.654640316000155 ], [ -2.871628445999932, 54.656368168000085 ], [ -2.868731081999897, 54.656203909999988 ], [ -2.868612063999933, 54.652228882000088 ], [ -2.866571986999872, 54.652209358000107 ], [ -2.866289476999953, 54.654227128000059 ], [ -2.856503165999868, 54.653946256999973 ], [ -2.852665015999946, 54.648011365000116 ], [ -2.85194243299992, 54.640364943000179 ], [ -2.855679944999963, 54.633818478000023 ], [ -2.854208850999953, 54.632076448000134 ], [ -2.856220186999906, 54.630631465000022 ], [ -2.857842739999967, 54.632134309000037 ], [ -2.858922783999958, 54.631340241000089 ], [ -2.858074575999979, 54.628873014000135 ], [ -2.86081620799996, 54.62571617500015 ], [ -2.858573795999973, 54.623599544000058 ], [ -2.85658852899985, 54.623833728000079 ], [ -2.84689475499988, 54.608635685000138 ], [ -2.833409198999902, 54.605885808000096 ], [ -2.85105075499996, 54.592046922000122 ], [ -2.850937015999932, 54.588666757000112 ], [ -2.858542027999931, 54.583039295999981 ], [ -2.859250264999901, 54.580594243000121 ], [ -2.864118990999941, 54.576414709000119 ], [ -2.877797573999828, 54.578857739000114 ], [ -2.900066735999928, 54.572674318 ], [ -2.918462242999908, 54.569989036000038 ], [ -2.931161321999923, 54.563950489000035 ], [ -2.925933154999882, 54.560981764000132 ], [ -2.919633947999955, 54.55978869 ], [ -2.92259132199996, 54.553857956000115 ], [ -2.922521050999933, 54.550405603 ], [ -2.912251019999928, 54.528313989000196 ], [ -2.90329844799993, 54.521330891000105 ], [ -2.903782050999951, 54.520140052000045 ], [ -2.895923731999972, 54.515505504000089 ], [ -2.879068147999874, 54.514731527000095 ], [ -2.864535450999938, 54.499647294 ], [ -2.863538733999974, 54.493163868000011 ], [ -2.866368434999913, 54.488998734 ], [ -2.875617662999957, 54.481100545000118 ], [ -2.883664938999971, 54.4849568140001 ], [ -2.894840725999927, 54.484482598999989 ], [ -2.900098410999817, 54.483096363000072 ], [ -2.899598577999939, 54.481280151000078 ], [ -2.906278463999911, 54.481347985000184 ], [ -2.912758262999944, 54.471814936000044 ], [ -2.916796271999942, 54.470772307000175 ], [ -2.919818788999976, 54.464779066000176 ], [ -2.931454715999962, 54.469872880000082 ], [ -2.937552959999948, 54.468670787 ], [ -2.941220647999955, 54.470891762 ], [ -2.949413112999935, 54.481902746000173 ], [ -2.955347316999962, 54.484532325000032 ], [ -2.966360423999902, 54.48223205000005 ], [ -2.967404228999953, 54.486303036000095 ], [ -2.972594111999911, 54.48845516200015 ], [ -2.980476701999919, 54.495954252000161 ], [ -2.990016944999979, 54.495757844000082 ], [ -2.996012591999829, 54.497550070000045 ], [ -3.013753149999957, 54.494710773 ], [ -3.014834536999899, 54.49984331700017 ], [ -3.042290806999972, 54.49582252700003 ], [ -3.048303981999936, 54.49627837800017 ], [ -3.050801716999842, 54.49126510900004 ], [ -3.061985452999977, 54.492522680000093 ], [ -3.073380989999862, 54.490283146000081 ], [ -3.081705725999939, 54.484926155000096 ], [ -3.084382508999909, 54.48557622400017 ], [ -3.088265184999841, 54.483964055000115 ], [ -3.093816886999889, 54.474803405000102 ], [ -3.097753144999899, 54.471903443000144 ], [ -3.109478958999944, 54.474003727000195 ], [ -3.108868109999946, 54.480801989000099 ], [ -3.100732069999822, 54.490382399 ], [ -3.095099861999927, 54.492503280000108 ], [ -3.094912958999828, 54.498913045999984 ], [ -3.097193803999971, 54.502605884000047 ], [ -3.087231721999956, 54.507844767000165 ], [ -3.088746348999962, 54.518857661000084 ], [ -3.09259697799996, 54.519235423000055 ], [ -3.099913209999841, 54.523296953000056 ], [ -3.099394535999977, 54.526418473000035 ], [ -3.10192049099993, 54.532253459 ], [ -3.101346671999977, 54.542852163000134 ], [ -3.099007778999976, 54.543192489000035 ], [ -3.102883229999975, 54.552878894000116 ], [ -3.102348677999885, 54.561774967000133 ], [ -3.105376663999891, 54.566344419000018 ], [ -3.104367509999975, 54.568488156000058 ], [ -3.105589176999956, 54.570990767000069 ], [ -3.115173320999929, 54.578687613000113 ], [ -3.11089913099994, 54.583767035000051 ], [ -3.11052988799986, 54.58981897700005 ], [ -3.118650704999936, 54.592719868000188 ], [ -3.121988102999978, 54.590323550000164 ], [ -3.127583502999926, 54.592645960000084 ], [ -3.129591898999934, 54.590451384000062 ], [ -3.148980514999892, 54.587326434000147 ], [ -3.153998455999954, 54.598578540000176 ], [ -3.153340233999927, 54.603545865 ], [ -3.158184543999937, 54.603717944000152 ], [ -3.164668615999972, 54.608020015000193 ], [ -3.164352442999927, 54.613649162000115 ], [ -3.169138759999896, 54.616345107000143 ], [ -3.168903150999938, 54.617906694000112 ], [ -3.171105959999863, 54.619326929000124 ], [ -3.175381537999954, 54.61824029600001 ], [ -3.179687141999864, 54.619429698000033 ], [ -3.179784510999923, 54.620759758000133 ], [ -3.187471853999966, 54.621799084000145 ], [ -3.185070952999979, 54.624771331000147 ], [ -3.199254242999871, 54.631238306000057 ], [ -3.199646592999841, 54.636723960000097 ], [ -3.207062096999948, 54.641489041000114 ], [ -3.210008561999928, 54.647040820000029 ], [ -3.212682251999979, 54.647784256000079 ], [ -3.222998039999879, 54.64294237900009 ], [ -3.22172158799998, 54.639703655000176 ], [ -3.222523483999964, 54.635757242000068 ], [ -3.230931127999895, 54.628559487000018 ], [ -3.234097270999939, 54.627886459000138 ], [ -3.231878042999938, 54.625601927000105 ], [ -3.227805616999945, 54.625697291000165 ], [ -3.225928236999948, 54.623069466000061 ], [ -3.234610661999966, 54.61262141900005 ], [ -3.230340784999896, 54.604235544000176 ], [ -3.245695500999943, 54.588730559000055 ], [ -3.259456481999962, 54.585473058000105 ], [ -3.252007612999932, 54.572677529000032 ], [ -3.241415717999928, 54.571305579000182 ], [ -3.229257010999959, 54.566524295000193 ], [ -3.240848232999952, 54.56047150400002 ], [ -3.248713232999933, 54.551199043000111 ], [ -3.24933073699998, 54.547175212000184 ], [ -3.254602305999867, 54.544647261000193 ], [ -3.25821902499996, 54.540810659000158 ], [ -3.255332408999948, 54.53902425800004 ], [ -3.234519669999827, 54.538916722000067 ], [ -3.235495397999898, 54.537703406 ], [ -3.232498230999965, 54.535899619000077 ], [ -3.216593971999885, 54.533077640999977 ], [ -3.214171234999981, 54.530440857000144 ], [ -3.202075443999888, 54.527326153 ], [ -3.201061038999967, 54.525672691000125 ], [ -3.198072208999974, 54.51821492900001 ], [ -3.199628072999815, 54.508893107 ], [ -3.209288637999862, 54.50213262800014 ], [ -3.213624512999957, 54.496591611000042 ], [ -3.217876568999884, 54.49735946800007 ], [ -3.224715895999907, 54.502336018000051 ], [ -3.233156569999949, 54.500374540000166 ], [ -3.241037424999888, 54.504320213000028 ], [ -3.239917078999895, 54.506184930000018 ], [ -3.257840538999915, 54.508754484000178 ], [ -3.266424275999952, 54.51437192100019 ], [ -3.298949347999894, 54.524894639000081 ], [ -3.298644631999935, 54.527463829 ], [ -3.305783995999889, 54.530133563000106 ], [ -3.316458773999955, 54.527815002000011 ], [ -3.333201649999978, 54.531365028000153 ], [ -3.340040121999834, 54.535234040000148 ], [ -3.350478270999929, 54.53367369 ], [ -3.355347735999942, 54.535479658000042 ], [ -3.360085149999975, 54.537953784000138 ], [ -3.361355800999945, 54.543758029000116 ], [ -3.366152882999927, 54.544644055999981 ], [ -3.364371244999916, 54.550734423000051 ], [ -3.370881833999931, 54.555427961000078 ], [ -3.370024953999916, 54.558325395 ], [ -3.376930536999907, 54.564678540000159 ], [ -3.375714191999919, 54.565624403000129 ], [ -3.37688549399985, 54.568297536000102 ], [ -3.375813789999881, 54.571381735999978 ], [ -3.378280846999928, 54.575956181000038 ], [ -3.38602965799987, 54.576530936000097 ], [ -3.391793497999913, 54.584869949000051 ], [ -3.396977159999835, 54.587129021000067 ], [ -3.408912158999954, 54.586520472000075 ], [ -3.428744680999898, 54.59330174400003 ], [ -3.433998457999905, 54.597473725000157 ], [ -3.438922010999875, 54.58850311100008 ], [ -3.446218723999948, 54.581549661000111 ], [ -3.45661619699996, 54.581464524000069 ], [ -3.46199887299997, 54.583707644000071 ], [ -3.481127321999907, 54.581189525000127 ], [ -3.487050247999889, 54.587132340999972 ], [ -3.486992749999956, 54.592773684 ], [ -3.489479263999954, 54.597798649000026 ], [ -3.49241766199998, 54.599417070000072 ], [ -3.501078786999869, 54.599459271000114 ], [ -3.511135391999971, 54.604786078000075 ], [ -3.522028310999872, 54.605441541 ], [ -3.526661451999871, 54.603227974000106 ], [ -3.536964894999926, 54.602871143000129 ], [ -3.541733614999941, 54.606569204000152 ], [ -3.546332988999836, 54.607125338000174 ], [ -3.546240804999911, 54.604205515000046 ], [ -3.5516292289999, 54.597263558000066 ], [ -3.554226367999945, 54.596442826000043 ], [ -3.573834455999872, 54.600985958000024 ], [ -3.570501569999976, 54.608420852000052 ], [ -3.571613553999896, 54.612083435000159 ], [ -3.570501555999897, 54.624081145000048 ], [ -3.576047623999955, 54.633959989000118 ], [ -3.576058615999955, 54.643803129000105 ], [ -3.579347623999979, 54.65221635600011 ], [ -3.574496518999979, 54.649531832000037 ], [ -3.567725647999907, 54.648696412000049 ], [ -3.568236602999889, 54.65221635600011 ], [ -3.561612595999918, 54.658141603000047 ], [ -3.56265975599996, 54.66168834400014 ], [ -3.549946536999926, 54.669806947000097 ], [ -3.545409123999946, 54.675322071000096 ], [ -3.531612623999933, 54.680640687000164 ], [ -3.528741744999877, 54.684763628000155 ], [ -3.523836601999903, 54.687030306000111 ], [ -3.521548763999874, 54.691130176000058 ], [ -3.517723549999914, 54.693698396000116 ], [ -3.513811179999948, 54.704684171 ], [ -3.509947527999941, 54.708976259000053 ], [ -3.509854952999945, 54.717264667000165 ], [ -3.502724636999972, 54.715919008000128 ], [ -3.494852939999873, 54.725874438000119 ], [ -3.481612672999859, 54.730918398000028 ], [ -3.475379857999826, 54.735616514000071 ], [ -3.461613644999886, 54.740085115000056 ], [ -3.436057557999959, 54.76008557200015 ], [ -3.433835495999858, 54.764529695000078 ], [ -3.431050411999877, 54.783249389000105 ], [ -3.437712634999912, 54.793681364000065 ], [ -3.438824618999945, 54.803265352000039 ], [ -3.432723511999939, 54.809290937000071 ], [ -3.421015753999882, 54.828604142000131 ], [ -3.410501469999929, 54.842307557000026 ], [ -3.404947507999907, 54.855639925000048 ], [ -3.40492302999985, 54.859686765000049 ], [ -3.398831928999925, 54.86933978999997 ], [ -3.394254986999954, 54.868025080000109 ], [ -3.397738033999929, 54.869428419000144 ], [ -3.384391536999885, 54.877028932000087 ], [ -3.377103820999878, 54.885576739999976 ], [ -3.369823846999964, 54.89117224000006 ], [ -3.344166039999948, 54.900363435000145 ], [ -3.333453162999888, 54.899187580000103 ], [ -3.343385468999941, 54.895748625000067 ], [ -3.339063968999881, 54.895616362000055 ], [ -3.336719523999875, 54.892585268000062 ], [ -3.313020859999881, 54.888969984000084 ], [ -3.296875695999915, 54.883964503000072 ], [ -3.291719447999981, 54.878974428000106 ], [ -3.283480007999913, 54.878099933000158 ], [ -3.281730448999951, 54.876595278000082 ], [ -3.283387432999973, 54.874912749000032 ] ] ] } },
{ "type": "Feature", "properties": { "country": "United Kingdom", "name": "High Peak", "type": "Administrative county district", "count": 2, "first_date": "2026-08-15", "last_date": "2026-08-17" }, "geometry": { "type": "Polygon", "coordinates": [ [ [ -1.847142619999886, 53.24844503900016 ], [ -1.844721571999969, 53.24574799200002 ], [ -1.853878557999906, 53.243278680000174 ], [ -1.858264883999937, 53.236277519000112 ], [ -1.858238870999969, 53.233231271000079 ], [ -1.874266000999967, 53.226846928000043 ], [ -1.87120912499995, 53.224714249999977 ], [ -1.860751746999881, 53.222318629000085 ], [ -1.853237643999819, 53.216575824000017 ], [ -1.850808473999905, 53.217474345000028 ], [ -1.83125307399996, 53.210649180000132 ], [ -1.831955082999968, 53.205693089000135 ], [ -1.827488055999936, 53.204446252000082 ], [ -1.831505408999874, 53.204289297000116 ], [ -1.832300892999967, 53.202994293000131 ], [ -1.831604718999927, 53.197587631000033 ], [ -1.842247430999976, 53.194696221000072 ], [ -1.841344835999905, 53.197160583000084 ], [ -1.862834808999935, 53.205298675000165 ], [ -1.872708028999909, 53.215658170000154 ], [ -1.874378984999964, 53.211056918000111 ], [ -1.873189150999906, 53.207273292000195 ], [ -1.878473565999911, 53.206959751000113 ], [ -1.876615211999876, 53.203396612000063 ], [ -1.882645541999977, 53.203304805000016 ], [ -1.884385322999947, 53.204937916000063 ], [ -1.881626844999971, 53.207445674999974 ], [ -1.886945235999917, 53.217732834 ], [ -1.89540276199989, 53.218603451000035 ], [ -1.89375126799996, 53.217837096000096 ], [ -1.897209226999962, 53.215926517000071 ], [ -1.894854147999979, 53.211985650000031 ], [ -1.897597886999961, 53.210452817000146 ], [ -1.91075583199995, 53.221694603000174 ], [ -1.91855680599997, 53.217986182 ], [ -1.910571786999981, 53.216448857000103 ], [ -1.908983898999963, 53.215280915999983 ], [ -1.911765782999908, 53.213241695000136 ], [ -1.911122694999904, 53.212132084000075 ], [ -1.905863179999869, 53.211746921000099 ], [ -1.900071726999954, 53.208364273000143 ], [ -1.900712012999975, 53.204627387000073 ], [ -1.902493596999932, 53.203954746000079 ], [ -1.899051341999893, 53.202199957000119 ], [ -1.898632930999895, 53.199956978000046 ], [ -1.908044119999943, 53.198539954000069 ], [ -1.915382361999946, 53.202984940000135 ], [ -1.92296738999994, 53.203298429000029 ], [ -1.937692538999897, 53.211777849000157 ], [ -1.948806171999934, 53.211664481000184 ], [ -1.95670722999995, 53.213747608000176 ], [ -1.961031360999868, 53.219434314000125 ], [ -1.962364609999952, 53.226241734999974 ], [ -1.9781864979999, 53.216856387000064 ], [ -1.98740775899995, 53.213585848000093 ], [ -1.989639886999953, 53.215789168000128 ], [ -1.99026453599987, 53.222998898000185 ], [ -1.985933789999933, 53.225765113000193 ], [ -1.976064950999955, 53.227529768000068 ], [ -1.974858753999911, 53.231061053000133 ], [ -1.979091201999893, 53.233327855000084 ], [ -1.981883260999894, 53.238579390000041 ], [ -1.999731222999969, 53.245048856000096 ], [ -1.99920677199998, 53.24637561100019 ], [ -2.001859507999939, 53.248517565000157 ], [ -2.000332746999902, 53.255438647000062 ], [ -2.009481850999975, 53.260652454000081 ], [ -2.005197296999938, 53.269039951000138 ], [ -2.009278467999934, 53.280067060000079 ], [ -2.008112043999972, 53.288261264000084 ], [ -2.009640904999912, 53.289436008000109 ], [ -2.009329147999949, 53.302314154000157 ], [ -2.001551046999964, 53.318921812000099 ], [ -2.003730857999926, 53.321663228000091 ], [ -2.010265970999967, 53.322897036000029 ], [ -2.011797065999872, 53.327597026000092 ], [ -2.009283000999972, 53.331388588000095 ], [ -2.013649943999894, 53.332420156000182 ], [ -2.014319200999921, 53.340058512000155 ], [ -2.004659834999813, 53.34600965900006 ], [ -2.007838456999821, 53.347765917000061 ], [ -2.008424934999937, 53.351103293000165 ], [ -2.00662086799997, 53.351827953000054 ], [ -2.006785052999874, 53.354572112000028 ], [ -2.010672076999867, 53.355701730000021 ], [ -2.008998106999911, 53.362010994000173 ], [ -2.015570985999943, 53.36283549000018 ], [ -2.017394857999932, 53.36555423700014 ], [ -2.021816624999872, 53.366757098000107 ], [ -2.026837044999979, 53.36368195100016 ], [ -2.034086386999888, 53.367752830000086 ], [ -2.028624037999919, 53.370734047000099 ], [ -2.033775431999914, 53.375541569000177 ], [ -2.026208991999965, 53.373618141000179 ], [ -2.021472069999959, 53.375059115 ], [ -2.020944213999883, 53.377598491000185 ], [ -2.017084082999929, 53.377832754999986 ], [ -2.019714460999921, 53.380595464000066 ], [ -2.01511286799996, 53.380567395000128 ], [ -2.013061806999815, 53.384104643000057 ], [ -2.004642866999916, 53.386327277000134 ], [ -2.005019390999962, 53.392848518000108 ], [ -1.996254366999949, 53.404541834000042 ], [ -1.992329470999948, 53.41519313200007 ], [ -2.013697181999873, 53.415890109000145 ], [ -2.014769071999922, 53.417851263000045 ], [ -2.017018623999888, 53.418142195000144 ], [ -2.016676069999903, 53.419303504000027 ], [ -2.023709629999928, 53.420551712000076 ], [ -2.023439465999957, 53.421751757000152 ], [ -2.020995552999977, 53.421259694000071 ], [ -2.019724332999942, 53.425118679000036 ], [ -2.021653185999924, 53.427378049000083 ], [ -2.024437343999921, 53.427280458000098 ], [ -2.027375321999898, 53.432333179000125 ], [ -2.02275492799987, 53.433098144999974 ], [ -2.01784893599995, 53.438392346000057 ], [ -2.013655462999907, 53.439883234000149 ], [ -2.008316489999913, 53.436094179000065 ], [ -2.004216051999947, 53.435921785 ], [ -2.008234852999919, 53.441549299000087 ], [ -1.999332812999853, 53.445865943000172 ], [ -1.995933072999946, 53.445964732000107 ], [ -1.994908704999887, 53.450730418000035 ], [ -1.985792378999861, 53.455226771000014 ], [ -1.987659257999951, 53.456878151000069 ], [ -1.988161212999842, 53.460597690000043 ], [ -1.980594698999937, 53.463208767000026 ], [ -1.988530682999965, 53.470024931000182 ], [ -1.987372848999883, 53.472773538000126 ], [ -1.989323379999973, 53.475114297000118 ], [ -1.988092497999901, 53.480332062000059 ], [ -1.97427777099989, 53.48838441800018 ], [ -1.970776738999916, 53.495223875000079 ], [ -1.972497193999914, 53.499083921000022 ], [ -1.971586302999924, 53.504341993000082 ], [ -1.963385989999949, 53.509827260000179 ], [ -1.959473878999972, 53.505906967000044 ], [ -1.951332674999946, 53.504198838000036 ], [ -1.942428240999959, 53.506610005000141 ], [ -1.935501495999972, 53.50578675800017 ], [ -1.92197284599996, 53.509954684000036 ], [ -1.916766435999875, 53.51449575900017 ], [ -1.926780655999949, 53.520948749000127 ], [ -1.923477046999835, 53.522958297000116 ], [ -1.922444680999945, 53.530815061000055 ], [ -1.915775606999944, 53.532946896000112 ], [ -1.914253366999958, 53.536708213000054 ], [ -1.908927535999908, 53.538731993000169 ], [ -1.898355503999937, 53.537795821000145 ], [ -1.894109491999927, 53.533611778000079 ], [ -1.88704586699987, 53.535869340000147 ], [ -1.88268698599984, 53.539151108999988 ], [ -1.873492625999972, 53.540429650000192 ], [ -1.859536222999964, 53.533650488000092 ], [ -1.852378753999972, 53.527156876000163 ], [ -1.845683934999897, 53.524726955000062 ], [ -1.841820827999925, 53.519908779000048 ], [ -1.827151059999949, 53.523507916000028 ], [ -1.822621150999964, 53.521771891000185 ], [ -1.819523776999972, 53.513428091000094 ], [ -1.800778652999952, 53.51137852800008 ], [ -1.810398890999863, 53.506340148000106 ], [ -1.79903403599991, 53.504665908000163 ], [ -1.796037461999958, 53.50264109200009 ], [ -1.795000921999929, 53.495918730000085 ], [ -1.795846777999941, 53.494286097000099 ], [ -1.800262990999897, 53.49335516300016 ], [ -1.801470632999838, 53.480991760000109 ], [ -1.791106612999954, 53.475781616000177 ], [ -1.779063182999892, 53.474221193000119 ], [ -1.776199975999873, 53.46832578100009 ], [ -1.770495325999946, 53.466932609000082 ], [ -1.768437341999913, 53.464766932000089 ], [ -1.759397693999915, 53.463560826000105 ], [ -1.752153969999824, 53.464924026000119 ], [ -1.745285516999957, 53.462124995000067 ], [ -1.748166587999947, 53.45733031300017 ], [ -1.743680848999873, 53.444955337000181 ], [ -1.749728228999913, 53.439119259000108 ], [ -1.748561154999891, 53.435602305000089 ], [ -1.744273009999915, 53.431296659000168 ], [ -1.746572531999959, 53.426017249000154 ], [ -1.729951137999933, 53.415985638000109 ], [ -1.718319428999962, 53.419426668000085 ], [ -1.704364728999963, 53.41534912000003 ], [ -1.702981591999958, 53.41086582600019 ], [ -1.704965320999918, 53.40505597300006 ], [ -1.70064519399989, 53.403361737000182 ], [ -1.694521215999885, 53.401161162000108 ], [ -1.681828661999873, 53.401780701000121 ], [ -1.668089246999955, 53.393071191000161 ], [ -1.659007868999936, 53.393495137000059 ], [ -1.653817821999951, 53.391910826000185 ], [ -1.661860209999872, 53.391442110000128 ], [ -1.663756596999917, 53.380860661000099 ], [ -1.673312003999968, 53.369393411000033 ], [ -1.670157521999954, 53.365079182000045 ], [ -1.67087336599991, 53.357983762 ], [ -1.673168390999933, 53.352977956000075 ], [ -1.671213037999962, 53.349367195000013 ], [ -1.677054686999952, 53.342258622000088 ], [ -1.685535656999946, 53.335581947000037 ], [ -1.691337581999903, 53.33671617300007 ], [ -1.696867067999904, 53.33480492700005 ], [ -1.699550275999968, 53.331434609000098 ], [ -1.700448809999898, 53.323624756000015 ], [ -1.706244077999941, 53.325116881000099 ], [ -1.711691848999976, 53.324539548000075 ], [ -1.712558772999841, 53.322429258000057 ], [ -1.720065725999973, 53.319321654000134 ], [ -1.727587601999971, 53.319143905000089 ], [ -1.727277527999888, 53.328940072000194 ], [ -1.724980288999973, 53.331510069000103 ], [ -1.735290827999961, 53.334762903000126 ], [ -1.731341649999877, 53.336162688000059 ], [ -1.730205788999967, 53.338630148000107 ], [ -1.749352936999969, 53.334975639000163 ], [ -1.760063854999885, 53.338313419000087 ], [ -1.78406740399987, 53.325433328000088 ], [ -1.80610482599991, 53.317029695000144 ], [ -1.813804119999872, 53.307973190000155 ], [ -1.822625983999899, 53.302811816000144 ], [ -1.824660444999836, 53.298867826000105 ], [ -1.822427179999977, 53.293965751000144 ], [ -1.823893485999974, 53.292012798000144 ], [ -1.816901255999881, 53.287073884000051 ], [ -1.817565130999924, 53.282644369000081 ], [ -1.812550808999902, 53.280328280000049 ], [ -1.809771289999958, 53.275362211000129 ], [ -1.800059802999897, 53.271186382 ], [ -1.799512488999824, 53.265735655000128 ], [ -1.796841274999963, 53.262786495000171 ], [ -1.798272854999936, 53.260268391000182 ], [ -1.79028664599997, 53.256412037000132 ], [ -1.795090941999888, 53.255108007999979 ], [ -1.805437175999941, 53.25623179500019 ], [ -1.80769721199988, 53.257973807000042 ], [ -1.816149568999947, 53.258097588000112 ], [ -1.817522500999871, 53.257066009000084 ], [ -1.816912342999842, 53.255672767000078 ], [ -1.813535495999929, 53.254614031000074 ], [ -1.820648021999943, 53.251993912000103 ], [ -1.833190280999929, 53.251496913999972 ], [ -1.837576776999867, 53.24921173600012 ], [ -1.843166214999883, 53.250637632000121 ], [ -1.847142619999886, 53.24844503900016 ] ] ] } },
{ "type": "Feature", "properties": { "country": "United Kingdom", "name": "Horsham", "type": "Administrative county district", "count": 1, "first_date": "2026-08-19", "last_date": "2026-08-19" }, "geometry": { "type": "Polygon", "coordinates": [ [ [ -0.392794587999958, 50.893147388000102 ], [ -0.405963684999961, 50.884173704000148 ], [ -0.408619777999888, 50.87990398 ], [ -0.413160899999923, 50.879588047000084 ], [ -0.411739859999955, 50.88655908200019 ], [ -0.424646617999827, 50.88621579 ], [ -0.426532213999963, 50.88785367800017 ], [ -0.427104700999905, 50.893107174000193 ], [ -0.431076747999839, 50.892790987000012 ], [ -0.431053054999893, 50.889516173000175 ], [ -0.439984274999915, 50.877527362000194 ], [ -0.446852782999883, 50.880481421000127 ], [ -0.447934089999933, 50.87972421700016 ], [ -0.452483524999934, 50.890874125000039 ], [ -0.45150233499993, 50.895467496000094 ], [ -0.455357542999934, 50.896880989000067 ], [ -0.461274227999922, 50.892148623000026 ], [ -0.464921296999876, 50.883971356000131 ], [ -0.476587742999925, 50.885055858000158 ], [ -0.475279524999848, 50.894344052000179 ], [ -0.482019866999963, 50.894382409000059 ], [ -0.479629539999962, 50.896348671000055 ], [ -0.480265201999885, 50.898444294000171 ], [ -0.482842228999971, 50.899096529000019 ], [ -0.492961152999897, 50.892513203000135 ], [ -0.49076485899991, 50.885275049000086 ], [ -0.493116801999918, 50.885263173000169 ], [ -0.494440853999947, 50.890853308000032 ], [ -0.499918002999891, 50.89988278900006 ], [ -0.514926708999951, 50.888942939000174 ], [ -0.519279716999961, 50.88981393500012 ], [ -0.523768052999969, 50.885958735000145 ], [ -0.524408265999853, 50.883243784000115 ], [ -0.529275037999923, 50.881418445000179 ], [ -0.53282458699988, 50.881151046000184 ], [ -0.535618523999972, 50.885805805000132 ], [ -0.537555862999852, 50.886276195000107 ], [ -0.547139001999881, 50.884514487000047 ], [ -0.543796806999922, 50.881318082000121 ], [ -0.549034116999906, 50.880116161000103 ], [ -0.5554584489999, 50.881941329000085 ], [ -0.561003820999872, 50.887763623000069 ], [ -0.559032868999964, 50.889987562000158 ], [ -0.548680241999932, 50.893016796000154 ], [ -0.547117315999969, 50.889917224000044 ], [ -0.543252251999888, 50.890844803000107 ], [ -0.543556347999925, 50.89809788600013 ], [ -0.546430074999932, 50.899569020000172 ], [ -0.550508157999957, 50.898991997999985 ], [ -0.55587032699998, 50.905307725000057 ], [ -0.550334901999975, 50.91405151500004 ], [ -0.536285343999964, 50.913793472000066 ], [ -0.537299773999962, 50.917103125999972 ], [ -0.550639973999921, 50.923058303000062 ], [ -0.556066483999928, 50.923477141000092 ], [ -0.557621035999944, 50.929066723000176 ], [ -0.56532334699989, 50.931443129000172 ], [ -0.568974193999964, 50.935414361000085 ], [ -0.568709249999927, 50.942512088 ], [ -0.563677129999917, 50.949353256000109 ], [ -0.549673690999896, 50.953983407000123 ], [ -0.545580376999965, 50.953796649000139 ], [ -0.544075023999937, 50.948025972999972 ], [ -0.537699797999949, 50.948214315000143 ], [ -0.533749333999936, 50.950244901000076 ], [ -0.532075116999977, 50.95390105700011 ], [ -0.535314593999942, 50.955252004000045 ], [ -0.535190500999875, 50.957248757000116 ], [ -0.527625272999842, 50.961391089000017 ], [ -0.526809211999932, 50.963870975000077 ], [ -0.53073563199996, 50.967250595999985 ], [ -0.526654542999893, 50.974021221000044 ], [ -0.529029194999907, 50.975097103000053 ], [ -0.529312078999965, 50.978855251000141 ], [ -0.523173192999877, 50.982145602000173 ], [ -0.524531905999936, 50.982338178000134 ], [ -0.52485729599988, 50.987038438000184 ], [ -0.521133506999945, 50.990334079000093 ], [ -0.50726846699996, 50.990530056000068 ], [ -0.506722154999864, 50.992988973000195 ], [ -0.508805700999858, 50.996093814000119 ], [ -0.515214440999955, 50.996134963000088 ], [ -0.517645474999938, 50.998553502000107 ], [ -0.510913720999838, 51.003913143000091 ], [ -0.510680386999979, 51.007817672000101 ], [ -0.5051308809999, 51.006049789000144 ], [ -0.503242897999939, 51.009041012000068 ], [ -0.499101470999904, 51.009098499000117 ], [ -0.49689601599988, 51.011133203999975 ], [ -0.486220867999975, 51.010106080000071 ], [ -0.483494334999932, 51.011622052000121 ], [ -0.486569129999964, 51.016746511000179 ], [ -0.475855111999977, 51.020957290000183 ], [ -0.47760566799991, 51.02305751 ], [ -0.475145334999922, 51.025465186000133 ], [ -0.476567816999932, 51.026660032000052 ], [ -0.474952703999975, 51.028074304000143 ], [ -0.476129532999835, 51.028458341000032 ], [ -0.474868070999889, 51.029828580000185 ], [ -0.476130564999835, 51.032470149000176 ], [ -0.473194275999958, 51.033850004000044 ], [ -0.475900915999944, 51.03629455500004 ], [ -0.476060856999936, 51.038767924000126 ], [ -0.48116394099992, 51.038128279000091 ], [ -0.483927398999924, 51.040991518000112 ], [ -0.478979839999965, 51.045019995000075 ], [ -0.480070548999947, 51.048179015000187 ], [ -0.476520439999945, 51.051765140000157 ], [ -0.477765149999811, 51.052659075000122 ], [ -0.475638537999885, 51.056377866000048 ], [ -0.477829854999925, 51.057781387000091 ], [ -0.482054366999876, 51.055881223000085 ], [ -0.484127196999964, 51.056811004 ], [ -0.483125050999888, 51.060410446000105 ], [ -0.484420009999951, 51.062751067000079 ], [ -0.482186570999886, 51.064455913000074 ], [ -0.479364998999927, 51.063589191000119 ], [ -0.478407137999966, 51.066471645000092 ], [ -0.484503267999969, 51.068030048000139 ], [ -0.486477961999867, 51.070196853000084 ], [ -0.487146362999908, 51.080006915000183 ], [ -0.49212717599994, 51.094484176000151 ], [ -0.48851964499994, 51.097340584000051 ], [ -0.474815965999937, 51.096954006000033 ], [ -0.456774829999972, 51.100566193000191 ], [ -0.444849659999875, 51.09959260200003 ], [ -0.441058418999887, 51.101736367000058 ], [ -0.441444402999934, 51.103297183000052 ], [ -0.438827120999917, 51.100297376000071 ], [ -0.44250368999991, 51.098127883000075 ], [ -0.438436289999913, 51.097908123000195 ], [ -0.419313080999927, 51.105175494000093 ], [ -0.400218399999915, 51.108419575000028 ], [ -0.399651173999814, 51.111608744000193 ], [ -0.396504233999849, 51.112176267000166 ], [ -0.391524792999974, 51.116510785000173 ], [ -0.390345078999871, 51.114730135000116 ], [ -0.384631064999951, 51.114741275000142 ], [ -0.383100814999978, 51.116993587000138 ], [ -0.367339650999952, 51.11743564700015 ], [ -0.364545087999886, 51.119492774000094 ], [ -0.360018265999884, 51.119008561000044 ], [ -0.358033355999964, 51.121030224000094 ], [ -0.352804652999907, 51.118301077000126 ], [ -0.344329219999963, 51.118925971000181 ], [ -0.331619177999926, 51.122464795000042 ], [ -0.326228346999926, 51.125845520999974 ], [ -0.312652700999934, 51.124021828000195 ], [ -0.300346785999977, 51.124735696000073 ], [ -0.291597942999942, 51.126910312000064 ], [ -0.286390624999854, 51.130492475000096 ], [ -0.273245122999924, 51.130855682 ], [ -0.267189772999927, 51.132909116000121 ], [ -0.260503325999935, 51.138085935000049 ], [ -0.241633707999824, 51.143029469000169 ], [ -0.216660664999893, 51.142029768000157 ], [ -0.200274263999972, 51.139092466000136 ], [ -0.213826801999971, 51.129920532000085 ], [ -0.219253800999866, 51.128835979000144 ], [ -0.219153474999928, 51.126945901000113 ], [ -0.222019602999978, 51.124212443000033 ], [ -0.221138809999957, 51.120540617000188 ], [ -0.222786774999975, 51.11486676100003 ], [ -0.226335081999935, 51.115445880000095 ], [ -0.226934359999973, 51.113302907000161 ], [ -0.234003400999882, 51.113121230000104 ], [ -0.236892213999909, 51.109440789000132 ], [ -0.231424553999943, 51.10780597300004 ], [ -0.232382143999928, 51.10738252800013 ], [ -0.230554773999927, 51.102038199000162 ], [ -0.232490577999954, 51.097350824000159 ], [ -0.219371621999926, 51.099565555000027 ], [ -0.217690266999966, 51.091934066000192 ], [ -0.211808348999966, 51.091932573000122 ], [ -0.212741111999946, 51.085001773000101 ], [ -0.210845305999953, 51.079185770000151 ], [ -0.212969802999964, 51.071955481000145 ], [ -0.211292398999888, 51.068256123000083 ], [ -0.211898590999965, 51.064267127999983 ], [ -0.217789314999948, 51.06361779000008 ], [ -0.222628051999891, 51.060211134000156 ], [ -0.223171900999944, 51.05725981 ], [ -0.219404978999933, 51.051782367000044 ], [ -0.226757882999891, 51.041568233000135 ], [ -0.221743833999938, 51.041081908000137 ], [ -0.219158895999897, 51.037921930000152 ], [ -0.224058112999899, 51.037935339000114 ], [ -0.226522587999966, 51.034616584000048 ], [ -0.229236914999944, 51.037907823000126 ], [ -0.239384368999936, 51.034251643000118 ], [ -0.246937493999894, 51.033507206000081 ], [ -0.249081348999823, 51.024947350000048 ], [ -0.236649304999958, 51.021084016000145 ], [ -0.240238336999937, 51.017200963000107 ], [ -0.244507461999831, 51.015792963000138 ], [ -0.245296731999929, 51.012331666000193 ], [ -0.23201522099987, 51.010847277000039 ], [ -0.235744862999923, 51.00572803100016 ], [ -0.234826813999973, 50.999570086000176 ], [ -0.236690686999907, 50.996307575000174 ], [ -0.236258702999976, 50.992778448000081 ], [ -0.241996367999889, 50.990726299000016 ], [ -0.24182016899988, 50.986755004000145 ], [ -0.230963418999977, 50.989178481000067 ], [ -0.229547140999955, 50.987004942000056 ], [ -0.241075812999952, 50.971805116999974 ], [ -0.240869655999916, 50.95271543400014 ], [ -0.238521572999957, 50.949936235000109 ], [ -0.224811872999908, 50.948465033000105 ], [ -0.224455571999954, 50.942945807000115 ], [ -0.227643073999957, 50.94237366800013 ], [ -0.228254688999925, 50.938566155000103 ], [ -0.23194308099994, 50.935815195000032 ], [ -0.229489301999877, 50.933491922000144 ], [ -0.231504995999956, 50.928942073000144 ], [ -0.229352417999905, 50.925966841 ], [ -0.229233309999927, 50.918799045000071 ], [ -0.225900430999957, 50.916574736000143 ], [ -0.226818058999925, 50.912683663000166 ], [ -0.22378386399987, 50.911784136000108 ], [ -0.233484155999918, 50.911292746000129 ], [ -0.236130090999893, 50.908207511000171 ], [ -0.244154461999926, 50.907363450000048 ], [ -0.241640935999953, 50.902157043000159 ], [ -0.243810151999867, 50.901466640000137 ], [ -0.243791012999964, 50.884888683000099 ], [ -0.245551482999872, 50.876284259000101 ], [ -0.248404210999922, 50.874961841000129 ], [ -0.248659769999847, 50.873070778000056 ], [ -0.244341715999951, 50.869021927000176 ], [ -0.239238285999932, 50.867885596000178 ], [ -0.239861237999889, 50.86594884100009 ], [ -0.244970866999893, 50.86380890300012 ], [ -0.248472912999944, 50.864136705000078 ], [ -0.248977986999876, 50.870648310000149 ], [ -0.257681971999943, 50.871482684000114 ], [ -0.25893452899993, 50.871207280000078 ], [ -0.256435855999939, 50.865872892000084 ], [ -0.256579131999956, 50.862335266000173 ], [ -0.287949882999897, 50.864152097000101 ], [ -0.290935958999967, 50.862740695000014 ], [ -0.299460419999889, 50.864197157000092 ], [ -0.298458526999866, 50.866267153000138 ], [ -0.307597792999957, 50.866505278000034 ], [ -0.313592444999813, 50.864529818000165 ], [ -0.320445352999968, 50.865426356000114 ], [ -0.331583050999939, 50.863063450000027 ], [ -0.343787302999942, 50.862933272000078 ], [ -0.349121197999978, 50.864441403000058 ], [ -0.349115961999871, 50.865960299000164 ], [ -0.364597871999933, 50.874525773000073 ], [ -0.363491468999939, 50.876289066000083 ], [ -0.366226323999911, 50.876898459000131 ], [ -0.366707598999938, 50.883342575000029 ], [ -0.363896225999952, 50.888479674000109 ], [ -0.380064174999916, 50.885593449000112 ], [ -0.38549459799998, 50.888734457000112 ], [ -0.386634163999872, 50.887275297000031 ], [ -0.388723452999898, 50.892408634000105 ], [ -0.392794587999958, 50.893147388000102 ] ] ] } },
{ "type": "Feature", "properties": { "country": "France", "name": "Dunkerque", "type": "Arrondissement", "count": 1, "first_date": "2026-08-21", "last_date": "2026-08-21" }, "geometry": { "type": "MultiPolygon", "coordinates": [ [ [ [ 2.751518011000144, 50.606891632000099 ], [ 2.747182369000086, 50.60524749700005 ], [ 2.726066112000012, 50.613845825000055 ], [ 2.718602181, 50.629364015000078 ], [ 2.698116542000093, 50.629146577000029 ], [ 2.681958437000162, 50.63630294800015 ], [ 2.676499844000148, 50.635894776000157 ], [ 2.671708822000028, 50.626216888000158 ], [ 2.630516052000019, 50.617950440000129 ], [ 2.615829229000155, 50.627445220000027 ], [ 2.613140107000049, 50.634033204000104 ], [ 2.592597485000113, 50.631950378999989 ], [ 2.589615822000098, 50.637691498000152 ], [ 2.584993363000137, 50.636924744000112 ], [ 2.57811546400012, 50.632530213000052 ], [ 2.567759036000155, 50.632465363000165 ], [ 2.564301014000023, 50.624431611000148 ], [ 2.561748982000097, 50.627502443000026 ], [ 2.546332122000081, 50.627014160000044 ], [ 2.541743754000038, 50.628883362000181 ], [ 2.538346530000126, 50.631607055000188 ], [ 2.534782410000105, 50.641662599000142 ], [ 2.524285079000151, 50.641353607000156 ], [ 2.516854286000182, 50.636264801000095 ], [ 2.491412641000011, 50.631935120000094 ], [ 2.473182679000161, 50.638599395000028 ], [ 2.450821639000083, 50.653446197999983 ], [ 2.430187464000142, 50.656799316000161 ], [ 2.421531916000049, 50.66551589900007 ], [ 2.416134358000022, 50.665832519000162 ], [ 2.41451096500009, 50.669433595000044 ], [ 2.403682710000055, 50.679916381000169 ], [ 2.398590564000074, 50.680538178 ], [ 2.377302409000038, 50.671684266 ], [ 2.363524675000122, 50.68464279300008 ], [ 2.386166572000093, 50.698577881000062 ], [ 2.355647802000021, 50.716129303000116 ], [ 2.347722053000155, 50.727806091000048 ], [ 2.339682578000122, 50.730670930000031 ], [ 2.342194796000172, 50.740699767000194 ], [ 2.363636256000177, 50.751567841000053 ], [ 2.382122755000069, 50.754989624000132 ], [ 2.411477565000098, 50.766735077000192 ], [ 2.403642178000041, 50.768878937000125 ], [ 2.404330968000011, 50.771636964000152 ], [ 2.374318124000126, 50.783027648000086 ], [ 2.369194508000021, 50.781925201000092 ], [ 2.365723849000176, 50.775474549000137 ], [ 2.360333443000059, 50.775390625000114 ], [ 2.340562582000132, 50.780906678000065 ], [ 2.319057942000029, 50.782440186000144 ], [ 2.312609672000121, 50.787204744000178 ], [ 2.288578271000119, 50.777038575000063 ], [ 2.28761839900011, 50.786815643000068 ], [ 2.273685932999967, 50.783233643000131 ], [ 2.254832982000153, 50.788032532000102 ], [ 2.226713180000047, 50.807823182000163 ], [ 2.213430405000111, 50.810546875000171 ], [ 2.208122969000101, 50.838085175000174 ], [ 2.20264720900002, 50.842941285000165 ], [ 2.203616379999971, 50.849712373000159 ], [ 2.19231987, 50.86118698100006 ], [ 2.188770056000124, 50.87464904899997 ], [ 2.141818762000071, 50.947475434000182 ], [ 2.135655165000173, 50.963092803000166 ], [ 2.125133752000124, 50.970134736000091 ], [ 2.12134146700015, 50.978950501000043 ], [ 2.109269857000186, 50.984169006000059 ], [ 2.110073329000045, 50.987716675000058 ], [ 2.088907242000175, 51.003532411000037 ], [ 2.067712068999981, 51.006504060000111 ], [ 2.093055964000087, 51.01041793800016 ], [ 2.094166041000165, 51.012916565000182 ], [ 2.091389894000031, 51.015693665000128 ], [ 2.09472203200005, 51.015693665000128 ], [ 2.09805607800007, 51.012638092000145 ], [ 2.126944065000089, 51.015693665000128 ], [ 2.144165992000126, 51.022640229000046 ], [ 2.142499924000106, 51.025417329000163 ], [ 2.14805603100001, 51.028751373000148 ], [ 2.14805603100001, 51.034305573000154 ], [ 2.163610935000065, 51.037918091999984 ], [ 2.164166926000178, 51.037082673000043 ], [ 2.150278091000189, 51.034305573000154 ], [ 2.15083408400011, 51.029861450000055 ], [ 2.160832881999966, 51.031528473000037 ], [ 2.15083408400011, 51.027915956000186 ], [ 2.151387930000112, 51.021526337000068 ], [ 2.153057098000033, 51.019859313000154 ], [ 2.15694499000017, 51.019859313000154 ], [ 2.161389113000098, 51.020416260000161 ], [ 2.16305494400018, 51.022914887000013 ], [ 2.170278072999963, 51.022083283000143 ], [ 2.16305494400018, 51.017639160000044 ], [ 2.169164896000154, 51.017082215000073 ], [ 2.170834064000076, 51.012638092000145 ], [ 2.175833940000018, 51.01041793800016 ], [ 2.178056002000062, 51.005416871000136 ], [ 2.177500009000141, 51.002361298000039 ], [ 2.182501078000143, 51.001251221000075 ], [ 2.184166908000122, 51.004306794000058 ], [ 2.182501078000143, 51.005138398000099 ], [ 2.17916607900014, 51.015972138000166 ], [ 2.18638897000011, 51.017639160000044 ], [ 2.190277100000117, 51.022083283000143 ], [ 2.178056002000062, 51.019306183000083 ], [ 2.176944017000153, 51.022083283000143 ], [ 2.174165965000157, 51.02319336000005 ], [ 2.192498922000084, 51.027637483000149 ], [ 2.194168090000176, 51.037639619000117 ], [ 2.192498922000084, 51.03985977300016 ], [ 2.181945085000052, 51.039585113000157 ], [ 2.171390057000167, 51.043750763000048 ], [ 2.161945105000086, 51.044303894000052 ], [ 2.172499894000055, 51.044303894000052 ], [ 2.182501078000143, 51.040416717000085 ], [ 2.193054915000175, 51.041805267000029 ], [ 2.19583392200002, 51.040695190000122 ], [ 2.200278043000083, 51.034584046000191 ], [ 2.206943988000148, 51.032638550000172 ], [ 2.214723110000079, 51.032917023000039 ], [ 2.2575, 51.042641000000174 ], [ 2.256944, 51.037361 ], [ 2.259166, 51.033474000000183 ], [ 2.260832, 51.033474000000183 ], [ 2.260278, 51.037083000000166 ], [ 2.261388, 51.037083000000166 ], [ 2.261944, 51.033749 ], [ 2.264185000000168, 51.033749 ], [ 2.263611000000139, 51.03653 ], [ 2.26472306300019, 51.036529542000039 ], [ 2.265832900000078, 51.032360077000135 ], [ 2.268054962000122, 51.032081604000098 ], [ 2.268054962000122, 51.037082673000043 ], [ 2.270277023000176, 51.038192750000178 ], [ 2.269722938000086, 51.041526794000163 ], [ 2.270833015, 51.042083740000066 ], [ 2.276390075000108, 51.042083740000066 ], [ 2.292500972000028, 51.046527863000165 ], [ 2.32805500000012, 51.05263900000017 ], [ 2.348055000000102, 51.047085000000152 ], [ 2.342501, 51.042641000000174 ], [ 2.349723, 51.046249000000103 ], [ 2.355833, 51.045696000000135 ], [ 2.353611, 51.042084000000102 ], [ 2.355833, 51.042362 ], [ 2.358056000000147, 51.045139 ], [ 2.360834000000125, 51.044861 ], [ 2.358056000000147, 51.042084000000102 ], [ 2.358612000000164, 51.040974 ], [ 2.364166000000125, 51.044029 ], [ 2.36583400000012, 51.042915000000107 ], [ 2.364166000000125, 51.039585000000102 ], [ 2.368056000000138, 51.040138000000184 ], [ 2.369166000000121, 51.039307000000179 ], [ 2.368056000000138, 51.03653 ], [ 2.369166000000121, 51.03653 ], [ 2.371389, 51.040417000000161 ], [ 2.367500000000121, 51.043194 ], [ 2.36861000000016, 51.044861 ], [ 2.358056000000147, 51.047638 ], [ 2.354167, 51.052361 ], [ 2.361390000000142, 51.053749000000153 ], [ 2.36583400000012, 51.049583 ], [ 2.382499, 51.049026 ], [ 2.41639, 51.054306 ], [ 2.494721889000118, 51.073749543000076 ], [ 2.546031475000177, 51.089397432000055 ], [ 2.559218406000127, 51.0700531 ], [ 2.575508834000118, 51.015922546000127 ], [ 2.572476149000067, 51.013095856 ], [ 2.578288317000101, 51.000019074000193 ], [ 2.606478215000038, 50.988906860000043 ], [ 2.629709244000082, 50.949333191000164 ], [ 2.630090237000047, 50.94580841100003 ], [ 2.590013026000065, 50.9190979010001 ], [ 2.59209656600018, 50.915946960999975 ], [ 2.606653213000129, 50.912700654000048 ], [ 2.60473442100016, 50.906410217000143 ], [ 2.608896016000131, 50.896289825000167 ], [ 2.607325077000098, 50.872592925000049 ], [ 2.611419916999978, 50.863597871000081 ], [ 2.59916091000008, 50.853302001000145 ], [ 2.599112750000188, 50.849815368000066 ], [ 2.614633082000182, 50.847667694000165 ], [ 2.616994858000055, 50.840892792000034 ], [ 2.624824285000102, 50.836063386000149 ], [ 2.634982824000133, 50.812755586000037 ], [ 2.654068708000125, 50.813251497000124 ], [ 2.670175315000108, 50.821037292000142 ], [ 2.682146311000054, 50.813926696000124 ], [ 2.719826459000046, 50.812053681000123 ], [ 2.723564864000025, 50.809501649000026 ], [ 2.725020170000164, 50.795726776000095 ], [ 2.73855590900007, 50.780590059000076 ], [ 2.754308225000102, 50.774604798000041 ], [ 2.760956049000185, 50.76926040800015 ], [ 2.75950264800008, 50.762527465 ], [ 2.782032729000036, 50.747692107000034 ], [ 2.791224717000148, 50.727527620000046 ], [ 2.813275338000039, 50.716949463999981 ], [ 2.848567724000134, 50.721759797 ], [ 2.870172977000152, 50.702915192000034 ], [ 2.856204272000127, 50.686027528000182 ], [ 2.834522963000097, 50.677181243000177 ], [ 2.817075014000181, 50.682739258000083 ], [ 2.8091878890001, 50.669372560000056 ], [ 2.796576023000057, 50.662963867000144 ], [ 2.769690513000057, 50.663623810000104 ], [ 2.759177446000024, 50.650684357000046 ], [ 2.792447329000026, 50.63366699200003 ], [ 2.78457856100016, 50.629245759000071 ], [ 2.764523983000174, 50.633346557000095 ], [ 2.760158777000129, 50.631443025000124 ], [ 2.750329018000116, 50.613441467000143 ], [ 2.751518011000144, 50.606891632000099 ] ] ], [ [ [ 2.345279000000119, 51.05513800000017 ], [ 2.344723000000101, 51.052361 ], [ 2.3375, 51.05402800000013 ], [ 2.343054, 51.056526 ], [ 2.345279000000119, 51.05513800000017 ] ] ] ] } },
{ "type": "Feature", "properties": { "country": "France", "name": "Saint-Omer", "type": "Arrondissement", "count": 1, "first_date": "2026-08-21", "last_date": "2026-08-21" }, "geometry": { "type": "Polygon", "coordinates": [ [ [ 2.192420005000031, 50.548782349000078 ], [ 2.20584869400011, 50.55482101400014 ], [ 2.191560745000174, 50.562797546000184 ], [ 2.167375327000173, 50.563919068000075 ], [ 2.158409596000013, 50.561599732000047 ], [ 2.150898457000039, 50.56329727200017 ], [ 2.151614188000167, 50.565986633000193 ], [ 2.132622003000051, 50.560012818000189 ], [ 2.131253719000142, 50.556823731000179 ], [ 2.09623527500014, 50.55239868100017 ], [ 2.095430135000129, 50.554870607000055 ], [ 2.07752943100013, 50.551418305000027 ], [ 2.063683987000161, 50.566368103000116 ], [ 2.042172432000086, 50.577045441 ], [ 2.03225755700015, 50.596374512000125 ], [ 2.034835338000164, 50.599452973000041 ], [ 2.02030062700004, 50.594890595000038 ], [ 2.019325257, 50.597896576000153 ], [ 2.006929398000125, 50.602203370000154 ], [ 2.020386457000086, 50.606395721000183 ], [ 2.029207945000053, 50.618473052000184 ], [ 2.017418385000155, 50.629077912000128 ], [ 2.007302761, 50.631134033000137 ], [ 2.003060817000062, 50.637256622000052 ], [ 1.995781063000095, 50.639255524000021 ], [ 1.99123692500018, 50.633617402000027 ], [ 1.981467128000133, 50.63523483299997 ], [ 1.968351603000031, 50.630683899000189 ], [ 1.964991928000131, 50.633483888000171 ], [ 1.94876706499997, 50.635330200000169 ], [ 1.939698458000066, 50.643753052000193 ], [ 1.950912356000117, 50.648155213 ], [ 1.950568677000035, 50.651084900000058 ], [ 1.939399839000146, 50.658557893000079 ], [ 1.944548965000024, 50.664131163999969 ], [ 1.974290729000074, 50.686023712000065 ], [ 1.983496308000156, 50.694637299000135 ], [ 1.982232333000127, 50.701221467000096 ], [ 1.965420603000155, 50.708568574000083 ], [ 1.967987656000048, 50.714996338000049 ], [ 1.966457009000123, 50.719306947000121 ], [ 1.958973289000141, 50.714820862000124 ], [ 1.943608046000065, 50.712852477000013 ], [ 1.91934120600007, 50.718029022000167 ], [ 1.910101771000029, 50.716484070000035 ], [ 1.910723685000164, 50.723644258000093 ], [ 1.899536371000181, 50.730937957000037 ], [ 1.894666315000109, 50.73698806800013 ], [ 1.920724034000045, 50.749656677000189 ], [ 1.929944396, 50.758350372000166 ], [ 1.928077220999967, 50.761642456000061 ], [ 1.936762453000085, 50.763721466000163 ], [ 1.946043015000043, 50.758377075000169 ], [ 1.944256544000098, 50.769973756000184 ], [ 1.956286073000058, 50.771926880000137 ], [ 1.966139317000113, 50.798442840000121 ], [ 1.967927576000022, 50.808532716000059 ], [ 1.952732444000105, 50.811923982000167 ], [ 1.941563010000152, 50.819080353000118 ], [ 1.92649936700019, 50.822708130000194 ], [ 1.914545654000108, 50.833721161000028 ], [ 1.918782710000187, 50.846141816 ], [ 1.915024399000174, 50.845615388000169 ], [ 1.915198922000172, 50.848022461000085 ], [ 1.941835046000108, 50.869819642000152 ], [ 1.940505743000188, 50.879684448000148 ], [ 1.949309347999986, 50.882522583000082 ], [ 1.956854702000101, 50.878425598000092 ], [ 1.984067559000096, 50.907726289000152 ], [ 1.962636352000118, 50.944175720000032 ], [ 1.970190524000031, 50.94899368300014 ], [ 1.991645337000023, 50.948432923999974 ], [ 1.994879126000171, 50.953563689000077 ], [ 1.981445312000119, 50.967395782000096 ], [ 1.979569674000174, 50.980602264000026 ], [ 1.972904086000028, 50.989624024000022 ], [ 1.974236489000077, 50.989784241000052 ], [ 1.971389054999975, 50.998195648000149 ], [ 1.979168057000038, 50.997360229000037 ], [ 1.98249995600014, 50.999027252000189 ], [ 1.988610030000132, 50.997917175000111 ], [ 2.01638793900014, 50.999584198000093 ], [ 2.024167061000071, 51.002082825000173 ], [ 2.073610068000107, 51.007637022999972 ], [ 2.075323581000077, 51.007408142000145 ], [ 2.067712068999981, 51.006504060000111 ], [ 2.088907242000175, 51.003532411000037 ], [ 2.110073329000045, 50.987716675000058 ], [ 2.109269857000186, 50.984169006000059 ], [ 2.12134146700015, 50.978950501000043 ], [ 2.125133752000124, 50.970134736000091 ], [ 2.135655165000173, 50.963092803000166 ], [ 2.141818762000071, 50.947475434000182 ], [ 2.188770056000124, 50.87464904899997 ], [ 2.19231987, 50.86118698100006 ], [ 2.203616379999971, 50.849712373000159 ], [ 2.20264720900002, 50.842941285000165 ], [ 2.208122969000101, 50.838085175000174 ], [ 2.213430405000111, 50.810546875000171 ], [ 2.226713180000047, 50.807823182000163 ], [ 2.254832982000153, 50.788032532000102 ], [ 2.273685932999967, 50.783233643000131 ], [ 2.28761839900011, 50.786815643000068 ], [ 2.288578271000119, 50.777038575000063 ], [ 2.312609672000121, 50.787204744000178 ], [ 2.319057942000029, 50.782440186000144 ], [ 2.340562582000132, 50.780906678000065 ], [ 2.360333443000059, 50.775390625000114 ], [ 2.365723849000176, 50.775474549000137 ], [ 2.369194508000021, 50.781925201000092 ], [ 2.374318124000126, 50.783027648000086 ], [ 2.404330968000011, 50.771636964000152 ], [ 2.403642178000041, 50.768878937000125 ], [ 2.411477565000098, 50.766735077000192 ], [ 2.382122755000069, 50.754989624000132 ], [ 2.363636256000177, 50.751567841000053 ], [ 2.342194796000172, 50.740699767000194 ], [ 2.339682578000122, 50.730670930000031 ], [ 2.347722053000155, 50.727806091000048 ], [ 2.355647802000021, 50.716129303000116 ], [ 2.386166572000093, 50.698577881000062 ], [ 2.363524675000122, 50.68464279300008 ], [ 2.377302409000038, 50.671684266 ], [ 2.398590564000074, 50.680538178 ], [ 2.403682710000055, 50.679916381000169 ], [ 2.41451096500009, 50.669433595000044 ], [ 2.416134358000022, 50.665832519000162 ], [ 2.421531916000049, 50.66551589900007 ], [ 2.430187464000142, 50.656799316000161 ], [ 2.450821639000083, 50.653446197999983 ], [ 2.473182679000161, 50.638599395000028 ], [ 2.467799423999963, 50.633884429000148 ], [ 2.452523471000177, 50.634605408000027 ], [ 2.42151379500001, 50.627895356000124 ], [ 2.379626035000058, 50.621940612 ], [ 2.371683598000061, 50.626434325000162 ], [ 2.347371579000139, 50.625518800000123 ], [ 2.338689567000131, 50.628055573000154 ], [ 2.298145294000051, 50.609409332000041 ], [ 2.301548718999982, 50.607074738000165 ], [ 2.305436611000175, 50.588027955000086 ], [ 2.319339513000159, 50.584754944999986 ], [ 2.323450327999979, 50.578891755000029 ], [ 2.316628218000062, 50.551918031000184 ], [ 2.321449994000034, 50.546413423 ], [ 2.326359034000177, 50.545902252000076 ], [ 2.334461689000079, 50.536102295000035 ], [ 2.334504603000084, 50.532859803000179 ], [ 2.317801238000129, 50.525661468000123 ], [ 2.322468997000101, 50.519924164000031 ], [ 2.312776805000169, 50.518264771000133 ], [ 2.293148995000081, 50.508396149000191 ], [ 2.27869868300013, 50.513885499000025 ], [ 2.26733851400013, 50.520622254000045 ], [ 2.261627913000098, 50.51927947900009 ], [ 2.251771689000122, 50.521221160000039 ], [ 2.235599279000098, 50.533859252000184 ], [ 2.226721048000115, 50.531490326000096 ], [ 2.213856220000082, 50.533767700000055 ], [ 2.214124680000111, 50.542739868000069 ], [ 2.199844598000027, 50.54343795800014 ], [ 2.192420005000031, 50.548782349000078 ] ] ] } }
]
}
